method,seed,k,gmm_seed,partition,n,ari,mapped_tag_agreement,converged,iterations,agreement_low,agreement_high
endpoint_pca,-1,3,0,test,9267,0.633722845286003,0.8538901478364087,True,9,0.846760055805082,0.8609306335332749
endpoint_pca,-1,3,0,run_test,5839,0.625828428004742,0.852714505908546,True,9,0.8434125261135091,0.8617022156762695
endpoint_pca,-1,3,1,test,9267,0.633479474994438,0.853782238048991,True,9,,
endpoint_pca,-1,3,1,run_test,5839,0.6251564982678643,0.8523719815036821,True,9,,
endpoint_pca,-1,3,2,test,9267,0.633722845286003,0.8538901478364087,True,9,,
endpoint_pca,-1,3,2,run_test,5839,0.625828428004742,0.852714505908546,True,9,,
endpoint_pca,-1,8,0,test,9267,0.2995000182666671,0.8394302363224344,True,48,,
endpoint_pca,-1,8,0,run_test,5839,0.310567347089262,0.8398698407261518,True,48,,
endpoint_pca,-1,8,1,test,9267,0.3751215520529035,0.8309053631164347,True,20,,
endpoint_pca,-1,8,1,run_test,5839,0.3931320974580705,0.8379859564994006,True,20,,
endpoint_pca,-1,8,2,test,9267,0.3756925331759106,0.8337110175892953,True,17,,
endpoint_pca,-1,8,2,run_test,5839,0.3939201296125552,0.8395273163212879,True,17,,
endpoint_pca,-1,15,0,test,9267,0.2025825164269656,0.828855077155498,True,30,,
endpoint_pca,-1,15,0,run_test,5839,0.2055444429547516,0.8386710053091283,True,30,,
endpoint_pca,-1,15,1,test,9267,0.203036657830637,0.8298262652422574,True,29,,
endpoint_pca,-1,15,1,run_test,5839,0.2055711309576734,0.8388422675115602,True,29,,
endpoint_pca,-1,15,2,test,9267,0.1945153078688953,0.8525952303873962,True,64,,
endpoint_pca,-1,15,2,run_test,5839,0.1980589399133016,0.8545983901352971,True,64,,
endpoint_pca,-1,25,0,test,9267,0.1447066822569273,0.8574511708211935,True,32,,
endpoint_pca,-1,25,0,run_test,5839,0.1455730397291804,0.852543243706114,True,32,,
endpoint_pca,-1,25,1,test,9267,0.1509005829908421,0.8531347793244848,True,58,,
endpoint_pca,-1,25,1,run_test,5839,0.1532588470732285,0.8494605240623394,True,58,,
endpoint_pca,-1,25,2,test,9267,0.1361469044904348,0.8560483435847631,True,79,,
endpoint_pca,-1,25,2,run_test,5839,0.133637206946334,0.8537420791231375,True,79,,
endpoint_pca,-1,37,0,test,9267,0.0990417985842846,0.8514082227258012,True,47,,
endpoint_pca,-1,37,0,run_test,5839,0.1006782080898522,0.848090426442884,True,47,,
endpoint_pca,-1,37,1,test,9267,0.1050430241269989,0.853782238048991,True,47,,
endpoint_pca,-1,37,1,run_test,5839,0.1046519426188813,0.8486042130501799,True,47,,
endpoint_pca,-1,37,2,test,9267,0.1151385645407552,0.8523794108125607,True,46,,
endpoint_pca,-1,37,2,run_test,5839,0.1159362262663805,0.8539133413255694,True,46,,
endpoint_pca,-1,50,0,test,9267,0.0926188879721266,0.853782238048991,True,51,,
endpoint_pca,-1,50,0,run_test,5839,0.0939455547164133,0.8551121767425929,True,51,,
endpoint_pca,-1,50,1,test,9267,0.092163670227543,0.8596093665695479,True,42,,
endpoint_pca,-1,50,1,run_test,5839,0.091052642013893,0.8623051892447336,True,42,,
endpoint_pca,-1,50,2,test,9267,0.0889502110366915,0.8575590806086112,True,38,,
endpoint_pca,-1,50,2,run_test,5839,0.0884347786725954,0.846035280013701,True,38,,
random,0,3,0,test,9267,0.371263117172308,0.702600625876767,True,11,0.6937554868415228,0.7122272379184724
random,0,3,0,run_test,5839,0.3501236132768267,0.676314437403665,True,11,0.6645060179040481,0.6880894220978813
random,0,3,1,test,9267,0.3723149879522834,0.7032480846012733,True,11,,
random,0,3,1,run_test,5839,0.3516692639023551,0.6768282240109608,True,11,,
random,0,3,2,test,9267,0.3723149879522834,0.7032480846012733,True,11,,
random,0,3,2,run_test,5839,0.351751277794765,0.6769994862133927,True,11,,
random,0,8,0,test,9267,0.219757748378938,0.6846876011654257,True,24,,
random,0,8,0,run_test,5839,0.233137752459656,0.6543928754923788,True,24,,
random,0,8,1,test,9267,0.2075292530310881,0.6840401424409194,True,44,,
random,0,8,1,run_test,5839,0.2169406668278274,0.6612433635896557,True,44,,
random,0,8,2,test,9267,0.2189893468435412,0.6772418258336032,True,24,,
random,0,8,2,run_test,5839,0.230179424849362,0.6499400582291488,True,24,,
random,0,15,0,test,9267,0.135804551068619,0.7005503399158304,True,35,,
random,0,15,0,run_test,5839,0.1509579219890125,0.6840212365131015,True,35,,
random,0,15,1,test,9267,0.136332607914833,0.6976367756555519,True,36,,
random,0,15,1,run_test,5839,0.1524983407667873,0.6792258948450077,True,36,,
random,0,15,2,test,9267,0.137648003864607,0.6877090752131219,True,46,,
random,0,15,2,run_test,5839,0.1548306245165192,0.6758006507963692,True,46,,
random,0,25,0,test,9267,0.1082398664741068,0.7086435739721593,True,32,,
random,0,25,0,run_test,5839,0.1159671152883907,0.6910429868128104,True,32,,
random,0,25,1,test,9267,0.1051825847313504,0.7063774684363872,True,29,,
random,0,25,1,run_test,5839,0.1150043898705392,0.6835074499058058,True,29,,
random,0,25,2,test,9267,0.1048184578635153,0.708751483759577,True,35,,
random,0,25,2,run_test,5839,0.1167185276829279,0.6907004624079466,True,35,,
random,0,37,0,test,9267,0.0929334244681183,0.7022768965145139,True,33,,
random,0,37,0,run_test,5839,0.1030713703550251,0.6809385168693269,True,33,,
random,0,37,1,test,9267,0.0698501402423918,0.7092910326966656,True,52,,
random,0,37,1,run_test,5839,0.0744815651411327,0.6883027915738996,True,52,,
random,0,37,2,test,9267,0.0795950597749675,0.71144922844502,True,32,,
random,0,37,2,run_test,5839,0.0850591566025103,0.6903579380030828,True,32,,
random,0,50,0,test,9267,0.0669410190865855,0.7064853782238049,True,42,,
random,0,50,0,run_test,5839,0.0724944593037474,0.6910429868128104,True,42,,
random,0,50,1,test,9267,0.0570569191602048,0.6989316931045646,True,39,,
random,0,50,1,run_test,5839,0.0619623556604123,0.6787121082377119,True,39,,
random,0,50,2,test,9267,0.0753333707708957,0.699902881191324,True,41,,
random,0,50,2,run_test,5839,0.0809696603076974,0.6754581263915054,True,41,,
fulltrack_pca,-1,3,0,test,9267,0.5371506645307634,0.8086759469083846,True,14,0.800998603483865,0.8162588413006021
fulltrack_pca,-1,3,0,run_test,5839,0.542953892743381,0.8153793457783867,True,14,0.8052739728497569,0.8246789354760238
fulltrack_pca,-1,3,1,test,9267,0.5371506645307634,0.8086759469083846,True,14,,
fulltrack_pca,-1,3,1,run_test,5839,0.542953892743381,0.8153793457783867,True,14,,
fulltrack_pca,-1,3,2,test,9267,0.5359879475846473,0.8080284881838783,True,17,,
fulltrack_pca,-1,3,2,run_test,5839,0.5421533486766127,0.8150368213735228,True,17,,
fulltrack_pca,-1,8,0,test,9267,0.3969645858028007,0.8175245494766376,True,23,,
fulltrack_pca,-1,8,0,run_test,5839,0.4022239162583551,0.8217160472683679,True,23,,
fulltrack_pca,-1,8,1,test,9267,0.3996403470274633,0.8186036473508147,True,29,,
fulltrack_pca,-1,8,1,run_test,5839,0.4077878352483483,0.8203459496489125,True,29,,
fulltrack_pca,-1,8,2,test,9267,0.3970575496160176,0.8179561886263084,True,23,,
fulltrack_pca,-1,8,2,run_test,5839,0.4022925515087645,0.8213735228635041,True,23,,
fulltrack_pca,-1,15,0,test,9267,0.2399182746796675,0.8489262976151937,True,34,,
fulltrack_pca,-1,15,0,run_test,5839,0.2458729417739382,0.8462065422161329,True,34,,
fulltrack_pca,-1,15,1,test,9267,0.2679982343146912,0.8463364627171684,True,50,,
fulltrack_pca,-1,15,1,run_test,5839,0.2704748930783399,0.843637609179654,True,50,,
fulltrack_pca,-1,15,2,test,9267,0.2755454592855859,0.8333872882270422,True,57,,
fulltrack_pca,-1,15,2,run_test,5839,0.2773749464566711,0.8210309984586401,True,57,,
fulltrack_pca,-1,25,0,test,9267,0.1934409108632571,0.8559404337973454,True,41,,
fulltrack_pca,-1,25,0,run_test,5839,0.1949248067081844,0.8513444082890906,True,41,,
fulltrack_pca,-1,25,1,test,9267,0.1855810128348042,0.8469839214416748,True,40,,
fulltrack_pca,-1,25,1,run_test,5839,0.1886588210516342,0.846035280013701,True,40,,
fulltrack_pca,-1,25,2,test,9267,0.1925581029932815,0.8496816661271177,True,41,,
fulltrack_pca,-1,25,2,run_test,5839,0.1963307830126626,0.8455214934064053,True,41,,
fulltrack_pca,-1,37,0,test,9267,0.1365238617621198,0.8661918636020287,True,45,,
fulltrack_pca,-1,37,0,run_test,5839,0.1389331367585113,0.866072957698236,True,45,,
fulltrack_pca,-1,37,1,test,9267,0.1456112741909865,0.8736376389338513,True,40,,
fulltrack_pca,-1,37,1,run_test,5839,0.1452709234491183,0.866072957698236,True,40,,
fulltrack_pca,-1,37,2,test,9267,0.1433254510422465,0.8693212474371426,True,33,,
fulltrack_pca,-1,37,2,run_test,5839,0.1460718731779985,0.8691556773420106,True,33,,
fulltrack_pca,-1,50,0,test,9267,0.1127916872127368,0.8810834142656739,True,42,,
fulltrack_pca,-1,50,0,run_test,5839,0.1154557589856491,0.8751498544271279,True,42,,
fulltrack_pca,-1,50,1,test,9267,0.1171273264437219,0.8735297291464336,True,39,,
fulltrack_pca,-1,50,1,run_test,5839,0.1182068095108739,0.8700119883541703,True,39,,
fulltrack_pca,-1,50,2,test,9267,0.1176461992565109,0.8803280457537499,True,33,,
fulltrack_pca,-1,50,2,run_test,5839,0.119912065537659,0.8780613118684706,True,33,,
vae,2,3,0,test,9267,0.4203680208503578,0.7492176540412215,True,20,0.7395612797434263,0.7575803939742379
vae,2,3,0,run_test,5839,0.3855225952349657,0.7318033909916082,True,20,0.7223545853438327,0.7426501499173812
vae,2,3,1,test,9267,0.4203680208503578,0.7492176540412215,True,20,,
vae,2,3,1,run_test,5839,0.3855225952349657,0.7318033909916082,True,20,,
vae,2,3,2,test,9267,0.4203680208503578,0.7492176540412215,True,20,,
vae,2,3,2,run_test,5839,0.3855225952349657,0.7318033909916082,True,20,,
vae,2,8,0,test,9267,0.2917843830178636,0.7739289953598791,True,30,,
vae,2,8,0,run_test,5839,0.2978838791412914,0.7727350573728378,True,30,,
vae,2,8,1,test,9267,0.2751015919547572,0.7539656846876012,True,43,,
vae,2,8,1,run_test,5839,0.2809416566089653,0.7420791231375236,True,43,,
vae,2,8,2,test,9267,0.2753738844026266,0.7540735944750189,True,48,,
vae,2,8,2,run_test,5839,0.2817224653173627,0.7427641719472512,True,48,,
vae,2,15,0,test,9267,0.2388651323873777,0.8157979928779541,True,49,,
vae,2,15,0,run_test,5839,0.2496732236168652,0.8186333276245933,True,49,,
vae,2,15,1,test,9267,0.187075598727215,0.8128844286176756,True,79,,
vae,2,15,1,run_test,5839,0.1965886958462391,0.8165781811954101,True,79,,
vae,2,15,2,test,9267,0.2408228040143276,0.8109420524441567,True,55,,
vae,2,15,2,run_test,5839,0.2497398173373716,0.8073300222640863,True,55,,
vae,2,25,0,test,9267,0.1635015978269841,0.8261573324700551,True,71,,
vae,2,25,0,run_test,5839,0.1684184167934954,0.8290803219729406,True,71,,
vae,2,25,1,test,9267,0.146166463593243,0.8148268047911945,True,47,,
vae,2,25,1,run_test,5839,0.1535970948749448,0.8179482788148655,True,47,,
vae,2,25,2,test,9267,0.1693904209186151,0.8175245494766376,True,71,,
vae,2,25,2,run_test,5839,0.1747815045580218,0.8138379859564994,True,71,,
vae,2,37,0,test,9267,0.1198040786157758,0.8193590158627387,True,115,,
vae,2,37,0,run_test,5839,0.125180791384041,0.8165781811954101,True,115,,
vae,2,37,1,test,9267,0.1361369562060753,0.8200064745872451,True,40,,
vae,2,37,1,run_test,5839,0.1428758519607918,0.8251412913170063,True,40,,
vae,2,37,2,test,9267,0.134065989674732,0.8202222941620805,True,47,,
vae,2,37,2,run_test,5839,0.1435017388282677,0.821544785065936,True,47,,
vae,2,50,0,test,9267,0.0991283551682503,0.8223804899104349,True,59,,
vae,2,50,0,run_test,5839,0.1030816097255018,0.8266826511388936,True,59,,
vae,2,50,1,test,9267,0.1099191267940983,0.8230279486349412,True,84,,
vae,2,50,1,run_test,5839,0.1173486151876648,0.8234286692926871,True,84,,
vae,2,50,2,test,9267,0.0930532168875459,0.8293946260925866,True,89,,
vae,2,50,2,run_test,5839,0.0975909962904587,0.8265113889364617,True,89,,
random,1,3,0,test,9267,0.3346005256521426,0.668069493903097,True,17,0.6589344057769605,0.6778824773505543
random,1,3,0,run_test,5839,0.3290059115448216,0.6668950162699092,True,17,0.6556869091359682,0.6777349607330617
random,1,3,1,test,9267,0.3345095715652899,0.6677457645408439,True,17,,
random,1,3,1,run_test,5839,0.3287818943334089,0.6665524918650454,True,17,,
random,1,3,2,test,9267,0.3346298806857112,0.6679615841156793,True,17,,
random,1,3,2,run_test,5839,0.3287542504180922,0.6665524918650454,True,17,,
random,1,8,0,test,9267,0.2353561566132527,0.6825294054170713,True,36,,
random,1,8,0,run_test,5839,0.2358068440896972,0.6463435519780785,True,36,,
random,1,8,1,test,9267,0.24504149191289,0.684579691378008,True,31,,
random,1,8,1,run_test,5839,0.2525816058660309,0.6400068504880972,True,31,,
random,1,8,2,test,9267,0.246988081531304,0.6861983381892738,True,28,,
random,1,8,2,run_test,5839,0.2540079288174026,0.6417194725124165,True,28,,
random,1,15,0,test,9267,0.1235837108377771,0.7327074565663105,True,55,,
random,1,15,0,run_test,5839,0.1337545853224424,0.7288919335502655,True,55,,
random,1,15,1,test,9267,0.1259648742333629,0.7220243876119564,True,55,,
random,1,15,1,run_test,5839,0.1319776518551939,0.7016612433635897,True,55,,
random,1,15,2,test,9267,0.1174025398503189,0.7063774684363872,True,60,,
random,1,15,2,run_test,5839,0.1259421190455371,0.692070560027402,True,60,,
random,1,25,0,test,9267,0.090689796996383,0.7381029459371965,True,33,,
random,1,25,0,run_test,5839,0.0947157837964779,0.7228977564651481,True,33,,
random,1,25,1,test,9267,0.094109847330103,0.7254775008093234,True,31,,
random,1,25,1,run_test,5839,0.0981457353512576,0.707655420448707,True,31,,
random,1,25,2,test,9267,0.0950141395521291,0.7305492608179562,True,38,,
random,1,25,2,run_test,5839,0.0979993815322615,0.7091967802705943,True,38,,
random,1,37,0,test,9267,0.0742465102004229,0.7295780727311967,True,34,,
random,1,37,0,run_test,5839,0.0750719653711782,0.7033738653879089,True,34,,
random,1,37,1,test,9267,0.0728703073608423,0.7335707348656523,True,45,,
random,1,37,1,run_test,5839,0.0771565578411039,0.7240965918821716,True,45,,
random,1,37,2,test,9267,0.0670120842306754,0.7347577425272472,True,33,,
random,1,37,2,run_test,5839,0.0703166005195997,0.7261517383113547,True,33,,
random,1,50,0,test,9267,0.0614552102407179,0.7197582820761843,True,38,,
random,1,50,0,run_test,5839,0.0636890363725488,0.6980647371125193,True,38,,
random,1,50,1,test,9267,0.0591624719645981,0.7315204489047157,True,42,,
random,1,50,1,run_test,5839,0.0617229257028318,0.725466689501627,True,42,,
random,1,50,2,test,9267,0.0636959440375954,0.7214848386748678,True,37,,
random,1,50,2,run_test,5839,0.0676832079981356,0.6996060969344066,True,37,,
fulltrack,-1,3,0,test,9267,0.5987280950342491,0.8381353188734219,True,29,0.8305303965214165,0.8462933193176563
fulltrack,-1,3,0,run_test,5839,0.5872731186999387,0.8366158588799452,True,29,0.8261685073047369,0.8457428973495258
fulltrack,-1,3,1,test,9267,0.5987280950342491,0.8381353188734219,True,29,,
fulltrack,-1,3,1,run_test,5839,0.5872731186999387,0.8366158588799452,True,29,,
fulltrack,-1,3,2,test,9267,0.5984892512777565,0.8380274090860041,True,30,,
fulltrack,-1,3,2,run_test,5839,0.5861220683353694,0.8361020722726494,True,30,,
fulltrack,-1,8,0,test,9267,0.4046096563380157,0.839969785259523,True,27,,
fulltrack,-1,8,0,run_test,5839,0.4096129565553745,0.8477479020380202,True,27,,
fulltrack,-1,8,1,test,9267,0.3893794822597445,0.8283155282184094,True,45,,
fulltrack,-1,8,1,run_test,5839,0.3958765524565957,0.832676828224011,True,45,,
fulltrack,-1,8,2,test,9267,0.3895143226120927,0.8282076184309917,True,47,,
fulltrack,-1,8,2,run_test,5839,0.395726858594658,0.8323343038191471,True,47,,
fulltrack,-1,15,0,test,9267,0.2972729396176409,0.8655444048775224,True,107,,
fulltrack,-1,15,0,run_test,5839,0.3061846715536536,0.8605925672204144,True,107,,
fulltrack,-1,15,1,test,9267,0.3071157410831063,0.8520556814503075,True,42,,
fulltrack,-1,15,1,run_test,5839,0.311698998392139,0.8470628532282926,True,42,,
fulltrack,-1,15,2,test,9267,0.2774020608052609,0.8433149886694723,True,68,,
fulltrack,-1,15,2,run_test,5839,0.288813294545774,0.8479191642404521,True,68,,
fulltrack,-1,25,0,test,9267,0.2207549126037583,0.8746088270206108,True,51,,
fulltrack,-1,25,0,run_test,5839,0.2257304544699982,0.8626477136495976,True,51,,
fulltrack,-1,25,1,test,9267,0.2235036765305035,0.8677026006258768,True,39,,
fulltrack,-1,25,1,run_test,5839,0.2234141830426828,0.8641890734714849,True,39,,
fulltrack,-1,25,2,test,9267,0.2013135788258866,0.8769828423438005,True,67,,
fulltrack,-1,25,2,run_test,5839,0.2031177110812964,0.8739510190101045,True,67,,
fulltrack,-1,37,0,test,9267,0.178604200178444,0.8794647674544082,True,77,,
fulltrack,-1,37,0,run_test,5839,0.1872924394358248,0.8742935434149683,True,77,,
fulltrack,-1,37,1,test,9267,0.1821852805882742,0.8824862415021042,True,77,,
fulltrack,-1,37,1,run_test,5839,0.1909452777099889,0.8768624764514472,True,77,,
fulltrack,-1,37,2,test,9267,0.1697384931445391,0.8846444372504586,True,38,,
fulltrack,-1,37,2,run_test,5839,0.1761689315058544,0.8746360678198322,True,38,,
fulltrack,-1,50,0,test,9267,0.1293882600841478,0.8871263623610661,True,46,,
fulltrack,-1,50,0,run_test,5839,0.136658706001462,0.8835417023462921,True,46,,
fulltrack,-1,50,1,test,9267,0.1345351757751924,0.8858314449120536,True,51,,
fulltrack,-1,50,1,run_test,5839,0.1421155241032917,0.8784038362733345,True,51,,
fulltrack,-1,50,2,test,9267,0.1323853035397761,0.8794647674544082,True,52,,
fulltrack,-1,50,2,run_test,5839,0.1406154477802334,0.8696694639493064,True,52,,
active_mask_ae,0,3,0,test,9267,0.3011475650719623,0.6587892521851731,True,31,0.6478470161516648,0.6693605713151592
active_mask_ae,0,3,0,run_test,5839,0.2806130130941137,0.6465148141805104,True,31,0.6360038912930012,0.6590375215283406
active_mask_ae,0,3,1,test,9267,0.2999665468729415,0.6567389662242366,True,28,,
active_mask_ae,0,3,1,run_test,5839,0.2795699597826804,0.6449734543586231,True,28,,
active_mask_ae,0,3,2,test,9267,0.2999665468729415,0.6567389662242366,True,28,,
active_mask_ae,0,3,2,run_test,5839,0.2799546140002211,0.645144716561055,True,28,,
active_mask_ae,0,8,0,test,9267,0.2548610983833969,0.7761951008956512,True,38,,
active_mask_ae,0,8,0,run_test,5839,0.2651647523058815,0.7672546668950163,True,38,,
active_mask_ae,0,8,1,test,9267,0.2542954039090898,0.7761951008956512,True,37,,
active_mask_ae,0,8,1,run_test,5839,0.2643592800779019,0.7662270936804247,True,37,,
active_mask_ae,0,8,2,test,9267,0.2910869653961674,0.7784612064314234,True,31,,
active_mask_ae,0,8,2,run_test,5839,0.2966467175535973,0.7533824284980305,True,31,,
active_mask_ae,0,15,0,test,9267,0.1690111265262129,0.813100248192511,True,27,,
active_mask_ae,0,15,0,run_test,5839,0.1783443387917881,0.8056174002397671,True,27,,
active_mask_ae,0,15,1,test,9267,0.1692755427865984,0.8079205783964606,True,40,,
active_mask_ae,0,15,1,run_test,5839,0.177983091531706,0.8020208939886967,True,40,,
active_mask_ae,0,15,2,test,9267,0.1675163814101902,0.8047911945613467,True,30,,
active_mask_ae,0,15,2,run_test,5839,0.174191866492142,0.7956841924987156,True,30,,
active_mask_ae,0,25,0,test,9267,0.1127053920006259,0.8129923384050933,True,44,,
active_mask_ae,0,25,0,run_test,5839,0.1210326313348472,0.8092139064908375,True,44,,
active_mask_ae,0,25,1,test,9267,0.1338932114054068,0.8059782022229416,True,43,,
active_mask_ae,0,25,1,run_test,5839,0.1414293817955533,0.8009933207741051,True,43,,
active_mask_ae,0,25,2,test,9267,0.118960969929171,0.8119132405309162,True,52,,
active_mask_ae,0,25,2,run_test,5839,0.1264543373320135,0.8100702175029971,True,52,,
active_mask_ae,0,37,0,test,9267,0.0948967676986898,0.8191431962879033,True,36,,
active_mask_ae,0,37,0,run_test,5839,0.1037871058298594,0.8208597362562082,True,36,,
active_mask_ae,0,37,1,test,9267,0.0950689373839788,0.8211934822488399,True,43,,
active_mask_ae,0,37,1,run_test,5839,0.1012789534512825,0.816920705600274,True,43,,
active_mask_ae,0,37,2,test,9267,0.0860054085341816,0.8213013920362577,True,49,,
active_mask_ae,0,37,2,run_test,5839,0.0933347582800375,0.8193183764343209,True,49,,
active_mask_ae,0,50,0,test,9267,0.0779950810284104,0.8127765188302579,True,41,,
active_mask_ae,0,50,0,run_test,5839,0.0828934535949182,0.8153793457783867,True,41,,
active_mask_ae,0,50,1,test,9267,0.0823828200012177,0.8286392575806626,True,47,,
active_mask_ae,0,50,1,run_test,5839,0.0886322038932409,0.823599931495119,True,47,,
active_mask_ae,0,50,2,test,9267,0.0742497171177572,0.8149347145786123,True,38,,
active_mask_ae,0,50,2,run_test,5839,0.0804655631005046,0.8164069189929782,True,38,,
ae,2,3,0,test,9267,0.429366024487969,0.7552606021366138,True,22,0.745038389852561,0.7637389100018819
ae,2,3,0,run_test,5839,0.3912994358199804,0.7357424216475423,True,22,0.7264094024201587,0.747180357445686
ae,2,3,1,test,9267,0.4340523740669662,0.7569871587352973,True,20,,
ae,2,3,1,run_test,5839,0.3947035224870856,0.7369412570645658,True,20,,
ae,2,3,2,test,9267,0.4338879676127291,0.7569871587352973,True,20,,
ae,2,3,2,run_test,5839,0.3947035224870856,0.7369412570645658,True,20,,
ae,2,8,0,test,9267,0.2911292527073018,0.783964605589727,True,56,,
ae,2,8,0,run_test,5839,0.3091956660143067,0.7908888508306217,True,56,,
ae,2,8,1,test,9267,0.2895038461435198,0.7831013272903853,True,39,,
ae,2,8,1,run_test,5839,0.3071349871971489,0.7883199177941428,True,39,,
ae,2,8,2,test,9267,0.2905360850271802,0.7822380489910434,True,48,,
ae,2,8,2,run_test,5839,0.3095041054154787,0.7908888508306217,True,48,,
ae,2,15,0,test,9267,0.189452192982902,0.788173087299018,True,67,,
ae,2,15,0,run_test,5839,0.1970137168616412,0.7926014728549409,True,67,,
ae,2,15,1,test,9267,0.2023022241432691,0.7966979605050178,True,62,,
ae,2,15,1,run_test,5839,0.2092188378596611,0.7920876862476451,True,62,,
ae,2,15,2,test,9267,0.1867553527085954,0.783209237077803,True,84,,
ae,2,15,2,run_test,5839,0.198957098249134,0.7866072957698236,True,84,,
ae,2,25,0,test,9267,0.1608349065615741,0.8173087299018021,True,68,,
ae,2,25,0,run_test,5839,0.1651767333938034,0.8217160472683679,True,68,,
ae,2,25,1,test,9267,0.1206511415352206,0.8114816013812453,True,72,,
ae,2,25,1,run_test,5839,0.1234703970122766,0.8090426442884056,True,72,,
ae,2,25,2,test,9267,0.1557021234720506,0.8141793460666883,True,77,,
ae,2,25,2,run_test,5839,0.1663639101044412,0.8193183764343209,True,77,,
ae,2,37,0,test,9267,0.1178638938379111,0.823459587784612,True,51,,
ae,2,37,0,run_test,5839,0.1242368272619123,0.8271964377461895,True,51,,
ae,2,37,1,test,9267,0.1225346927725662,0.8344663861012194,True,91,,
ae,2,37,1,run_test,5839,0.1252999936600755,0.8299366329851002,True,91,,
ae,2,37,2,test,9267,0.1149252633146171,0.8276680694939031,True,74,,
ae,2,37,2,run_test,5839,0.1180642586546516,0.8282240109607809,True,74,,
ae,2,50,0,test,9267,0.1065505775545263,0.8314449120535232,True,68,,
ae,2,50,0,run_test,5839,0.1113686737244976,0.8287377975680768,True,68,,
ae,2,50,1,test,9267,0.1099993953304698,0.825401963958131,True,71,,
ae,2,50,1,run_test,5839,0.117672535750707,0.8253125535194382,True,71,,
ae,2,50,2,test,9267,0.0956577926491744,0.8228121290601057,True,62,,
ae,2,50,2,run_test,5839,0.0994523739556293,0.819147114231889,True,62,,
active_mask_ae,1,3,0,test,9267,0.352793360723022,0.6865220675515269,True,25,0.6775565662718698,0.6963845798525213
active_mask_ae,1,3,0,run_test,5839,0.3243804076105743,0.6660387052577497,True,25,0.6550460938457003,0.6783308296793862
active_mask_ae,1,3,1,test,9267,0.3318778565334337,0.6721700658249703,True,26,,
active_mask_ae,1,3,1,run_test,5839,0.3089978824009101,0.6261346120911115,True,26,,
active_mask_ae,1,3,2,test,9267,0.3317032772344411,0.6721700658249703,True,25,,
active_mask_ae,1,3,2,run_test,5839,0.3093091312867076,0.6263058742935435,True,25,,
active_mask_ae,1,8,0,test,9267,0.2893851133767894,0.7706917017373476,True,40,,
active_mask_ae,1,8,0,run_test,5839,0.3011869202112528,0.772221270765542,True,40,,
active_mask_ae,1,8,1,test,9267,0.2792015674888717,0.7534261357505125,True,36,,
active_mask_ae,1,8,1,run_test,5839,0.2878124579767948,0.7479020380202089,True,36,,
active_mask_ae,1,8,2,test,9267,0.2789557239390656,0.7537498651127658,True,35,,
active_mask_ae,1,8,2,run_test,5839,0.2882283885608461,0.7487583490323686,True,35,,
active_mask_ae,1,15,0,test,9267,0.1520664321492932,0.7920578396460559,True,54,,
active_mask_ae,1,15,0,run_test,5839,0.1620821243853677,0.7931152594622367,True,54,,
active_mask_ae,1,15,1,test,9267,0.1514333113321192,0.7777058379194993,True,50,,
active_mask_ae,1,15,1,run_test,5839,0.1602961991411806,0.7833533139236171,True,50,,
active_mask_ae,1,15,2,test,9267,0.1436528270198371,0.7895759145354484,True,41,,
active_mask_ae,1,15,2,run_test,5839,0.1551978868872501,0.7845521493406405,True,41,,
active_mask_ae,1,25,0,test,9267,0.1159512073040617,0.7861228013380813,True,48,,
active_mask_ae,1,25,0,run_test,5839,0.1214418991605063,0.7905463264257578,True,48,,
active_mask_ae,1,25,1,test,9267,0.1200828463068018,0.8009064422143088,True,50,,
active_mask_ae,1,25,1,run_test,5839,0.1259422450874761,0.7980818633327624,True,50,,
active_mask_ae,1,25,2,test,9267,0.1014745542585144,0.7906550124096255,True,65,,
active_mask_ae,1,25,2,run_test,5839,0.1086779170597803,0.7979106011303305,True,65,,
active_mask_ae,1,37,0,test,9267,0.0949371091243479,0.8164454516024603,True,69,,
active_mask_ae,1,37,0,run_test,5839,0.10230478852529,0.8261688645315979,True,69,,
active_mask_ae,1,37,1,test,9267,0.0946224842342205,0.8180640984137261,True,63,,
active_mask_ae,1,37,1,run_test,5839,0.1032810900001472,0.8270251755437575,True,63,,
active_mask_ae,1,37,2,test,9267,0.0845061480597672,0.7986403366785367,True,33,,
active_mask_ae,1,37,2,run_test,5839,0.0897708929567029,0.8032197294057202,True,33,,
active_mask_ae,1,50,0,test,9267,0.0733882449764447,0.8077047588216251,True,58,,
active_mask_ae,1,50,0,run_test,5839,0.0779449327466644,0.8073300222640863,True,58,,
active_mask_ae,1,50,1,test,9267,0.0657794546998703,0.8114816013812453,True,56,,
active_mask_ae,1,50,1,run_test,5839,0.0717450510387282,0.8148655591710909,True,56,,
active_mask_ae,1,50,2,test,9267,0.0726549198398625,0.8263731520448905,True,65,,
active_mask_ae,1,50,2,run_test,5839,0.0778033358261346,0.8311354684021236,True,65,,
endpoint,-1,3,0,test,9267,0.34798027704137,0.6820977662674005,True,11,0.6733578015745559,0.6927700929598245
endpoint,-1,3,0,run_test,5839,0.3560717094332673,0.6408631615002569,True,11,0.6293249392031038,0.6529874550436718
endpoint,-1,3,1,test,9267,0.34798027704137,0.6820977662674005,True,11,,
endpoint,-1,3,1,run_test,5839,0.3560717094332673,0.6408631615002569,True,11,,
endpoint,-1,3,2,test,9267,0.34798027704137,0.6820977662674005,True,11,,
endpoint,-1,3,2,run_test,5839,0.3560717094332673,0.6408631615002569,True,11,,
endpoint,-1,8,0,test,9267,0.3191650892322442,0.8239991367217007,True,28,,
endpoint,-1,8,0,run_test,5839,0.3138650510825715,0.8295941085802363,True,28,,
endpoint,-1,8,1,test,9267,0.2993684572503157,0.8492500269774469,True,46,,
endpoint,-1,8,1,run_test,5839,0.2961607644117082,0.8429525603699264,True,46,,
endpoint,-1,8,2,test,9267,0.2962061420866732,0.8333872882270422,True,28,,
endpoint,-1,8,2,run_test,5839,0.2946572461478898,0.8319917794142833,True,28,,
endpoint,-1,15,0,test,9267,0.1871390416612452,0.8518398618754721,True,71,,
endpoint,-1,15,0,run_test,5839,0.1896508368732531,0.8486042130501799,True,71,,
endpoint,-1,15,1,test,9267,0.2262716106055905,0.8580986295456998,True,75,,
endpoint,-1,15,1,run_test,5839,0.230261430867577,0.8552834389450248,True,75,,
endpoint,-1,15,2,test,9267,0.2261179924817327,0.8436387180317255,True,41,,
endpoint,-1,15,2,run_test,5839,0.2343433364030808,0.8390135297139921,True,41,,
endpoint,-1,25,0,test,9267,0.1444143682295315,0.8638178482788389,True,50,,
endpoint,-1,25,0,run_test,5839,0.1448832622368362,0.8604213050179825,True,50,,
endpoint,-1,25,1,test,9267,0.1498357960353452,0.8496816661271177,True,73,,
endpoint,-1,25,1,run_test,5839,0.1527749214101247,0.8535708169207056,True,73,,
endpoint,-1,25,2,test,9267,0.1548060583957366,0.8479551095284342,True,60,,
endpoint,-1,25,2,run_test,5839,0.1536090370262223,0.8518581948963864,True,60,,
endpoint,-1,37,0,test,9267,0.1184307186418084,0.8554008848602568,True,41,,
endpoint,-1,37,0,run_test,5839,0.1186682594276871,0.8566535365644802,True,41,,
endpoint,-1,37,1,test,9267,0.1209284187698246,0.8552929750728391,True,60,,
endpoint,-1,37,1,run_test,5839,0.1221039943033948,0.8537420791231375,True,60,,
endpoint,-1,37,2,test,9267,0.1198099939700167,0.8600410057192187,True,57,,
endpoint,-1,37,2,run_test,5839,0.1188812046407106,0.8624764514471656,True,57,,
endpoint,-1,50,0,test,9267,0.0981801483208222,0.8592856372072947,True,33,,
endpoint,-1,50,0,run_test,5839,0.0983452553999849,0.8575098475766398,True,33,,
endpoint,-1,50,1,test,9267,0.1054628875168031,0.8662997733894464,True,57,,
endpoint,-1,50,1,run_test,5839,0.1066978813488906,0.8542558657304333,True,57,,
endpoint,-1,50,2,test,9267,0.1012453123551014,0.8562641631595985,True,44,,
endpoint,-1,50,2,run_test,5839,0.1002051000097826,0.850488097276931,True,44,,
vae,1,3,0,test,9267,0.4262741704329192,0.7564476097982087,True,16,0.7468050211996354,0.7650992726957212
vae,1,3,0,run_test,5839,0.3961624034602829,0.7393389278986128,True,16,0.7291410360727116,0.7499454365661224
vae,1,3,1,test,9267,0.4237585717025103,0.7553685119240315,True,19,,
vae,1,3,1,run_test,5839,0.3908677753381595,0.7369412570645658,True,19,,
vae,1,3,2,test,9267,0.426218093702736,0.7564476097982087,True,16,,
vae,1,3,2,run_test,5839,0.395671571282804,0.738996403493749,True,16,,
vae,1,8,0,test,9267,0.2886076952638053,0.7989640660407898,True,42,,
vae,1,8,0,run_test,5839,0.2953075654268816,0.8093851686932694,True,42,,
vae,1,8,1,test,9267,0.2883298761055216,0.7989640660407898,True,43,,
vae,1,8,1,run_test,5839,0.2946700166031823,0.8092139064908375,True,43,,
vae,1,8,2,test,9267,0.2808590914688079,0.7772741987698284,True,33,,
vae,1,8,2,run_test,5839,0.2868398320967603,0.7896900154135982,True,33,,
vae,1,15,0,test,9267,0.1884961654918421,0.8137477069170174,True,93,,
vae,1,15,0,run_test,5839,0.2003141260135293,0.8165781811954101,True,93,,
vae,1,15,1,test,9267,0.2161227312978854,0.7982086975288659,True,88,,
vae,1,15,1,run_test,5839,0.2235314183489938,0.7915738996403494,True,88,,
vae,1,15,2,test,9267,0.1896398737524655,0.8145030754289414,True,87,,
vae,1,15,2,run_test,5839,0.1959701588171733,0.8085288576811098,True,87,,
vae,1,25,0,test,9267,0.1375449770393613,0.8145030754289414,True,48,,
vae,1,25,0,run_test,5839,0.1400447332680069,0.8162356567905463,True,48,,
vae,1,25,1,test,9267,0.1704641434443634,0.8164454516024603,True,84,,
vae,1,25,1,run_test,5839,0.176702628635983,0.8232574070902552,True,84,,
vae,1,25,2,test,9267,0.133145083996989,0.8172008201143843,True,61,,
vae,1,25,2,run_test,5839,0.1380864800337173,0.8227436204829595,True,61,,
vae,1,37,0,test,9267,0.1209339756121217,0.8147188950037768,True,64,,
vae,1,37,0,run_test,5839,0.1259278796625995,0.8098989553005652,True,64,,
vae,1,37,1,test,9267,0.1220337190481631,0.8167691809647135,True,55,,
vae,1,37,1,run_test,5839,0.1251755444959788,0.8184620654221614,True,55,,
vae,1,37,2,test,9267,0.1202331459799909,0.8140714362792705,True,38,,
vae,1,37,2,run_test,5839,0.1230986114585314,0.817091967802706,True,38,,
vae,1,50,0,test,9267,0.0948736499060421,0.8207618430991691,True,53,,
vae,1,50,0,run_test,5839,0.0968257392283624,0.8181195410172974,True,53,,
vae,1,50,1,test,9267,0.0974238463287568,0.8120211503183339,True,39,,
vae,1,50,1,run_test,5839,0.1018368185333595,0.8141805103613633,True,39,,
vae,1,50,2,test,9267,0.0946427339735681,0.8140714362792705,True,47,,
vae,1,50,2,run_test,5839,0.0982952385511214,0.8066449734543586,True,47,,
vae,0,3,0,test,9267,0.4390318818944103,0.7584978957591454,True,17,0.7481982905720127,0.7673619817971752
vae,0,3,0,run_test,5839,0.406319974879819,0.7401952389107724,True,17,0.7298632996518378,0.7502891072926157
vae,0,3,1,test,9267,0.4390318818944103,0.7584978957591454,True,17,,
vae,0,3,1,run_test,5839,0.406319974879819,0.7401952389107724,True,17,,
vae,0,3,2,test,9267,0.4397198434846199,0.7587137153339808,True,15,,
vae,0,3,2,run_test,5839,0.4066294785573026,0.7405377633156363,True,15,,
vae,0,8,0,test,9267,0.2852519365234343,0.7829934175029675,True,37,,
vae,0,8,0,run_test,5839,0.2927073723000142,0.7929439972598048,True,37,,
vae,0,8,1,test,9267,0.2892695222530416,0.7784612064314234,True,28,,
vae,0,8,1,run_test,5839,0.2991626119657908,0.7915738996403494,True,28,,
vae,0,8,2,test,9267,0.283054829094207,0.7819143196287903,True,27,,
vae,0,8,2,run_test,5839,0.2948468107058052,0.7826682651138893,True,27,,
vae,0,15,0,test,9267,0.1871578331946677,0.7984245171037013,True,80,,
vae,0,15,0,run_test,5839,0.1999390730313047,0.805959924644631,True,80,,
vae,0,15,1,test,9267,0.1789678128981388,0.78666235027517,True,113,,
vae,0,15,1,run_test,5839,0.1926563217811536,0.7898612776160301,True,113,,
vae,0,15,2,test,9267,0.1943710948920893,0.8038200064745873,True,118,,
vae,0,15,2,run_test,5839,0.2066582869819434,0.8025346805959924,True,118,,
vae,0,25,0,test,9267,0.1342686110457842,0.8213013920362577,True,57,,
vae,0,25,0,run_test,5839,0.1429590907882465,0.8270251755437575,True,57,,
vae,0,25,1,test,9267,0.1618626064214785,0.8134239775547643,True,58,,
vae,0,25,1,run_test,5839,0.1648103390831654,0.8114403151224525,True,58,,
vae,0,25,2,test,9267,0.1511812388775516,0.8001510737023848,True,90,,
vae,0,25,2,run_test,5839,0.156292828656038,0.7977393389278986,True,90,,
vae,0,37,0,test,9267,0.115508027777021,0.8197906550124097,True,57,,
vae,0,37,0,run_test,5839,0.1214184434384349,0.8143517725637952,True,57,,
vae,0,37,1,test,9267,0.114496511688089,0.8205460235243337,True,60,,
vae,0,37,1,run_test,5839,0.1199914042994096,0.8205172118513444,True,60,,
vae,0,37,2,test,9267,0.1036838704410336,0.8198985647998274,True,56,,
vae,0,37,2,run_test,5839,0.1088531160447086,0.8213735228635041,True,56,,
vae,0,50,0,test,9267,0.095832289066068,0.817740369051473,True,43,,
vae,0,50,0,run_test,5839,0.0972525994691471,0.8119541017297482,True,43,,
vae,0,50,1,test,9267,0.1010301475187004,0.8263731520448905,True,90,,
vae,0,50,1,run_test,5839,0.1040060265345559,0.8237711936975509,True,90,,
vae,0,50,2,test,9267,0.0988772836893858,0.8188194669256501,True,64,,
vae,0,50,2,run_test,5839,0.1038222711929719,0.8217160472683679,True,64,,
random,2,3,0,test,9267,0.3418445801370772,0.6756231790223374,True,16,0.6660530412117815,0.6851328047035387
random,2,3,0,run_test,5839,0.3267771056813632,0.658503168350745,True,16,0.6460645577317228,0.6704339453138886
random,2,3,1,test,9267,0.3418445801370772,0.6756231790223374,True,16,,
random,2,3,1,run_test,5839,0.3267771056813632,0.658503168350745,True,16,,
random,2,3,2,test,9267,0.3418445801370772,0.6756231790223374,True,16,,
random,2,3,2,run_test,5839,0.3267771056813632,0.658503168350745,True,16,,
random,2,8,0,test,9267,0.2186377518672372,0.6993633322542354,True,47,,
random,2,8,0,run_test,5839,0.2309438175546907,0.6747730775817777,True,47,,
random,2,8,1,test,9267,0.2009904535371139,0.7072407467357289,True,21,,
random,2,8,1,run_test,5839,0.2101828891189891,0.6990923103271108,True,21,,
random,2,8,2,test,9267,0.1983728402464123,0.714470702492716,True,31,,
random,2,8,2,run_test,5839,0.2070182560163154,0.6860763829422847,True,31,,
random,2,15,0,test,9267,0.1183582917640017,0.7089673033344124,True,34,,
random,2,15,0,run_test,5839,0.1295967477695886,0.7086829936632985,True,34,,
random,2,15,1,test,9267,0.1229363412231916,0.719866191863602,True,35,,
random,2,15,1,run_test,5839,0.1349870873697559,0.7112519266997773,True,35,,
random,2,15,2,test,9267,0.1236381515473946,0.7250458616596526,True,38,,
random,2,15,2,run_test,5839,0.1312606029460262,0.7047439630073643,True,38,,
random,2,25,0,test,9267,0.0978452963787146,0.7116650480198554,True,33,,
random,2,25,0,run_test,5839,0.1058740692393228,0.7018325055660216,True,33,,
random,2,25,1,test,9267,0.0996727831954885,0.7111254990827668,True,27,,
random,2,25,1,run_test,5839,0.1100836257370318,0.7042301764000685,True,27,,
random,2,25,2,test,9267,0.1026917476636172,0.7187870939894249,True,34,,
random,2,25,2,run_test,5839,0.1089081629229708,0.700976194553862,True,34,,
random,2,37,0,test,9267,0.0882832476277563,0.7186791842020072,True,36,,
random,2,37,0,run_test,5839,0.0938113415677608,0.71416338414112,True,36,,
random,2,37,1,test,9267,0.0701761354365849,0.7253695910219057,True,37,,
random,2,37,1,run_test,5839,0.0732100846882532,0.703202603185477,True,37,,
random,2,37,2,test,9267,0.0788142317694747,0.7058379194992986,True,30,,
random,2,37,2,run_test,5839,0.0843287261215941,0.6973796883027916,True,30,,
random,2,50,0,test,9267,0.0678237727140661,0.7150102514298047,True,40,,
random,2,50,0,run_test,5839,0.0735747781619131,0.7056002740195239,True,40,,
random,2,50,1,test,9267,0.0741470319710991,0.7237509442106399,True,32,,
random,2,50,1,run_test,5839,0.0805558666692313,0.7038876519952046,True,32,,
random,2,50,2,test,9267,0.0758111773491452,0.7139311535556275,True,40,,
random,2,50,2,run_test,5839,0.0840867196885737,0.7013187189587258,True,40,,
pixel_pca,-1,3,0,test,9267,0.2118535545104887,0.6250134887234272,True,29,0.6152473355920803,0.6345154078929275
pixel_pca,-1,3,0,run_test,5839,0.202016664723099,0.584689159102586,True,29,0.5741440879837842,0.5979457747088524
pixel_pca,-1,3,1,test,9267,0.2112994713402151,0.6247976691485918,True,33,,
pixel_pca,-1,3,1,run_test,5839,0.2024475977085907,0.5850316835074499,True,33,,
pixel_pca,-1,3,2,test,9267,0.2112994713402151,0.6247976691485918,True,33,,
pixel_pca,-1,3,2,run_test,5839,0.2024759169710862,0.5850316835074499,True,33,,
pixel_pca,-1,8,0,test,9267,0.1587216022105201,0.6655875687924895,True,35,,
pixel_pca,-1,8,0,run_test,5839,0.1514235651330164,0.6280184963178627,True,35,,
pixel_pca,-1,8,1,test,9267,0.1672374590482462,0.682637315204489,True,41,,
pixel_pca,-1,8,1,run_test,5839,0.1635269101049349,0.6478849117999658,True,41,,
pixel_pca,-1,8,2,test,9267,0.1587216022105201,0.6655875687924895,True,35,,
pixel_pca,-1,8,2,run_test,5839,0.1513823350541717,0.6278472341154308,True,35,,
pixel_pca,-1,15,0,test,9267,0.1159010261683998,0.720621560375526,True,103,,
pixel_pca,-1,15,0,run_test,5839,0.1129677109218738,0.6980647371125193,True,103,,
pixel_pca,-1,15,1,test,9267,0.1108890107281063,0.7128520556814503,True,63,,
pixel_pca,-1,15,1,run_test,5839,0.1097005921993001,0.6953245418736085,True,63,,
pixel_pca,-1,15,2,test,9267,0.1143697745839442,0.7281752454947664,True,83,,
pixel_pca,-1,15,2,run_test,5839,0.1123708910682178,0.6992635725295427,True,83,,
pixel_pca,-1,25,0,test,9267,0.0870812164874907,0.7506204812776519,True,51,,
pixel_pca,-1,25,0,run_test,5839,0.0905165449886064,0.7496146600445281,True,51,,
pixel_pca,-1,25,1,test,9267,0.085816466293234,0.7450091723319305,True,64,,
pixel_pca,-1,25,1,run_test,5839,0.0869347574648667,0.7294057201575612,True,64,,
pixel_pca,-1,25,2,test,9267,0.0880060118453776,0.7651883025790439,True,53,,
pixel_pca,-1,25,2,run_test,5839,0.088370256069188,0.7525261174858708,True,53,,
pixel_pca,-1,37,0,test,9267,0.0717318497835143,0.7576346174598036,True,44,,
pixel_pca,-1,37,0,run_test,5839,0.0736547923958585,0.7547525261174859,True,44,,
pixel_pca,-1,37,1,test,9267,0.0663137526979243,0.7525628574511708,True,48,,
pixel_pca,-1,37,1,run_test,5839,0.0705604532949001,0.7607467032026032,True,48,,
pixel_pca,-1,37,2,test,9267,0.0655385249485334,0.7549368727743606,True,49,,
pixel_pca,-1,37,2,run_test,5839,0.0694558202740946,0.7530399040931667,True,49,,
pixel_pca,-1,50,0,test,9267,0.0593123921624661,0.783964605589727,True,47,,
pixel_pca,-1,50,0,run_test,5839,0.0611952911774223,0.7756465148141806,True,47,,
pixel_pca,-1,50,1,test,9267,0.0601013599868643,0.7727419876982843,True,55,,
pixel_pca,-1,50,1,run_test,5839,0.0601022223711703,0.7612604898098989,True,55,,
pixel_pca,-1,50,2,test,9267,0.059550253023908,0.7753318225963095,True,43,,
pixel_pca,-1,50,2,run_test,5839,0.061266090816574,0.7711936975509505,True,43,,
ae,0,3,0,test,9267,0.4272578247907581,0.7519153987266645,True,18,0.7418781419729806,0.7598447757833536
ae,0,3,0,run_test,5839,0.399740596231852,0.7364274704572701,True,18,0.7256567971920295,0.747447202216978
ae,0,3,1,test,9267,0.4272578247907581,0.7519153987266645,True,18,,
ae,0,3,1,run_test,5839,0.399740596231852,0.7364274704572701,True,18,,
ae,0,3,2,test,9267,0.4268054367169581,0.7516995791518291,True,18,,
ae,0,3,2,run_test,5839,0.3992782018423627,0.7362562082548382,True,18,,
ae,0,8,0,test,9267,0.2869523521251615,0.770907521312183,True,39,,
ae,0,8,0,run_test,5839,0.286836889818689,0.7773591368384998,True,39,,
ae,0,8,1,test,9267,0.2861827138878781,0.7692888745009172,True,38,,
ae,0,8,1,run_test,5839,0.286530249754493,0.7770166124336358,True,38,,
ae,0,8,2,test,9267,0.2859259524680396,0.7684255962015755,True,53,,
ae,0,8,2,run_test,5839,0.2860492804725644,0.7753039904093166,True,53,,
ae,0,15,0,test,9267,0.1954526941706051,0.8181720082011439,True,91,,
ae,0,15,0,run_test,5839,0.204841921863788,0.8140092481589313,True,91,,
ae,0,15,1,test,9267,0.1893752355447047,0.8140714362792705,True,94,,
ae,0,15,1,run_test,5839,0.2016094063061926,0.8179482788148655,True,94,,
ae,0,15,2,test,9267,0.18860528606146,0.8165533613898781,True,97,,
ae,0,15,2,run_test,5839,0.1966979168149444,0.8145230347662271,True,97,,
ae,0,25,0,test,9267,0.1690683010397869,0.8216251213985108,True,52,,
ae,0,25,0,run_test,5839,0.182366789125551,0.830450419592396,True,52,,
ae,0,25,1,test,9267,0.1614036907606231,0.8132081579799287,True,55,,
ae,0,25,1,run_test,5839,0.1711552655517749,0.8107552663127248,True,55,,
ae,0,25,2,test,9267,0.1594729882058985,0.8148268047911945,True,45,,
ae,0,25,2,run_test,5839,0.1682786998491704,0.8128104127419079,True,45,,
ae,0,37,0,test,9267,0.1191554312627523,0.824646595446207,True,99,,
ae,0,37,0,run_test,5839,0.1267235073101891,0.8237711936975509,True,99,,
ae,0,37,1,test,9267,0.1106479758101625,0.8205460235243337,True,74,,
ae,0,37,1,run_test,5839,0.1133241952764865,0.8232574070902552,True,74,,
ae,0,37,2,test,9267,0.112326364399994,0.8268047911945613,True,83,,
ae,0,37,2,run_test,5839,0.1181581419879715,0.8283952731632129,True,83,,
ae,0,50,0,test,9267,0.1104200511300555,0.8244307758713715,True,53,,
ae,0,50,0,run_test,5839,0.1142736356466023,0.8275389621510533,True,53,,
ae,0,50,1,test,9267,0.1062183130699722,0.8259415128952196,True,82,,
ae,0,50,1,run_test,5839,0.1122482822420238,0.8247987669121425,True,82,,
ae,0,50,2,test,9267,0.1012535555656846,0.8218409409733463,True,46,,
ae,0,50,2,run_test,5839,0.1032261124384986,0.8188045898270252,True,46,,
active_mask_ae,2,3,0,test,9267,0.3006436219476004,0.6828531347793245,True,28,0.6739010604768098,0.6927478686653165
active_mask_ae,2,3,0,run_test,5839,0.2759348388532013,0.6662099674601816,True,28,0.6546334277992063,0.6781624028348882
active_mask_ae,2,3,1,test,9267,0.3006436219476004,0.6828531347793245,True,28,,
active_mask_ae,2,3,1,run_test,5839,0.2759348388532013,0.6662099674601816,True,28,,
active_mask_ae,2,3,2,test,9267,0.3003929740090295,0.6827452249919068,True,28,,
active_mask_ae,2,3,2,run_test,5839,0.2759348388532013,0.6662099674601816,True,28,,
active_mask_ae,2,8,0,test,9267,0.2713706623496817,0.7768425596201576,True,29,,
active_mask_ae,2,8,0,run_test,5839,0.2829855340958221,0.7795855454701147,True,29,,
active_mask_ae,2,8,1,test,9267,0.2737234914542795,0.7934606668824863,True,40,,
active_mask_ae,2,8,1,run_test,5839,0.2874107680525706,0.8061311868470629,True,40,,
active_mask_ae,2,8,2,test,9267,0.2680907521426794,0.7846120643142332,True,33,,
active_mask_ae,2,8,2,run_test,5839,0.279666966895076,0.7992806987497859,True,33,,
active_mask_ae,2,15,0,test,9267,0.15469043772677,0.7780295672817524,True,54,,
active_mask_ae,2,15,0,run_test,5839,0.1567127784593359,0.783524576126049,True,54,,
active_mask_ae,2,15,1,test,9267,0.1662445251267024,0.807381029459372,True,52,,
active_mask_ae,2,15,1,run_test,5839,0.1733598939702106,0.8133241993492036,True,52,,
active_mask_ae,2,15,2,test,9267,0.1666687338639244,0.7829934175029675,True,57,,
active_mask_ae,2,15,2,run_test,5839,0.169604672792784,0.7895187532111663,True,57,,
active_mask_ae,2,25,0,test,9267,0.1247317976866063,0.8180640984137261,True,43,,
active_mask_ae,2,25,0,run_test,5839,0.1302162608830036,0.8153793457783867,True,43,,
active_mask_ae,2,25,1,test,9267,0.1210036665224458,0.8132081579799287,True,91,,
active_mask_ae,2,25,1,run_test,5839,0.1241146811760639,0.8126391505394759,True,91,,
active_mask_ae,2,25,2,test,9267,0.1118409572928944,0.8143951656415237,True,34,,
active_mask_ae,2,25,2,run_test,5839,0.1170937966379939,0.8164069189929782,True,34,,
active_mask_ae,2,37,0,test,9267,0.084204533646555,0.8218409409733463,True,40,,
active_mask_ae,2,37,0,run_test,5839,0.0900264134129483,0.8234286692926871,True,40,,
active_mask_ae,2,37,1,test,9267,0.096573017909731,0.8243228660839538,True,52,,
active_mask_ae,2,37,1,run_test,5839,0.1021300590217631,0.8330193526288748,True,52,,
active_mask_ae,2,37,2,test,9267,0.09614108565769,0.8195748354375741,True,64,,
active_mask_ae,2,37,2,run_test,5839,0.1007623817851501,0.8290803219729406,True,64,,
active_mask_ae,2,50,0,test,9267,0.0778812541259993,0.817740369051473,True,38,,
active_mask_ae,2,50,0,run_test,5839,0.0822434927261453,0.8338756636410344,True,38,,
active_mask_ae,2,50,1,test,9267,0.0782424999061865,0.8229200388475235,True,55,,
active_mask_ae,2,50,1,run_test,5839,0.0834299763567641,0.8306216817948279,True,55,,
active_mask_ae,2,50,2,test,9267,0.0749302339293255,0.8272364303442322,True,66,,
active_mask_ae,2,50,2,run_test,5839,0.0810115809663454,0.8352457612604898,True,66,,
ae,1,3,0,test,9267,0.4220783119248834,0.7492176540412215,True,17,0.7388142084925151,0.7571817985533844
ae,1,3,0,run_test,5839,0.3853093445055333,0.7292344579551293,True,17,0.7193892602994709,0.7397346190983705
ae,1,3,1,test,9267,0.4220783119248834,0.7492176540412215,True,17,,
ae,1,3,1,run_test,5839,0.3853093445055333,0.7292344579551293,True,17,,
ae,1,3,2,test,9267,0.4220783119248834,0.7492176540412215,True,17,,
ae,1,3,2,run_test,5839,0.3853093445055333,0.7292344579551293,True,17,,
ae,1,8,0,test,9267,0.2821839252088983,0.7795403043056005,True,26,,
ae,1,8,0,run_test,5839,0.2907633204194308,0.7912313752354855,True,26,,
ae,1,8,1,test,9267,0.283691070028702,0.78051149239236,True,23,,
ae,1,8,1,run_test,5839,0.2921436320421504,0.7915738996403494,True,23,,
ae,1,8,2,test,9267,0.2769806262623806,0.7700442430128412,True,33,,
ae,1,8,2,run_test,5839,0.2828851175266607,0.7782154478506593,True,33,,
ae,1,15,0,test,9267,0.2086587506760033,0.7925973885831445,True,55,,
ae,1,15,0,run_test,5839,0.2183234693177129,0.7903750642233259,True,55,,
ae,1,15,1,test,9267,0.2130328006108132,0.8050070141361821,True,31,,
ae,1,15,1,run_test,5839,0.2255466913243815,0.8090426442884056,True,31,,
ae,1,15,2,test,9267,0.216672921735762,0.7998273443401317,True,35,,
ae,1,15,2,run_test,5839,0.2270134498283442,0.7997944853570816,True,35,,
ae,1,25,0,test,9267,0.1615032848965244,0.8071652098845365,True,74,,
ae,1,25,0,run_test,5839,0.1695783953524484,0.8157218701832506,True,74,,
ae,1,25,1,test,9267,0.1594485697652738,0.8128844286176756,True,56,,
ae,1,25,1,run_test,5839,0.1665583447192983,0.8160643945881144,True,56,,
ae,1,25,2,test,9267,0.1627351788852112,0.8113736915938276,True,68,,
ae,1,25,2,run_test,5839,0.1692566944662187,0.8172632300051379,True,68,,
ae,1,37,0,test,9267,0.1187084278186655,0.8201143843746628,True,72,,
ae,1,37,0,run_test,5839,0.1250650049402918,0.821202260661072,True,72,,
ae,1,37,1,test,9267,0.10676775008484,0.8156900830905364,True,73,,
ae,1,37,1,run_test,5839,0.1116304859712304,0.8138379859564994,True,73,,
ae,1,37,2,test,9267,0.1127728681402643,0.8201143843746628,True,50,,
ae,1,37,2,run_test,5839,0.1190728908990275,0.8234286692926871,True,50,,
ae,1,50,0,test,9267,0.0958196805356981,0.8183878277759793,True,50,,
ae,1,50,0,run_test,5839,0.0977455863873219,0.8188045898270252,True,50,,
ae,1,50,1,test,9267,0.1103791483951972,0.8194669256501564,True,58,,
ae,1,50,1,run_test,5839,0.1171677909341813,0.8172632300051379,True,58,,
ae,1,50,2,test,9267,0.0990552181478675,0.8137477069170174,True,56,,
ae,1,50,2,run_test,5839,0.1023397406222333,0.8100702175029971,True,56,,
