scale,method,seed,metric,value
log1p,pixel_pca,-1,mean_adc_mean_tag_auc,0.8468626017144509
log1p,pixel_pca,-1,median_adc_mean_tag_auc,0.6878826475516192
log1p,pixel_pca,-1,solidity_mean_tag_auc,0.7362994113320346
log1p,pixel_pca,-1,k3_tag_ari,0.211990013967891
log1p,random,0,mean_adc_mean_tag_auc,0.706418137081541
log1p,random,1,mean_adc_mean_tag_auc,0.7386688697156069
log1p,random,2,mean_adc_mean_tag_auc,0.696058032117686
log1p,random,0,median_adc_mean_tag_auc,0.5994969201584518
log1p,random,1,median_adc_mean_tag_auc,0.5735622864389817
log1p,random,2,median_adc_mean_tag_auc,0.6104499698465182
log1p,random,0,solidity_mean_tag_auc,0.6278224782893621
log1p,random,1,solidity_mean_tag_auc,0.6554354825817783
log1p,random,2,solidity_mean_tag_auc,0.672349321925009
log1p,random,0,k3_tag_ari,0.09747092581908856
log1p,random,1,k3_tag_ari,0.10797497937977103
log1p,random,2,k3_tag_ari,0.13187975298158697
log1p,ae,0,mean_adc_mean_tag_auc,0.878816173646924
log1p,ae,1,mean_adc_mean_tag_auc,0.8746458084499101
log1p,ae,2,mean_adc_mean_tag_auc,0.8749980212743963
log1p,ae,0,median_adc_mean_tag_auc,0.718000928561812
log1p,ae,1,median_adc_mean_tag_auc,0.719625919446606
log1p,ae,2,median_adc_mean_tag_auc,0.7170288715979614
log1p,ae,0,solidity_mean_tag_auc,0.8288961841265925
log1p,ae,1,solidity_mean_tag_auc,0.8226280654552712
log1p,ae,2,solidity_mean_tag_auc,0.8174885994828354
log1p,ae,0,k3_tag_ari,0.2078054909433192
log1p,ae,1,k3_tag_ari,0.3918863996840767
log1p,ae,2,k3_tag_ari,0.3784642456466607
log1p,vae,0,mean_adc_mean_tag_auc,0.8747508344440996
log1p,vae,1,mean_adc_mean_tag_auc,0.8785182438002623
log1p,vae,2,mean_adc_mean_tag_auc,0.8785106131862813
log1p,vae,0,median_adc_mean_tag_auc,0.7059167715109859
log1p,vae,1,median_adc_mean_tag_auc,0.728067463259075
log1p,vae,2,median_adc_mean_tag_auc,0.7188696320124336
log1p,vae,0,solidity_mean_tag_auc,0.8193893570024938
log1p,vae,1,solidity_mean_tag_auc,0.829985686329299
log1p,vae,2,solidity_mean_tag_auc,0.8224834591759039
log1p,vae,0,k3_tag_ari,0.33982554895325495
log1p,vae,1,k3_tag_ari,0.3151000162239353
log1p,vae,2,k3_tag_ari,0.3605874782957283
log1p,active_mask_ae,0,mean_adc_mean_tag_auc,0.8649512255678585
log1p,active_mask_ae,1,mean_adc_mean_tag_auc,0.8642013789557478
log1p,active_mask_ae,2,mean_adc_mean_tag_auc,0.8540522270677148
log1p,active_mask_ae,0,median_adc_mean_tag_auc,0.7482328008941672
log1p,active_mask_ae,1,median_adc_mean_tag_auc,0.7457375599907495
log1p,active_mask_ae,2,median_adc_mean_tag_auc,0.735352448490031
log1p,active_mask_ae,0,solidity_mean_tag_auc,0.7803312780516541
log1p,active_mask_ae,1,solidity_mean_tag_auc,0.7644627749809626
log1p,active_mask_ae,2,solidity_mean_tag_auc,0.7726941791351566
log1p,active_mask_ae,0,k3_tag_ari,0.3668260977197835
log1p,active_mask_ae,1,k3_tag_ari,0.32434099375354797
log1p,active_mask_ae,2,k3_tag_ari,0.3021343530169008
raw,pixel_pca,-1,mean_adc_mean_tag_auc,0.8418309154659255
raw,pixel_pca,-1,median_adc_mean_tag_auc,0.7459466804711528
raw,pixel_pca,-1,solidity_mean_tag_auc,0.6940675409478394
raw,pixel_pca,-1,k3_tag_ari,0.2114841657303063
raw,random,0,mean_adc_mean_tag_auc,0.680395300256006
raw,random,1,mean_adc_mean_tag_auc,0.7426960687487453
raw,random,2,mean_adc_mean_tag_auc,0.6903867032633692
raw,random,0,median_adc_mean_tag_auc,0.6298942433572349
raw,random,1,median_adc_mean_tag_auc,0.602440651609185
raw,random,2,median_adc_mean_tag_auc,0.6822088170136142
raw,random,0,solidity_mean_tag_auc,0.6086678746457616
raw,random,1,solidity_mean_tag_auc,0.6552773262294241
raw,random,2,solidity_mean_tag_auc,0.6754202250194927
raw,random,0,k3_tag_ari,0.37196436435895824
raw,random,1,k3_tag_ari,0.33457999263438126
raw,random,2,k3_tag_ari,0.34184458013707725
raw,ae,0,mean_adc_mean_tag_auc,0.8326616664510903
raw,ae,1,mean_adc_mean_tag_auc,0.8331257679162114
raw,ae,2,mean_adc_mean_tag_auc,0.8406477643637488
raw,ae,0,median_adc_mean_tag_auc,0.763195949773427
raw,ae,1,median_adc_mean_tag_auc,0.7634107802183611
raw,ae,2,median_adc_mean_tag_auc,0.7536220315581685
raw,ae,0,solidity_mean_tag_auc,0.778611455191862
raw,ae,1,solidity_mean_tag_auc,0.7586075936331257
raw,ae,2,solidity_mean_tag_auc,0.7529042702717316
raw,ae,0,k3_tag_ari,0.4271070287661581
raw,ae,1,k3_tag_ari,0.4220783119248834
raw,ae,2,k3_tag_ari,0.4324354553892214
raw,vae,0,mean_adc_mean_tag_auc,0.8324544370107025
raw,vae,1,mean_adc_mean_tag_auc,0.8329771455499296
raw,vae,2,mean_adc_mean_tag_auc,0.8276129716307863
raw,vae,0,median_adc_mean_tag_auc,0.7725669785948642
raw,vae,1,median_adc_mean_tag_auc,0.7745996535482077
raw,vae,2,median_adc_mean_tag_auc,0.7528285642538357
raw,vae,0,solidity_mean_tag_auc,0.7481194157877159
raw,vae,1,solidity_mean_tag_auc,0.7631395553355937
raw,vae,2,solidity_mean_tag_auc,0.7759253408940757
raw,vae,0,k3_tag_ari,0.43926120242448013
raw,vae,1,k3_tag_ari,0.4254169452793885
raw,vae,2,k3_tag_ari,0.4203680208503578
raw,active_mask_ae,0,mean_adc_mean_tag_auc,0.837027332793256
raw,active_mask_ae,1,mean_adc_mean_tag_auc,0.8543431457142696
raw,active_mask_ae,2,mean_adc_mean_tag_auc,0.8363771541158918
raw,active_mask_ae,0,median_adc_mean_tag_auc,0.7332717882882882
raw,active_mask_ae,1,median_adc_mean_tag_auc,0.760264624089371
raw,active_mask_ae,2,median_adc_mean_tag_auc,0.7460047159123273
raw,active_mask_ae,0,solidity_mean_tag_auc,0.7730919306639453
raw,active_mask_ae,1,solidity_mean_tag_auc,0.7801656719335309
raw,active_mask_ae,2,solidity_mean_tag_auc,0.7752513344633348
raw,active_mask_ae,0,k3_tag_ari,0.30036021960594844
raw,active_mask_ae,1,k3_tag_ari,0.33879149816363224
raw,active_mask_ae,2,k3_tag_ari,0.30056007263474344
