seed,charge_decile,n,endpoint_median_adc,median_aligned_latent_shift
0,1,927,27.6551513671875,1.179626703262329
0,2,927,33.64881134033203,1.5325068235397339
0,3,926,36.81397247314453,1.5753523111343384
0,4,927,39.889404296875,1.5812302827835083
0,5,926,43.058868408203125,1.6394147872924805
0,6,927,47.06640625,1.6916404962539673
0,7,927,52.26874542236328,1.7096112966537476
0,8,926,57.61326599121094,1.6264519691467285
0,9,927,63.29481506347656,1.4938915967941284
0,10,927,72.22420501708984,1.4833253622055054
1,1,927,27.6551513671875,1.2475037574768066
1,2,927,33.64881134033203,1.471995234489441
1,3,926,36.81397247314453,1.4823870658874512
1,4,927,39.889404296875,1.5118149518966675
1,5,926,43.058868408203125,1.6120693683624268
1,6,927,47.06640625,1.6872937679290771
1,7,927,52.26874542236328,1.6617090702056885
1,8,926,57.61326599121094,1.4989328384399414
1,9,927,63.29481506347656,1.3366422653198242
1,10,927,72.22420501708984,1.2514722347259521
2,1,927,27.6551513671875,1.18855619430542
2,2,927,33.64881134033203,1.4944697618484497
2,3,926,36.81397247314453,1.6225180625915527
2,4,927,39.889404296875,1.5817162990570068
2,5,926,43.058868408203125,1.6826915740966797
2,6,927,47.06640625,1.776027798652649
2,7,927,52.26874542236328,1.7472388744354248
2,8,926,57.61326599121094,1.6960482597351074
2,9,927,63.29481506347656,1.5171618461608887
2,10,927,72.22420501708984,1.4172497987747192
