method,seed,n_test,linear_cka,neighbor_overlap10
pixel_pca,-1,1500,0.73065567,0.4298
random,0,1500,0.36074388,0.07853333333333334
random,1,1500,0.44538555,0.108
random,2,1500,0.44480702,0.09713333333333332
ae,0,1500,0.6660317,0.4096000000000001
ae,1,1500,0.67654717,0.4196666666666667
ae,2,1500,0.6458709,0.41180000000000005
vae,0,1500,0.5879768,0.38266666666666665
vae,1,1500,0.6241965,0.40726666666666667
vae,2,1500,0.6096465,0.38426666666666665
active_mask_ae,0,1500,0.62907994,0.40526666666666666
active_mask_ae,1,1500,0.6203733,0.4023333333333333
active_mask_ae,2,1500,0.6200669,0.3886
