method,partition,delta_r2,low,high,seed_sd,n_seeds
pixel_pca,test,0.055276335797791905,0.00346227481997805,0.11595367109752562,,1
pixel_pca,run_test,0.0030491541123450205,-0.08110182254762788,0.0699224363518646,,1
random,test,0.02832383064280324,-0.009016592000364344,0.06784852632401857,0.023203873721638086,3
random,run_test,0.03238160511260293,-0.022983562480623422,0.0989435315348958,0.056468244910804655,3
endpoint_pca,test,-0.011103766984818797,-0.049508490925687106,0.03041084304188296,,1
endpoint_pca,run_test,0.0005435735185000401,-0.06555143832824585,0.0744114855674612,,1
ae,test,0.0020564953044342727,-0.034009970972094405,0.040218752116346845,0.01312284811550708,3
ae,run_test,0.03022547513008215,-0.019302729331057037,0.09136252914620674,0.018352759189232924,3
vae,test,-0.015435901427617927,-0.04946003338047327,0.028176727460662805,0.01997659177678572,3
vae,run_test,-0.024232985128386064,-0.08288081932401314,0.030292138037473434,0.019570628610100366,3
active_mask_ae,test,-0.017029411138920595,-0.06657422174954233,0.02355976728559313,0.009821326892516444,3
active_mask_ae,run_test,0.020795757068768888,-0.036028212712496066,0.07987006775606681,0.05625735356605395,3
fulltrack_pca,test,0.06035267456529451,0.004287166049009818,0.11061550700820387,,1
fulltrack_pca,run_test,0.031773299844541025,-0.06771039909495469,0.13086793042009104,,1
fulltrack,test,0.0795175814964178,0.013034681893167352,0.1454121533935156,,1
fulltrack,run_test,0.126812206877768,0.019961338540022796,0.22516721737490403,,1
