method,seed,partition,species,target,n,threshold_dev,auc,auc_low,auc_high,r2_linear,r2_nonlinear,rho_linear
endpoint_pca,-1,test,proton,mean_adc,3866,41.88704693998812,0.9281392584024164,0.920050865590966,0.9348803157556136,0.6996862422264747,0.7967288780138624,0.8454067171115303
endpoint_pca,-1,run_test,proton,mean_adc,2147,41.88704693998812,0.9325494383388024,0.9226322853339556,0.942530199986826,0.712276530543427,0.7975398489385812,0.8510135194851237
endpoint_pca,-1,test,proton,median_adc,3866,94.0,0.8294160624060766,0.8179273773220831,0.8411318882863352,0.6045071285430851,0.6699852555268728,0.6979679647260878
endpoint_pca,-1,run_test,proton,median_adc,2147,94.0,0.8320069580343552,0.8163519974887696,0.8512835932898445,0.4857195864179876,0.6092968974426148,0.6722778032039554
endpoint_pca,-1,test,proton,solidity,3866,0.6694116781918548,0.8122530258686306,0.8003096966992896,0.8261206967122565,0.4892328055448657,0.5768222963142176,0.6435830375631466
endpoint_pca,-1,run_test,proton,solidity,2147,0.6694116781918548,0.8107701674277017,0.7953792537326955,0.8256786805739502,0.5028234607994271,0.5917089434774043,0.6573764392735579
endpoint_pca,-1,test,kaon,mean_adc,2470,16.336012883529833,0.8794611562595699,0.8658598938837444,0.8914469409384997,0.5898774900114034,0.7126970942993123,0.7738589415945059
endpoint_pca,-1,run_test,kaon,mean_adc,1772,16.336012883529833,0.883122706889523,0.8692535246138042,0.8967939283611895,0.6200183012647307,0.7418496160038559,0.774533063513466
endpoint_pca,-1,test,kaon,median_adc,2470,72.0,0.906736918571238,0.8939661890464341,0.9165319911972092,0.6158875691399451,0.6776725572894609,0.8104150586597654
endpoint_pca,-1,run_test,kaon,median_adc,1772,72.0,0.8925681239348155,0.8769806029965712,0.9099844147568572,0.5446075816680684,0.6416430898798136,0.7775094721258983
endpoint_pca,-1,test,kaon,solidity,2470,0.3838098618922837,0.9371752523447644,0.9283991505554569,0.9450180662972896,0.7079178735176611,0.7379711510562234,0.8567354708804044
endpoint_pca,-1,run_test,kaon,solidity,1772,0.3838098618922837,0.9338745605769464,0.922241558838762,0.9450321209285384,0.7013335332969877,0.7265164780380909,0.8493938468067032
endpoint_pca,-1,test,muon,mean_adc,2931,9.839521409644714,0.7531318773546198,0.7373318056854574,0.7683962063180797,0.2118377901534827,0.3114908493838025,0.5092790246873845
endpoint_pca,-1,run_test,muon,mean_adc,1920,9.839521409644714,0.7423938925194661,0.7191646462024468,0.7666963221887672,0.2286270536022081,0.3066782845432945,0.5199293368677671
endpoint_pca,-1,test,muon,median_adc,2931,53.0,0.7651927650667193,0.7506886361508368,0.7809146201090099,0.3973672874392484,0.4958159123331945,0.5513804310102447
endpoint_pca,-1,run_test,muon,median_adc,1920,53.0,0.7630565038988011,0.7410434529797933,0.7842227291368694,0.2943464326370745,0.35331188702605,0.5234658171302942
endpoint_pca,-1,test,muon,solidity,2931,0.4047478543790968,0.7505678341840369,0.7352811240594688,0.7684089395342478,0.3058792682455186,0.3330999858524629,0.5091964471531665
endpoint_pca,-1,run_test,muon,solidity,1920,0.4047478543790968,0.7642075553625706,0.7450504723723202,0.7850645704909992,0.3460145681725558,0.3711999978657988,0.554737351748956
random,0,test,proton,mean_adc,3866,41.88704693998812,0.723804704067862,0.7079829553717757,0.7398161187255198,0.1683661910062518,0.2350385756552324,0.4374477462907987
random,0,run_test,proton,mean_adc,2147,41.88704693998812,0.7336606073232981,0.7131731258486844,0.7539052080450338,0.1745249284387424,0.2560410563409419,0.4467087219640119
random,0,test,proton,median_adc,3866,94.0,0.6261799335883091,0.6106737905850671,0.6415912412718087,0.0520645017541753,0.1788276145306793,0.2487548596128138
random,0,run_test,proton,median_adc,2147,94.0,0.6350241356816699,0.6131750991878758,0.6610200584430674,0.0434298983371085,0.1137938770863227,0.232913350623202
random,0,test,proton,solidity,3866,0.6694116781918548,0.622897168708927,0.6094420167279221,0.6411887257991865,0.0401517543535556,0.0322788553917494,0.2438309964325155
random,0,run_test,proton,solidity,2147,0.6694116781918548,0.6229215046749293,0.5986871109842122,0.6447793581222327,0.0476905715690784,0.0435682165924528,0.2222247177018261
random,0,test,kaon,mean_adc,2470,16.336012883529833,0.6181043680232188,0.5954146992407934,0.6432225819314037,0.023782874693828,0.0122723337332939,0.2275060702192507
random,0,run_test,kaon,mean_adc,1772,16.336012883529833,0.5962023542600897,0.5695961999689515,0.6216901239252525,0.0041709349743379,-0.0036289009813426,0.172767804283428
random,0,test,kaon,median_adc,2470,72.0,0.661637507791354,0.6412920471189046,0.6824733567485014,0.0773946671053318,0.1994523036720655,0.3378394758994676
random,0,run_test,kaon,median_adc,1772,72.0,0.6404128607265276,0.6154534063618826,0.6630655677481853,0.023402523402516,0.1474163479792315,0.2919652181254691
random,0,test,kaon,solidity,2470,0.3838098618922837,0.5657781208846101,0.5411134031083005,0.5870769510888594,0.020546204421239,0.0800780391708014,0.1575804934447716
random,0,run_test,kaon,solidity,1772,0.3838098618922837,0.5497018234861342,0.5240437750871665,0.5749232947771323,-0.0044054257872514,0.0844541350262259,0.1143033125463665
random,0,test,muon,mean_adc,2931,9.839521409644714,0.6992768286769369,0.6821053611706938,0.716829146633966,0.102969954707198,0.1272795222641658,0.3769130478924077
random,0,run_test,muon,mean_adc,1920,9.839521409644714,0.6967898359288098,0.676568645704566,0.7244099362358193,0.0998141963609818,0.1669530939790038,0.3863085052648939
random,0,test,muon,median_adc,2931,53.0,0.6018652886920414,0.5816649290471351,0.6192443136170984,0.1001983887719774,0.2197426145983184,0.2677815942575296
random,0,run_test,muon,median_adc,1920,53.0,0.6071481084955728,0.5856603493824346,0.6377508542926714,0.0782318817353459,0.0912645955683131,0.2234666671121604
random,0,test,muon,solidity,2931,0.4047478543790968,0.6373283343437476,0.619002723099471,0.6583247516351505,0.0757476635679715,0.0859319155711153,0.2827888482724514
random,0,run_test,muon,solidity,1920,0.4047478543790968,0.6469452887537993,0.6225970524791136,0.6677531402135244,0.0907974212983772,0.1298746950686029,0.3085316017018452
fulltrack_pca,-1,test,proton,mean_adc,3866,41.88704693998812,0.996348242400874,0.9948011261346288,0.997688779335494,0.9788457532507168,0.960698401833404,0.9916735270848742
fulltrack_pca,-1,run_test,proton,mean_adc,2147,41.88704693998812,0.9965380141326804,0.9953556413270698,0.9977944816666956,0.9769686412614966,0.9494824903213336,0.990359201112209
fulltrack_pca,-1,test,proton,median_adc,3866,94.0,0.9598939879590268,0.9537241725628396,0.9645390123266896,0.8559263362571541,0.8733889221245592,0.9187440783723744
fulltrack_pca,-1,run_test,proton,median_adc,2147,94.0,0.9546623178951944,0.9456108939900454,0.963792207540418,0.8234774219626123,0.8143731799960127,0.9105423888150116
fulltrack_pca,-1,test,proton,solidity,3866,0.6694116781918548,0.8651679370490678,0.8559927394643418,0.8752819465621251,0.6029909219440979,0.6246650815215145,0.7454848248762969
fulltrack_pca,-1,run_test,proton,solidity,2147,0.6694116781918548,0.863038921504675,0.8473005858119315,0.8758080451028607,0.6059496789598342,0.61011062709258,0.7513481760015608
fulltrack_pca,-1,test,kaon,mean_adc,2470,16.336012883529833,0.9810101057791996,0.9772645609416653,0.9847233121246906,0.9211791491293992,0.8979782325197424,0.9637153317312293
fulltrack_pca,-1,run_test,kaon,mean_adc,1772,16.336012883529833,0.9806015593151244,0.9750337557525778,0.9851262474365312,0.92744856019677,0.9004601152237893,0.9604960155105556
fulltrack_pca,-1,test,kaon,median_adc,2470,72.0,0.9643459761802956,0.9572239007212396,0.9698462052200136,0.8504810418127978,0.831787364196524,0.9365785349902572
fulltrack_pca,-1,run_test,kaon,median_adc,1772,72.0,0.9633391419799188,0.9554862655839744,0.9700231956628356,0.8283999381385369,0.8255447299596119,0.9273957551130988
fulltrack_pca,-1,test,kaon,solidity,2470,0.3838098618922837,0.9651347297605908,0.9596317521868396,0.9706414503957668,0.7851973180221441,0.8319466808958601,0.910626583466151
fulltrack_pca,-1,run_test,kaon,solidity,1772,0.3838098618922837,0.9581086543230812,0.9509962107123492,0.9652450659989428,0.7846397371058469,0.836620388800944,0.9081737519636855
fulltrack_pca,-1,test,muon,mean_adc,2931,9.839521409644714,0.9436770301018316,0.935524193862255,0.9501559824431256,0.8585193493174124,0.8231781431194911,0.8962986863517968
fulltrack_pca,-1,run_test,muon,mean_adc,1920,9.839521409644714,0.9381691462736372,0.928957185289172,0.947837302648786,0.8514670951452593,0.8100353267530931,0.881465047258856
fulltrack_pca,-1,test,muon,median_adc,2931,53.0,0.935360231282202,0.9269640865851754,0.9429725658825368,0.8400622547578965,0.8089224034498003,0.8797428637703064
fulltrack_pca,-1,run_test,muon,median_adc,1920,53.0,0.9390803699840556,0.9308360244248652,0.9491580713401244,0.7486266606449882,0.7370349058159484,0.8736878123263415
fulltrack_pca,-1,test,muon,solidity,2931,0.4047478543790968,0.8167876835624692,0.7988569754343251,0.831296809378342,0.4372539881419676,0.4875753040424397,0.6636941045505877
fulltrack_pca,-1,run_test,muon,solidity,1920,0.4047478543790968,0.8355905340859747,0.8185955435087647,0.8546151717120154,0.4343794923200678,0.499272628496292,0.6713830115785078
vae,2,test,proton,mean_adc,3866,41.88704693998812,0.9460520960520962,0.93928448109214,0.9530716554121392,0.6585635676217712,0.803632321409628,0.8424794460981976
vae,2,run_test,proton,mean_adc,2147,41.88704693998812,0.9471699914926124,0.9389754441328528,0.956034051819237,0.6585834942773046,0.8016945054145246,0.8469361286356423
vae,2,test,proton,median_adc,3866,94.0,0.7900843618833894,0.7772466844042731,0.8025700038478607,0.2440856719703265,0.6186951524172783,0.5655104459148875
vae,2,run_test,proton,median_adc,2147,94.0,0.7980647966949337,0.7804428730176546,0.8170468994792951,0.1872110163340709,0.5260724436193318,0.5328009081099905
vae,2,test,proton,solidity,3866,0.6694116781918548,0.7731319482412977,0.7548261125807307,0.789569055017671,0.2971059446067823,0.4863928630590418,0.5419924110797735
vae,2,run_test,proton,solidity,2147,0.6694116781918548,0.7504979343335507,0.7306571578117039,0.7693250521362797,0.2589047160810247,0.4477828099493129,0.5133537487020199
vae,2,test,kaon,mean_adc,2470,16.336012883529833,0.7742616407284345,0.7558263960407611,0.7907799171794764,0.2263443519694845,0.5343784253893653,0.5727233456314677
vae,2,run_test,kaon,mean_adc,1772,16.336012883529833,0.7871318283734203,0.7657180545333865,0.8093987481345588,0.2451811569551105,0.5566747721073723,0.6001569328851214
vae,2,test,kaon,median_adc,2470,72.0,0.6964370277979745,0.6762188909927088,0.7155500408349316,0.0949369282465056,0.5018747568966939,0.3978839441891959
vae,2,run_test,kaon,median_adc,1772,72.0,0.7023943113562232,0.6765226734896795,0.7245122914716812,0.0823737963100585,0.4604641908296175,0.4022138257614983
vae,2,test,kaon,solidity,2470,0.3838098618922837,0.8085444131392368,0.7937041269508486,0.8233070358948323,0.2924322779680102,0.4931775421726214,0.5966462638124215
vae,2,run_test,kaon,solidity,1772,0.3838098618922837,0.7974019052185033,0.778188403439234,0.8206750797187398,0.2923002648983533,0.4852951326572711,0.5829140299388647
vae,2,test,muon,mean_adc,2931,9.839521409644714,0.7625251781118282,0.7478125731830176,0.778899085586333,0.166363182868434,0.383799285451592,0.5120627600911107
vae,2,run_test,muon,mean_adc,1920,9.839521409644714,0.7628006813125695,0.7462207554101519,0.7830045315971971,0.1083726216072127,0.3566653236571224,0.4866149204820204
vae,2,test,muon,median_adc,2931,53.0,0.7719643030801434,0.7531760692334156,0.7892638860990403,0.2419143061475458,0.5186764393495131,0.5953340254019359
vae,2,run_test,muon,median_adc,1920,53.0,0.787005297958471,0.7675737972692467,0.8055974227551936,0.2620072585556462,0.3934826969999917,0.6045494224502108
vae,2,test,muon,solidity,2931,0.4047478543790968,0.7460996613016929,0.730690288925343,0.7635239916312101,0.2456489517585697,0.2973263198638914,0.4886669556984157
vae,2,run_test,muon,solidity,1920,0.4047478543790968,0.7590251845419017,0.7383949645645016,0.7787809025467936,0.2826497513414965,0.3292049865223213,0.532624445970173
random,1,test,proton,mean_adc,3866,41.88704693998812,0.8065524387892808,0.7919892448148317,0.821286959267344,0.3065484932170639,0.4540230114612396,0.5842873938951032
random,1,run_test,proton,mean_adc,2147,41.88704693998812,0.7994591732208276,0.7802123985299477,0.8170221099498289,0.2971133505166236,0.4505294189410587,0.5770401077024802
random,1,test,proton,median_adc,3866,94.0,0.6146773322179816,0.5955742492331082,0.6338521197179319,0.048213115445406,0.2042064434398149,0.2521844747199135
random,1,run_test,proton,median_adc,2147,94.0,0.6153146336160035,0.5918481533142316,0.6361790966018874,0.022611276977696,0.1592583216629965,0.220659189719441
random,1,test,proton,solidity,3866,0.6694116781918548,0.6660011899784517,0.651523076620954,0.6840405171936599,0.0778515680776745,0.1364900430738678,0.3345171054318412
random,1,run_test,proton,solidity,2147,0.6694116781918548,0.6575942596216569,0.6300992178938842,0.6809457554194323,0.0722765726878481,0.1388847195147764,0.3253621371987248
random,1,test,kaon,mean_adc,2470,16.336012883529833,0.6622888727574134,0.641416875477155,0.682501609799017,0.0842080258163543,0.1307957516719681,0.3397085443011961
random,1,run_test,kaon,mean_adc,1772,16.336012883529833,0.6609725336322869,0.6341696072541511,0.6868855069649333,0.0863215040125831,0.1518542105498166,0.3435278372044557
random,1,test,kaon,median_adc,2470,72.0,0.6082175549631171,0.5862355008374501,0.627808328222461,0.0405887729770266,0.2918797034744758,0.2198803836158532
random,1,run_test,kaon,median_adc,1772,72.0,0.586438406005247,0.5614685367801657,0.6137402863305129,0.0211129686128928,0.2128837454527024,0.2021026135294942
random,1,test,kaon,solidity,2470,0.3838098618922837,0.6256577219768482,0.6026969076097003,0.6498528699756636,0.0537597378287467,0.1105094044951936,0.2700862548734801
random,1,run_test,kaon,solidity,1772,0.3838098618922837,0.6274674313722239,0.601980125025182,0.6557521151155317,0.0599798539377267,0.1222548365961145,0.2767979355241843
random,1,test,muon,mean_adc,2931,9.839521409644714,0.7592468946995412,0.7433475306648255,0.7761172477932508,0.1854076084108847,0.2380264231725094,0.5081106527761448
random,1,run_test,muon,mean_adc,1920,9.839521409644714,0.75231159621802,0.7318867910050036,0.7734848903585496,0.1860291339184074,0.2196949220184544,0.5140788968448613
random,1,test,muon,median_adc,2931,53.0,0.5844270676464562,0.5613196341863892,0.6068442727655614,0.035219353850064,0.1980772901951359,0.2024539418047979
random,1,run_test,muon,median_adc,1920,53.0,0.5896460063134388,0.5643112632700863,0.6146544125977662,0.0259418017851388,0.0789462654108168,0.1711228043930162
random,1,test,muon,solidity,2931,0.4047478543790968,0.6741730667329723,0.6542929871430707,0.6926929586109007,0.0978076435409672,0.1590925559197386,0.3390407932443073
random,1,run_test,muon,solidity,1920,0.4047478543790968,0.6689155449413808,0.6472337434840415,0.6902842855859673,0.120198595178517,0.2009001522694536,0.3593873011304527
fulltrack,-1,test,proton,mean_adc,3866,41.88704693998812,0.9994409099672256,0.99914264990936,0.9996714532279608,0.9986584462972858,0.9976706299677351,0.999565981601602
fulltrack,-1,run_test,proton,mean_adc,2147,41.88704693998812,0.9995581367085092,0.999244964388588,0.999794547671809,0.9981816639943148,0.9969314580890516,0.9992610238631868
fulltrack,-1,test,proton,median_adc,3866,94.0,0.999016023797746,0.998495563294774,0.9994205012484622,0.9994461452626544,0.990299419687287,0.9993024657053264
fulltrack,-1,run_test,proton,median_adc,2147,94.0,0.9983787779952163,0.99667307456378,0.9995357001798356,0.9992627610201938,0.9581072433745624,0.9991583278304128
fulltrack,-1,test,proton,solidity,3866,0.6694116781918548,0.9983257217594528,0.997708498021628,0.9989298180695464,0.9998849537849814,0.9919953701205108,0.9999538176193415
fulltrack,-1,run_test,proton,solidity,2147,0.6694116781918548,0.9981682974559688,0.9970845098273032,0.9990656080930312,0.9998874115175648,0.993366045522312,0.999951906410599
fulltrack,-1,test,kaon,mean_adc,2470,16.336012883529833,0.9968720675633408,0.9956733168481872,0.9978810039768112,0.998366570208847,0.9607406949398444,0.9991974905420008
fulltrack,-1,run_test,kaon,mean_adc,1772,16.336012883529833,0.997155269058296,0.9955203782960164,0.9982757962619586,0.9985081397864576,0.9660330735200134,0.9992691431438204
fulltrack,-1,test,kaon,median_adc,2470,72.0,0.9980532288224596,0.9970705640484064,0.9988330158398264,0.9989226219832376,0.9549280053980542,0.9995560943849254
fulltrack,-1,run_test,kaon,median_adc,1772,72.0,0.9977671817851056,0.9966665003887268,0.998524578247178,0.998653853521854,0.9576560722471932,0.9994460278917842
fulltrack,-1,test,kaon,solidity,2470,0.3838098618922837,0.9988008811088755,0.9981785229677524,0.9992961007381748,0.9995770388580076,0.997901517102032,0.9998619819123176
fulltrack,-1,run_test,kaon,solidity,1772,0.3838098618922837,0.9985400380227653,0.997840764305875,0.9992342978433164,0.9995857444917564,0.9987779644066987,0.9998621004453412
fulltrack,-1,test,muon,mean_adc,2931,9.839521409644714,0.9997981088440449,0.9996550568513872,0.99990429063429,0.9988050207218278,0.986485536926705,0.999609063200812
fulltrack,-1,run_test,muon,mean_adc,1920,9.839521409644714,0.9994959677419356,0.999154969150888,0.9998118436075104,0.9987551678646296,0.9816000406753842,0.999634446786688
fulltrack,-1,test,muon,median_adc,2931,53.0,0.9983198616989838,0.9972078757670132,0.9993369181773172,0.9989450331613434,0.9703846610954258,0.996332244791829
fulltrack,-1,run_test,muon,median_adc,1920,53.0,0.9988202507914772,0.9981789868306024,0.9995256288312782,0.998397808985846,0.9661552902293924,0.996143455401764
fulltrack,-1,test,muon,solidity,2931,0.4047478543790968,0.9994207579131268,0.9991074812154211,0.9996703654280882,0.9998710168063776,0.9952130657453596,0.999988604547354
fulltrack,-1,run_test,muon,solidity,1920,0.4047478543790968,0.9991706469821972,0.9984701441739776,0.9996149973648508,0.9998704456675792,0.9949718065289194,0.9999843139605884
active_mask_ae,0,test,proton,mean_adc,3866,41.88704693998812,0.9392658997922154,0.9330689786812744,0.9456056639758196,0.6524286406692538,0.766988018412355,0.8314607917651385
active_mask_ae,0,run_test,proton,mean_adc,2147,41.88704693998812,0.9273911835685889,0.9158923302340064,0.9377016829155104,0.611998329906858,0.7675381264671236,0.803593658680214
active_mask_ae,0,test,proton,median_adc,3866,94.0,0.7862291592097626,0.7729306105659669,0.798262011018539,0.2774056893618187,0.5748718370334231,0.575608247827392
active_mask_ae,0,run_test,proton,median_adc,2147,94.0,0.7989197651663404,0.7823681588451185,0.8165601935090955,0.2134163578296192,0.4709268830787879,0.5433540654942255
active_mask_ae,0,test,proton,solidity,3866,0.6694116781918548,0.7638198308300903,0.7496254480558381,0.7784043998095045,0.3079174963468385,0.3941868333075295,0.5296251037815036
active_mask_ae,0,run_test,proton,solidity,2147,0.6694116781918548,0.75185214176995,0.73350989048917,0.7745731661630257,0.2871105852261858,0.3709589003517999,0.5156914964263445
active_mask_ae,0,test,kaon,mean_adc,2470,16.336012883529833,0.7724996376975533,0.7527282759995941,0.7913025432537042,0.3056262804386974,0.5052985585346215,0.5545821092313657
active_mask_ae,0,run_test,kaon,mean_adc,1772,16.336012883529833,0.7962979005299633,0.7741341900018108,0.8186069335096194,0.3382972460528864,0.548297425983286,0.6020024404252842
active_mask_ae,0,test,kaon,median_adc,2470,72.0,0.7162140949123197,0.6932477381282847,0.7339676364747519,0.1535162313228549,0.5003173030917116,0.4267721185709409
active_mask_ae,0,run_test,kaon,median_adc,1772,72.0,0.7447514729068128,0.721134190182523,0.7668343081154048,0.1635743662893004,0.4932471138560789,0.4560923132473556
active_mask_ae,0,test,kaon,solidity,2470,0.3838098618922837,0.821748541741118,0.8067315737306298,0.8351845384291409,0.3841327056252154,0.4988209410841591,0.6438263028015743
active_mask_ae,0,run_test,kaon,solidity,1772,0.3838098618922837,0.817011298448105,0.7956656480804223,0.8358393377894855,0.3904871592440497,0.4992019692739582,0.6473794560108538
active_mask_ae,0,test,muon,mean_adc,2931,9.839521409644714,0.7993164608899996,0.784644611306963,0.8136785466723007,0.2982487565442211,0.3648660408709476,0.6147378064379403
active_mask_ae,0,run_test,muon,mean_adc,1920,9.839521409644714,0.8174371263209121,0.8000500808449559,0.8363370557645177,0.3168531265290573,0.373079154910891,0.6354017192658743
active_mask_ae,0,test,muon,median_adc,2931,53.0,0.6973721107427826,0.6772182295640488,0.7167343493032697,0.2504544012294341,0.4639208190629612,0.4694119809644744
active_mask_ae,0,run_test,muon,median_adc,1920,53.0,0.7231736287569326,0.7001911538234314,0.7477662761198738,0.2006932191427648,0.3445297896845933,0.4944003923419236
active_mask_ae,0,test,muon,solidity,2931,0.4047478543790968,0.7337074194206276,0.7177660371294702,0.7517579859210854,0.2396053876217473,0.3056758536779421,0.4809236919441721
active_mask_ae,0,run_test,muon,solidity,1920,0.4047478543790968,0.7380851063829788,0.7173765755082883,0.7576707060643291,0.257991564958722,0.3180571913918747,0.5014034664994211
ae,2,test,proton,mean_adc,3866,41.88704693998812,0.9318499239551872,0.9228911066506325,0.9387699127240288,0.5969015670479625,0.8122299990655862,0.8141858336486516
ae,2,run_test,proton,mean_adc,2147,41.88704693998812,0.9346554508047294,0.9251004815914212,0.944254089903981,0.5951842169025657,0.8057465284018883,0.8175444419770951
ae,2,test,proton,median_adc,3866,94.0,0.7839209708922681,0.7713836010291049,0.796627955042559,0.2409190797015632,0.626837999820032,0.5589176114591268
ae,2,run_test,proton,median_adc,2147,94.0,0.7915868667101543,0.7738911517644413,0.8130445773976795,0.1874102919427256,0.5457005796526546,0.5172945863176474
ae,2,test,proton,solidity,3866,0.6694116781918548,0.7459160153946761,0.7318454089903806,0.7602507905825552,0.2527087225212315,0.4645355926096335,0.4804840013304516
ae,2,run_test,proton,solidity,2147,0.6694116781918548,0.7284748858447488,0.7089851479618023,0.748810318418103,0.2045100231342347,0.4275795085118531,0.4312368003489113
ae,2,test,kaon,mean_adc,2470,16.336012883529833,0.7930895644436051,0.7757381970542877,0.8118447838134752,0.2218807827306994,0.5066586245830638,0.5973902384717439
ae,2,run_test,kaon,mean_adc,1772,16.336012883529833,0.8125369445576844,0.7954540395705995,0.8332625318067994,0.2428337605454414,0.5118607635403518,0.6209951299868615
ae,2,test,kaon,median_adc,2470,72.0,0.6965933474809215,0.6750136441296,0.7159557968747423,0.1114634007924355,0.4973060570637633,0.4267512327136919
ae,2,run_test,kaon,median_adc,1772,72.0,0.7240841806935907,0.6992598306811443,0.7456576616052957,0.0953803814856717,0.4579860186742233,0.44683477354613
ae,2,test,kaon,solidity,2470,0.3838098618922837,0.78554857714869,0.7686410206723481,0.8024457906161175,0.2472266155648291,0.4511472170416807,0.5560935250091719
ae,2,run_test,kaon,solidity,1772,0.3838098618922837,0.7660656383604053,0.7474855800046156,0.7878148388027263,0.2308213398656297,0.4544772173131881,0.5318976928595741
ae,2,test,muon,mean_adc,2931,9.839521409644714,0.797003804692454,0.7810636148525217,0.8125317275338214,0.2208759657898844,0.3831123686104096,0.5914234695130514
ae,2,run_test,muon,mean_adc,1920,9.839521409644714,0.8072750104282536,0.7902650169497978,0.8272799633303423,0.1700645674734267,0.3482943244466383,0.5724572390970157
ae,2,test,muon,median_adc,2931,53.0,0.7803517763013164,0.7628153375104727,0.7946264780989031,0.2505832736054859,0.5537314424213804,0.5901819252242861
ae,2,run_test,muon,median_adc,1920,53.0,0.7942756316885002,0.7748984301994182,0.814033280470074,0.2713053590840394,0.3823453297386241,0.5820047041479153
ae,2,test,muon,solidity,2931,0.4047478543790968,0.7272482182718285,0.7114505520157347,0.7426562690357039,0.2285215959646742,0.3041321466586293,0.4538888760220154
ae,2,run_test,muon,solidity,1920,0.4047478543790968,0.7403962223187148,0.7194315586174138,0.7605890439641299,0.2601438072087718,0.3471538871215039,0.4968340445513358
active_mask_ae,1,test,proton,mean_adc,3866,41.88704693998812,0.9455725317567422,0.9378762898167284,0.9517019534647722,0.6432825202203687,0.768463728492098,0.8220060124429664
active_mask_ae,1,run_test,proton,mean_adc,2147,41.88704693998812,0.9449632793374654,0.9365504761396698,0.9518859091665594,0.6287057397828802,0.7756144077643832,0.8178863309006421
active_mask_ae,1,test,proton,median_adc,3866,94.0,0.8012330535569936,0.7871093464195384,0.8146292449560179,0.2978289608872446,0.5904158211056537,0.5902492132029958
active_mask_ae,1,run_test,proton,median_adc,2147,94.0,0.8145118504022615,0.7981525651338811,0.8328717086409039,0.2361339660029747,0.5312897371601217,0.5762140407433491
active_mask_ae,1,test,proton,solidity,3866,0.6694116781918548,0.7589537838098608,0.7436001221046268,0.7746802216158203,0.2946807264781885,0.4169660479403275,0.5423126625144877
active_mask_ae,1,run_test,proton,solidity,2147,0.6694116781918548,0.7632093933463795,0.743484745976951,0.7831647839530633,0.2901565627153796,0.3990757727172271,0.5410363160617284
active_mask_ae,1,test,kaon,mean_adc,2470,16.336012883529833,0.8082813486700384,0.7912985214350393,0.8253565569310676,0.4024229291717685,0.5593891967022375,0.6098632840055458
active_mask_ae,1,run_test,kaon,mean_adc,1772,16.336012883529833,0.8062767529555647,0.7881356190839932,0.8261271174661936,0.3778958305396218,0.5616181235098913,0.6063102508393116
active_mask_ae,1,test,kaon,median_adc,2470,72.0,0.7372857254514059,0.7150288602344296,0.7555500809883365,0.1994251827960289,0.5337159861941618,0.5047023979596361
active_mask_ae,1,run_test,kaon,median_adc,1772,72.0,0.7438603882218521,0.7208588835536935,0.7688878403494034,0.1629500857534653,0.5013087065434534,0.4835124820228341
active_mask_ae,1,test,kaon,solidity,2470,0.3838098618922837,0.8405724706785157,0.827190079512967,0.8545628295899157,0.4117174382606812,0.4805129487891548,0.6591391485845762
active_mask_ae,1,run_test,kaon,solidity,1772,0.3838098618922837,0.8265335657371788,0.8068444236667182,0.8444654585348963,0.4145034071672936,0.5080539425645609,0.6574374014471901
active_mask_ae,1,test,muon,mean_adc,2931,9.839521409644714,0.8091755567160281,0.794767441469417,0.8253132445794626,0.2948790459468241,0.3664132594647525,0.6264483817917395
active_mask_ae,1,run_test,muon,mean_adc,1920,9.839521409644714,0.8159185118882091,0.7991282140562943,0.8345413006584781,0.3015722461705301,0.3837972389835612,0.6278082712185795
active_mask_ae,1,test,muon,median_adc,2931,53.0,0.7422750932597137,0.7245728150091568,0.7616991534815487,0.2723427946949815,0.5169943857652781,0.5155411751085403
active_mask_ae,1,run_test,muon,median_adc,1920,53.0,0.7587809181596372,0.7373210646097212,0.7824832085953073,0.2605843579389068,0.3900755077920479,0.5299656154725496
active_mask_ae,1,test,muon,solidity,2931,0.4047478543790968,0.7409707613122162,0.724187926679484,0.759681562302183,0.2551167976841634,0.3123191599571729,0.493668589156281
active_mask_ae,1,run_test,muon,solidity,1920,0.4047478543790968,0.7454808944854537,0.7246808282502765,0.7662060927468411,0.2850740894009782,0.33496442479977,0.5208942181787699
endpoint,-1,test,proton,mean_adc,3866,41.88704693998812,0.9704997001049632,0.9663734892423124,0.97447644758941,0.7670163336226369,0.877219548837628,0.8936163757459409
endpoint,-1,run_test,proton,mean_adc,2147,41.88704693998812,0.9718448877545706,0.9661496750072036,0.9768238154031422,0.7701950321241354,0.8655267568287677,0.8914852707151765
endpoint,-1,test,proton,median_adc,3866,94.0,0.8899646492473386,0.8816567000729231,0.8987131415398311,0.7587945771475522,0.7853688287482623,0.8051343409261935
endpoint,-1,run_test,proton,median_adc,2147,94.0,0.8886723200695803,0.8763234651038871,0.9029235263377522,0.6070381401319117,0.7137215285381131,0.7825741638035406
endpoint,-1,test,proton,solidity,3866,0.6694116781918548,0.8611051254837638,0.8509606500938337,0.8735374984618948,0.6245773867485132,0.6955807156905146,0.7338312939731789
endpoint,-1,run_test,proton,solidity,2147,0.6694116781918548,0.8663248532289628,0.8504858580369022,0.8806459858566752,0.6325750392116747,0.713449161707609,0.7495022967645948
endpoint,-1,test,kaon,mean_adc,2470,16.336012883529833,0.9171602832582172,0.9055326741797614,0.926746000332966,0.6842341359441114,0.7812668246526762,0.82811375340593
endpoint,-1,run_test,kaon,mean_adc,1772,16.336012883529833,0.9165677231960864,0.90651836956093,0.9286828977942994,0.7130854392427333,0.8013094288105148,0.8248244876085291
endpoint,-1,test,kaon,median_adc,2470,72.0,0.9321165356668316,0.921210240522448,0.9401389966916202,0.7551043698314952,0.7667160721350664,0.8741414394561369
endpoint,-1,run_test,kaon,median_adc,1772,72.0,0.926125505065012,0.9155846716640514,0.9371435198024104,0.7084174146615281,0.7457335347731684,0.8601133487926023
endpoint,-1,test,kaon,solidity,2470,0.3838098618922837,0.953945805354441,0.9456610407077572,0.9604052409260148,0.7688355069858894,0.8129058654526322,0.8895818872635973
endpoint,-1,run_test,kaon,solidity,1772,0.3838098618922837,0.9490403140767112,0.9388910463930183,0.9595246118900872,0.7630528683439827,0.8029327587550796,0.8821133645507134
endpoint,-1,test,muon,mean_adc,2931,9.839521409644714,0.8339396284829721,0.8206922777024264,0.8484439713912273,0.3985866204617883,0.4521539944779328,0.6727313895365991
endpoint,-1,run_test,muon,mean_adc,1920,9.839521409644714,0.8396992752363738,0.8229590924432708,0.8563836437774105,0.387793063057549,0.4329507715512867,0.6922331606670898
endpoint,-1,test,muon,median_adc,2931,53.0,0.8376827781811451,0.8250200495684902,0.8519736282928296,0.515182513529476,0.645763991205971,0.6227190700169822
endpoint,-1,run_test,muon,median_adc,1920,53.0,0.8302792341164631,0.814009237912942,0.8467786278387064,0.3588975024631459,0.5286606829460305,0.6029297084868501
endpoint,-1,test,muon,solidity,2931,0.4047478543790968,0.772491029663341,0.7567459989448653,0.7887232620501351,0.3382043222621639,0.3992012981035117,0.5465014104106607
endpoint,-1,run_test,muon,solidity,1920,0.4047478543790968,0.778220798957881,0.7572026687260179,0.7981218342207681,0.3696548842279091,0.442195872342931,0.5803613753557333
vae,1,test,proton,mean_adc,3866,41.88704693998812,0.9399216524216524,0.9328966392204998,0.9461976022607224,0.6247688139283244,0.804012856689745,0.8230306910127245
vae,1,run_test,proton,mean_adc,2147,41.88704693998812,0.9453426393735784,0.9360457174086044,0.9532290033555756,0.6334731612775513,0.8087633102662934,0.8278952756086473
vae,1,test,proton,median_adc,3866,94.0,0.8015301232115161,0.7887116706984464,0.8139810702806752,0.3192088635091259,0.6315594026405451,0.5982137596205638
vae,1,run_test,proton,median_adc,2147,94.0,0.8129019352033051,0.7953564735860487,0.8312547589225265,0.2674169544590623,0.5529005026491585,0.5783487698442246
vae,1,test,proton,solidity,3866,0.6694116781918548,0.7294230212588042,0.7140674334413992,0.7452594858400441,0.238103577555086,0.4776819100460306,0.4623549155073563
vae,1,run_test,proton,solidity,2147,0.6694116781918548,0.7139421613394217,0.6947140262242699,0.736153279108465,0.1821161094047881,0.4360520125830084,0.4264813328272359
vae,1,test,kaon,mean_adc,2470,16.336012883529833,0.7951394421788246,0.7769438546146002,0.811976902051794,0.2253310353855802,0.48306497944394,0.6028934746766228
vae,1,run_test,kaon,mean_adc,1772,16.336012883529833,0.8076806461475744,0.7892566502819001,0.8290927583951672,0.236413850449772,0.5061185072882339,0.6198283970954109
vae,1,test,kaon,median_adc,2470,72.0,0.7426846657615888,0.7216326547504048,0.7605467661155428,0.1348360993968501,0.4904568793200857,0.482342202280742
vae,1,run_test,kaon,median_adc,1772,72.0,0.747709414475658,0.727368513660962,0.770159438734991,0.1118459737459021,0.4715201942060156,0.4788492826119068
vae,1,test,kaon,solidity,2470,0.3838098618922837,0.8215122718827681,0.8088910189684442,0.8366793175986006,0.3163891895721362,0.5097832123996505,0.6286577814045683
vae,1,run_test,kaon,solidity,1772,0.3838098618922837,0.8069190722037265,0.7856973682230018,0.8282782015998086,0.2871751595280248,0.4894632001107996,0.6026045356750861
vae,1,test,muon,mean_adc,2931,9.839521409644714,0.7638703420493118,0.747115111739122,0.7795879459273627,0.1503620694523706,0.3807369960883532,0.5244467730778872
vae,1,run_test,muon,mean_adc,1920,9.839521409644714,0.751052601849277,0.7335504784821504,0.7717055290364158,0.1351043672272954,0.3630483649897875,0.4969864402636669
vae,1,test,muon,median_adc,2931,53.0,0.7795841716715181,0.764238313730061,0.7948376547684743,0.2449834154064812,0.5467343421990094,0.580942457417028
vae,1,run_test,muon,median_adc,1920,53.0,0.7911533742895084,0.7707234666894862,0.8094203123710388,0.2457297318489115,0.4290868575812704,0.5911469045838337
vae,1,test,muon,solidity,2931,0.4047478543790968,0.7384833728652089,0.7230770770880132,0.7564889859691138,0.2269759392974928,0.2979731172225489,0.4695038929093763
vae,1,run_test,muon,solidity,1920,0.4047478543790968,0.7491880156317847,0.7288153310028377,0.7686210351497684,0.2261497343319758,0.3411808060726621,0.506896570384005
vae,0,test,proton,mean_adc,3866,41.88704693998812,0.940228241544031,0.9323905810414376,0.9463800044542634,0.6299540122262648,0.7904523803962064,0.8320285207899992
vae,0,run_test,proton,mean_adc,2147,41.88704693998812,0.9387172943035228,0.9300693337510032,0.9477860794507798,0.6095433488217441,0.7885462475502025,0.8257542515153747
vae,0,test,proton,median_adc,3866,94.0,0.8096091844928568,0.7961541278724317,0.8223234457832187,0.3204924334281746,0.6380759918604844,0.6029674968405206
vae,0,run_test,proton,median_adc,2147,94.0,0.8151198086540552,0.7977152963805337,0.8327581263654616,0.2405092220908625,0.5575594358001311,0.5685147139507502
vae,0,test,proton,solidity,3866,0.6694116781918548,0.7332156755539833,0.7167005510279754,0.7497728475735127,0.2554313541836218,0.4583249135087224,0.467173502100153
vae,0,run_test,proton,solidity,2147,0.6694116781918548,0.7126766688410524,0.6898292728397646,0.7351669827372841,0.1986109617702465,0.4306263150980913,0.4143594299796875
vae,0,test,kaon,mean_adc,2470,16.336012883529833,0.7958627355703625,0.7782331079465076,0.8125053251386867,0.2230730527405585,0.4894392951138496,0.5989692151648404
vae,0,run_test,kaon,mean_adc,1772,16.336012883529833,0.8112846514472075,0.7932129960966022,0.8300425413705802,0.2421901498118407,0.4916995687434859,0.6212348733446186
vae,0,test,kaon,median_adc,2470,72.0,0.7434853115326487,0.7252283431282988,0.7615456664277336,0.1555852020070299,0.4931644082365866,0.4920728651200192
vae,0,run_test,kaon,median_adc,1772,72.0,0.7508767226467002,0.7305675997242173,0.774860985125658,0.1347132726735243,0.4639007368964721,0.4906454697021385
vae,0,test,kaon,solidity,2470,0.3838098618922837,0.7907498046989402,0.7743232875758318,0.8095121876398033,0.2531389893077453,0.4659400625252896,0.5680242428178298
vae,0,run_test,kaon,solidity,1772,0.3838098618922837,0.7751531047462151,0.7553722509726457,0.7968763471498542,0.2404105634684572,0.4610396150097532,0.5455732460439936
vae,0,test,muon,mean_adc,2931,9.839521409644714,0.7612723339177141,0.7440489516036989,0.7773353184725668,0.1425988265654342,0.3627832162596606,0.5158008619743945
vae,0,run_test,muon,mean_adc,1920,9.839521409644714,0.7511210372636262,0.732532390980552,0.771896980886925,0.1262674516051976,0.3464716886079141,0.4900609012726837
vae,0,test,muon,median_adc,2931,53.0,0.7646064397590874,0.7485327472604824,0.7801713098027193,0.2139017831724667,0.5569283483492451,0.5669183087244338
vae,0,run_test,muon,median_adc,1920,53.0,0.7877198101373425,0.765441624189835,0.8063872981035557,0.2607346301832328,0.3564070042911654,0.5842235891346207
vae,0,test,muon,solidity,2931,0.4047478543790968,0.7203927671102245,0.7050386745464506,0.7365622386009855,0.204713391065693,0.3017422260806183,0.4345617469649157
vae,0,run_test,muon,solidity,1920,0.4047478543790968,0.7295636126791143,0.7086602923889417,0.7504970353199242,0.2396838765223704,0.3324815511093908,0.4747692921330544
random,2,test,proton,mean_adc,3866,41.88704693998812,0.7843634192318403,0.7703328891475112,0.7972501210547418,0.2779077978154798,0.3967565931196796,0.5276919498324423
random,2,run_test,proton,mean_adc,2147,41.88704693998812,0.777709776550862,0.7604410435706092,0.7982225363007387,0.2999461516129295,0.4072598235027787,0.5463195478614774
random,2,test,proton,median_adc,3866,94.0,0.6802267703193097,0.6647312993833362,0.6971462593198096,0.1245626036164224,0.2206296078482268,0.3744082005746747
random,2,run_test,proton,median_adc,2147,94.0,0.7035025005435964,0.6820207110317877,0.7262732830617233,0.1056281776409341,0.1601341860118427,0.3705698079296091
random,2,test,proton,solidity,3866,0.6694116781918548,0.701723056636542,0.6854921722903594,0.7196735851131159,0.1605373963448553,0.1806871779138528,0.414747887586022
random,2,run_test,proton,solidity,2147,0.6694116781918548,0.6929836921069799,0.6727222451384626,0.7146536669291302,0.1186403199828062,0.1403093916930951,0.3865237402313364
random,2,test,kaon,mean_adc,2470,16.336012883529833,0.6171004131887271,0.5984186146639179,0.6397787995029905,0.0829068594068365,0.1012670752836558,0.2455281965892488
random,2,run_test,kaon,mean_adc,1772,16.336012883529833,0.6242789441500204,0.5989095616459293,0.652433059809928,0.0798489070253466,0.0868741682753068,0.2556847317520344
random,2,test,kaon,median_adc,2470,72.0,0.7093301176141413,0.68772146619809,0.7275198463033475,0.1490636007094883,0.2729820707663947,0.4271510908974533
random,2,run_test,kaon,median_adc,1772,72.0,0.6891837894078373,0.665332677311235,0.7160059069986544,0.0740252478007306,0.1783962155425937,0.3780707595109614
random,2,test,kaon,solidity,2470,0.3838098618922837,0.6553276878657988,0.6349187602534259,0.6800238988655388,0.0797162058367719,0.1640357365477092,0.3135364897961719
random,2,run_test,kaon,solidity,1772,0.3838098618922837,0.6647009245575806,0.6366557480879478,0.6929178524797359,0.1021848329145458,0.1675092332055993,0.3353627342646056
random,2,test,muon,mean_adc,2931,9.839521409644714,0.6696962773695401,0.6499158658407368,0.689196145970189,0.0799398481096237,0.1281837999871795,0.3234695240511355
random,2,run_test,muon,mean_adc,1920,9.839521409644714,0.6278254049638488,0.6044892140081549,0.6483962961745373,0.0631704825788137,0.0928254443399607,0.2629845990384962
random,2,test,muon,median_adc,2931,53.0,0.657069563107392,0.6379771728932986,0.6764622357619063,0.1008722811340869,0.1480644692317358,0.3234425721302751
random,2,run_test,muon,median_adc,1920,53.0,0.6215222096116821,0.5964909574416087,0.6489334493336827,0.0670348031986363,0.0363556100689901,0.2575179870952231
random,2,test,muon,solidity,2931,0.4047478543790968,0.6692099305561375,0.6507331692927393,0.6863292668278195,0.134570366321577,0.16323315968111,0.3576578423956496
random,2,run_test,muon,solidity,1920,0.4047478543790968,0.662455492835432,0.64017071591003,0.6830512991898053,0.1377184242578595,0.1822075935891122,0.374123675955624
pixel_pca,-1,test,proton,mean_adc,3866,41.88704693998812,0.9124531414005098,0.9042662146884862,0.9211974350160326,0.5456141812735049,0.7125260947925535,0.7609934473245434
pixel_pca,-1,run_test,proton,mean_adc,2147,41.88704693998812,0.918428043127246,0.9070667623707596,0.9278361473514408,0.5704190781463132,0.7145716939187328,0.7792499434164182
pixel_pca,-1,test,proton,median_adc,3866,94.0,0.7320080487644663,0.7180678893039403,0.7496728723290117,0.1854701151043021,0.4764407228329775,0.4517740627023131
pixel_pca,-1,run_test,proton,median_adc,2147,94.0,0.740971515546858,0.7199629689292631,0.7601406857488615,0.1583398608138423,0.4141991509248349,0.4231362956430887
pixel_pca,-1,test,proton,solidity,3866,0.6694116781918548,0.7446365205458891,0.7299788228636432,0.7598268462918312,0.177834862564182,0.2807797189519004,0.4826997877286626
pixel_pca,-1,run_test,proton,solidity,2147,0.6694116781918548,0.7240034790171777,0.7009240909383466,0.7438435597919562,0.162938349495771,0.2603873166574274,0.4590994087712262
pixel_pca,-1,test,kaon,mean_adc,2470,16.336012883529833,0.7850238267138545,0.7647847389163569,0.8020977687752315,0.2756526952474888,0.4007675312726984,0.5459098953142734
pixel_pca,-1,run_test,kaon,mean_adc,1772,16.336012883529833,0.7587392988177741,0.7362871746201806,0.781054071595197,0.2245578750380222,0.433424170859275,0.5077990641649669
pixel_pca,-1,test,kaon,median_adc,2470,72.0,0.7338861007500059,0.7143480604407964,0.7512836419939503,0.1932517186223046,0.3888324630507972,0.4776750431840528
pixel_pca,-1,run_test,kaon,median_adc,1772,72.0,0.7144558702437717,0.6904680648403448,0.7378089187062772,0.1093059949270989,0.3154038221774664,0.4152636747340433
pixel_pca,-1,test,kaon,solidity,2470,0.3838098618922837,0.6351670901754517,0.6149411539916251,0.6575875519157115,0.0908183865579994,0.3027049847379475,0.3278279633076339
pixel_pca,-1,run_test,kaon,solidity,1772,0.3838098618922837,0.6236868311429653,0.5972990785007207,0.6501544362777166,0.0585195451070837,0.3132340000108755,0.276671677849283
pixel_pca,-1,test,muon,mean_adc,2931,9.839521409644714,0.8280157782834123,0.8166639275299629,0.8433536428972216,0.3713807064481498,0.3660357599106721,0.6603375247504548
pixel_pca,-1,run_test,muon,mean_adc,1920,9.839521409644714,0.8385217515989989,0.8228531438819546,0.8564514618577359,0.3738001067361169,0.3711891828833784,0.6731180081438536
pixel_pca,-1,test,muon,median_adc,2931,53.0,0.7719458918989859,0.7521490757152945,0.7876349077174356,0.2942800979981228,0.5207343765656676,0.5794216794746339
pixel_pca,-1,run_test,muon,median_adc,1920,53.0,0.7647439932730171,0.7432669028691757,0.7856315218202299,0.2622296394792786,0.3852183708220535,0.5593044584436557
pixel_pca,-1,test,muon,solidity,2931,0.4047478543790968,0.7023990121221773,0.6848818978053751,0.7213752883984076,0.1442192593613739,0.2375361840602331,0.4022086937872212
pixel_pca,-1,run_test,muon,solidity,1920,0.4047478543790968,0.6958141554494137,0.6738357724555525,0.7167556981850163,0.1533504991556368,0.2693102031412532,0.4073018208284018
ae,0,test,proton,mean_adc,3866,41.88704693998812,0.9441196474091212,0.9366879738997084,0.9500604580481752,0.6392584057330744,0.8071897950229497,0.8345425650270559
ae,0,run_test,proton,mean_adc,2147,41.88704693998812,0.945668177162005,0.936634219736598,0.9545338092703324,0.6457457142073364,0.7998465535549933,0.8398416555506006
ae,0,test,proton,median_adc,3866,94.0,0.8033321134173332,0.7912628353804622,0.8150572365864956,0.2962809258523555,0.6190489037585399,0.5886224467973219
ae,0,run_test,proton,median_adc,2147,94.0,0.8138264840182647,0.7967626437353272,0.8327935517931536,0.2556502146182461,0.5453444727226542,0.5726653702614067
ae,0,test,proton,solidity,3866,0.6694116781918548,0.7666511219031078,0.7516802484143368,0.7816500816741417,0.2907902385178779,0.4960428702289806,0.5286307252222499
ae,0,run_test,proton,solidity,2147,0.6694116781918548,0.7409836921069798,0.7210802897283153,0.7612465011882464,0.2375892811622497,0.4660946383306357,0.4786766309696073
ae,0,test,kaon,mean_adc,2470,16.336012883529833,0.7879117542717261,0.7705252974554077,0.8061388131925357,0.2129657603744601,0.5085460443629085,0.5893559635740541
ae,0,run_test,kaon,mean_adc,1772,16.336012883529833,0.8096820220138605,0.7903477979359856,0.8299585923630068,0.2425972749231264,0.5278384521959043,0.6149246574438866
ae,0,test,kaon,median_adc,2470,72.0,0.7192879441400152,0.700850742561861,0.7374373743743411,0.1238393512586197,0.4993896936189478,0.4518005295059918
ae,0,run_test,kaon,median_adc,1772,72.0,0.71930194110926,0.6981994959002003,0.7403325074633456,0.1002730368464728,0.4602339625097934,0.4460408133749098
ae,0,test,kaon,solidity,2470,0.3838098618922837,0.8297257755936529,0.8158325267051681,0.8442385727526167,0.3159238080866401,0.4906363023771624,0.6341511630862339
ae,0,run_test,kaon,solidity,1772,0.3838098618922837,0.8199324974785372,0.8003223540030888,0.8390107761841958,0.3193641806021036,0.4708790072952805,0.6192575222702766
ae,0,test,muon,mean_adc,2931,9.839521409644714,0.7659535976724234,0.7491255216617771,0.7804165583102558,0.1549934118705959,0.3682633468699566,0.5300702321951164
ae,0,run_test,muon,mean_adc,1920,9.839521409644714,0.7725369768492769,0.752978969836098,0.79310024339221,0.1305413318697065,0.3396311222040832,0.5202822339803533
ae,0,test,muon,median_adc,2931,53.0,0.7669677917629321,0.7495780149951408,0.782904498979552,0.217236959146569,0.561548361693305,0.5692954493861712
ae,0,run_test,muon,median_adc,1920,53.0,0.7854694413939192,0.7648080579961365,0.8031833982954241,0.2554647391355688,0.4010686709677188,0.587793436998323
ae,0,test,muon,solidity,2931,0.4047478543790968,0.7394574680788253,0.7246874133143637,0.7574598986073946,0.2303315173791265,0.2975424796114594,0.4728548208133341
ae,0,run_test,muon,solidity,1920,0.4047478543790968,0.7474630916196267,0.7263043510713083,0.7664599874433408,0.2664323442694316,0.3334313110284951,0.5146202697209644
active_mask_ae,2,test,proton,mean_adc,3866,41.88704693998812,0.928393365893366,0.9203020472803636,0.9357152785765076,0.626721056823067,0.7725032284322986,0.8080605719873785
active_mask_ae,2,run_test,proton,mean_adc,2147,41.88704693998812,0.929076167161484,0.9189324662433128,0.9382772892933818,0.6203759133358164,0.7688306083633635,0.8097590096069784
active_mask_ae,2,test,proton,median_adc,3866,94.0,0.7835335470197184,0.7690620565282446,0.7986772056065709,0.2599371731101855,0.5836898869468718,0.554566350119046
active_mask_ae,2,run_test,proton,median_adc,2147,94.0,0.7952737551641662,0.7790483373475554,0.8156046506800824,0.1957071022447351,0.4791084241916592,0.5382311073220615
active_mask_ae,2,test,proton,solidity,3866,0.6694116781918548,0.7598173222268678,0.7456763967787159,0.775317322921351,0.2955877042043164,0.4167751134707737,0.5423862834592522
active_mask_ae,2,run_test,proton,solidity,2147,0.6694116781918548,0.755924331376386,0.7367650174050441,0.7739412211404331,0.2809523234621497,0.3535781135550895,0.5273876206041718
active_mask_ae,2,test,kaon,mean_adc,2470,16.336012883529833,0.7694051485636757,0.7489586505182433,0.7885191636000956,0.2809679139390846,0.4773183887899929,0.5242731822971072
active_mask_ae,2,run_test,kaon,mean_adc,1772,16.336012883529833,0.7851788626172034,0.7651309499922573,0.8063407278633254,0.2994086478638565,0.5221160131823768,0.5511107305537748
active_mask_ae,2,test,kaon,median_adc,2470,72.0,0.7268622239036441,0.7037649515584712,0.7453026941119683,0.1520247091107358,0.4919266560453688,0.436654804871414
active_mask_ae,2,run_test,kaon,median_adc,1772,72.0,0.7496320126641262,0.7288062898342716,0.7706874077021172,0.1678787280826222,0.4555935247402848,0.4689137096639923
active_mask_ae,2,test,kaon,solidity,2470,0.3838098618922837,0.8319983099136595,0.8191113031928674,0.847511957142974,0.3934378313919769,0.4918257629719059,0.6515917101622491
active_mask_ae,2,run_test,kaon,solidity,1772,0.3838098618922837,0.8264647116351957,0.8102981351940074,0.8455773902375654,0.4043760281643639,0.5235735460772115,0.6522699919809274
active_mask_ae,2,test,muon,mean_adc,2931,9.839521409644714,0.8113329478906338,0.7971722582732284,0.8274380401366671,0.3059543733747344,0.3713291296380367,0.6339279293165297
active_mask_ae,2,run_test,muon,mean_adc,1920,9.839521409644714,0.8159033040183538,0.7990105791750804,0.8360638275810136,0.313635279476804,0.3605666179437526,0.6380449304999268
active_mask_ae,2,test,muon,median_adc,2931,53.0,0.7276183768136194,0.7087345202791827,0.7438113785856122,0.2642920908976133,0.4959805276873299,0.5089301111210887
active_mask_ae,2,run_test,muon,median_adc,1920,53.0,0.7422173311706513,0.71888915817395,0.7650230184488225,0.2554601345185633,0.3556304019268175,0.5146863897170887
active_mask_ae,2,test,muon,solidity,2931,0.4047478543790968,0.7339383712494774,0.7176498710642759,0.7519214970685778,0.2362814849693681,0.3175263697521708,0.4763631030994658
active_mask_ae,2,run_test,muon,solidity,1920,0.4047478543790968,0.7395049934867564,0.7196605844385319,0.7576377718017976,0.2777479029577856,0.3359428165424988,0.5088032470847565
ae,1,test,proton,mean_adc,3866,41.88704693998812,0.937012938328728,0.9290423488395652,0.9432678025583988,0.6087757914142942,0.7963095406153591,0.8245696467341308
ae,1,run_test,proton,mean_adc,2147,41.88704693998812,0.9408684480094448,0.9315721142100096,0.949743826164556,0.6238346234560666,0.7926075358041951,0.8255287671566267
ae,1,test,proton,median_adc,3866,94.0,0.8008550136536753,0.7867924287757776,0.8130811715728284,0.3063142661694814,0.6131289518722307,0.5870640767140294
ae,1,run_test,proton,median_adc,2147,94.0,0.8115242444009567,0.793451517942091,0.8297592238079319,0.2439162764080639,0.549881942398149,0.5587404190658997
ae,1,test,proton,solidity,3866,0.6694116781918548,0.7463619893009144,0.7289235686597806,0.7621297707526025,0.2750010280709599,0.476386384740956,0.499606531868419
ae,1,run_test,proton,solidity,2147,0.6694116781918548,0.7251280713198521,0.7050685333890441,0.7470596776331099,0.2058389190479554,0.4100490248817456,0.4461727397498595
ae,1,test,kaon,mean_adc,2470,16.336012883529833,0.7810703037242069,0.7628300354905309,0.7975372434338976,0.2251748734602021,0.5138887851895205,0.5827013951065987
ae,1,run_test,kaon,mean_adc,1772,16.336012883529833,0.8007044944965349,0.7797808485289253,0.8187654722441302,0.2510276010222158,0.543125382607663,0.6103888253499185
ae,1,test,kaon,median_adc,2470,72.0,0.733143253853313,0.7175475128280152,0.7516163257238099,0.1083574890618508,0.5017911864157045,0.4747528558830062
ae,1,run_test,kaon,median_adc,1772,72.0,0.7392351735891691,0.7163434932155,0.7591927336372057,0.0920403353880947,0.4582595624148614,0.4713335352603444
ae,1,test,kaon,solidity,2470,0.3838098618922837,0.793613342731477,0.7767941377532017,0.8091985666333766,0.2584756520713513,0.4639628306043372,0.5658130905127473
ae,1,run_test,kaon,solidity,1772,0.3838098618922837,0.7837369161267783,0.7637472386119538,0.8057669197176783,0.2688626167114369,0.4831001391621505,0.5659137969955896
ae,1,test,muon,mean_adc,2931,9.839521409644714,0.7812940616956991,0.7664060689117592,0.7968328284663612,0.1828849068455229,0.3734797018534327,0.5554979399560225
ae,1,run_test,muon,mean_adc,1920,9.839521409644714,0.777272055756396,0.759901995913054,0.795254971158069,0.1526423620887662,0.3416176855648954,0.5348614579566671
ae,1,test,muon,median_adc,2931,53.0,0.7562340731480949,0.7387683341639454,0.770808596711069,0.2355395436770594,0.5690982993653471,0.549189590692491
ae,1,run_test,muon,median_adc,1920,53.0,0.7795121099475717,0.7593183620546621,0.7989125028157752,0.2283466401123272,0.4278219290339545,0.56764433011932
ae,1,test,muon,solidity,2931,0.4047478543790968,0.7358474488669856,0.7201443031589723,0.7517625375837164,0.2178443461607457,0.2928783068373142,0.4510978896097081
ae,1,run_test,muon,solidity,1920,0.4047478543790968,0.7410746851932262,0.7197271766905154,0.760301633615525,0.2452944237262576,0.3346879395943593,0.4914300922846006
