method,n_train,seed,partition,weighted_reconstruction
ae,9417,1,test,4427619.0
ae,9417,1,run_test,4710523.0
active_mask_ae,9417,2,test,7029758.0
active_mask_ae,9417,2,run_test,7482077.5
active_mask_ae,9417,1,test,6917611.5
active_mask_ae,9417,1,run_test,7354229.5
ae,9417,2,test,4437004.0
ae,9417,2,run_test,4708402.0
vae,9417,0,test,4402505.5
vae,9417,0,run_test,4676524.5
pixel_pca,9417,-1,test,8075615.469798751
pixel_pca,9417,-1,run_test,8574484.178528769
vae,9417,1,test,4452608.5
vae,9417,1,run_test,4737238.0
vae,9417,2,test,4417979.5
vae,9417,2,run_test,4689761.5
active_mask_ae,9417,0,test,6877082.5
active_mask_ae,9417,0,run_test,7328711.5
ae,9417,0,test,4452239.5
ae,9417,0,run_test,4727514.5
