epoch,train_loss,train_recon,train_kl,val_loss,val_recon,val_kl,seconds
1,5565.495560778601,5149.494398834746,13.000036324686922,3974.332699210184,3540.6941669664884,13.551204179462633,9.072542791996966
2,4038.1777889962923,3585.1110177767478,14.15833648423017,3492.7612281130073,3053.4107357627468,13.729702655056066,9.109075208005379
3,3780.8776309255827,3321.08228697696,14.368604588912705,3757.486009457237,3287.488989471971,14.68740679255703,8.591343874999438
4,3590.7957792637712,3124.7886102191474,14.562723906565521,3378.6448659796465,2898.5889950400906,15.001746008688944,10.817368375006481
5,3490.7300698490467,3024.0609408103815,14.5834103891405,3270.411686840392,2788.9028775399192,15.047150212003473,10.28417637500388
6,3397.0973161083157,2924.46315876589,14.769817413718014,3096.9979425798383,2624.396334571169,14.768800354003906,9.99859220799408
7,3334.7853987354342,2861.7377995895126,14.782737512103582,3107.4227624725877,2633.045412619072,14.824292202999718,10.280963249999331
8,3235.1344296212924,2761.3433010295284,14.805972794354972,3004.22273056298,2524.815046986362,14.981490058229681,10.260058041996672
9,3195.52049539857,2720.215363479873,14.853285126766917,3003.9598906935307,2526.954414876302,14.906421102557266,10.320300583000062
10,3152.2733915684585,2673.7713180283367,14.95319010201147,3052.210352204975,2578.709752989652,14.79689387940524,10.259927000006428
11,3103.2178768869176,2627.3289794921875,14.871527920739126,2944.3019659745064,2480.3403348153097,14.498800913492838,10.31760025001131
12,3070.3884335275425,2588.8761511851167,15.047259172342592,2860.191437302974,2380.925352290639,14.977065154962373,10.124984209003742
13,3020.439429124735,2540.1717769299526,15.008364027637546,2912.6155237030566,2442.992899255585,14.67570691694293,10.302814291993855
14,2978.747083967823,2495.009375,15.11680336645094,2895.485606839364,2433.596567147238,14.43403246528224,10.55542620900087
15,2932.9724030058264,2450.506053446107,15.077073384947695,2865.535912871779,2406.644951428865,14.340342449723629,10.056306334008696
16,2918.737129237288,2436.251760295286,15.077667730945652,2952.8756775973134,2478.9729242692915,14.809461016404,10.244176334002987
17,2881.766196868379,2394.4609759831833,15.2282884209843,2892.5832997104576,2421.735640248081,14.713989363218609,10.555501707989606
18,2858.931465588586,2373.587589380297,15.166996105646684,2866.755302563048,2380.689885296738,15.189544219301458,9.992722375012818
19,2823.1607413599045,2336.754924606065,15.200181518166753,2820.5126659727935,2355.596196546053,14.528639627757824,9.938530125000398
20,2804.1568140062236,2312.1592719643804,15.374923001305532,2869.8373363829496,2389.483967456483,15.011042609967683,10.258874833001755
21,2777.4953807766155,2285.0847825907044,15.387831228870457,2801.4408057497258,2331.5635397392407,14.68366461469416,10.108635041004163
22,2745.2645135394596,2253.214792439089,15.3765536065829,2839.8248417369105,2353.831356543825,15.18729629851224,10.241132249997463
23,2722.9724199715306,2233.966799357786,15.281425573058048,2837.8978579872532,2355.859470300507,15.063699538247628,10.180828791999375
24,2710.8555295782576,2217.222742319915,15.426024624452753,2855.7318637780977,2369.0683177211827,15.208235929723372,10.085017833000165
25,2687.78447265625,2191.22587890625,15.517456238956775,2844.075955360814,2361.620489394874,15.076733343224776,10.013124999997672
26,2671.9596121060645,2176.3066331766418,15.489155458999893,2791.332360304448,2312.5678527832033,14.961390803153055,10.082206957988092
27,2645.372871838586,2150.4912192134534,15.465051715656863,2828.972532038103,2349.7552254660086,14.97554089730246,9.996959750002134
28,2622.791307352357,2125.654513291181,15.535524988982637,2836.471288205866,2349.4261930766856,15.22015936667459,10.218497750000097
29,2602.643022957495,2104.358567680747,15.5713889849388,2823.9172249777275,2336.97040330318,15.217088063557943,10.001782499995898
30,2596.8111717094807,2099.935216250662,15.527373818219719,2822.0500102796054,2332.1407886170505,15.30966319033974,10.060599749995163
31,2559.005869306144,2060.8121048232256,15.56855505603855,2885.2536773146244,2414.4549515573603,14.71246002766124,9.961337749991799
32,2548.9026723053494,2049.853934802039,15.595273063142422,2840.3668636924344,2369.1553644548385,14.725359245768765,9.868851958002779
33,2530.85518281581,2029.4365859209481,15.66933111093812,2844.545175652755,2371.625138346354,14.778751214345297,10.006600875000004
34,2514.8426099874205,2014.302517958819,15.641877914687335,2876.986687911184,2406.289805094401,14.70927770346926,10.075137749998248
35,2509.0566712460277,2006.0515583620233,15.71890985844499,2842.8512151350055,2354.1995056152346,15.270365960974443,10.01123262499459
36,2494.09547057071,1990.6663005246955,15.73216152837721,2849.628667249178,2362.1479316577575,15.233773062521951,10.22799733300053
37,2474.2868284063825,1970.9459427138506,15.72940273931471,2824.2240889699838,2335.279473341557,15.279519288581714,9.986752625001827
38,2452.7998539294226,1947.4737199169094,15.79144145512985,2863.9758172286183,2367.343108381305,15.519771985840379,10.086848916995223
39,2432.832578290519,1927.7832891949151,15.782790290703208,2853.9935825280977,2362.20495980246,15.368394409982782,9.912230000001728
40,2413.1555308196503,1906.1119910288664,15.845110608763614,2862.7473369397617,2377.925312350089,15.150688186444734,10.20228612498613
41,2401.0755789029395,1895.4534113479872,15.800692606780489,2845.29781579804,2358.403581478721,15.215444658513654,10.089916124998126
42,2402.5372318591103,1894.0046339132018,15.891643669645665,2876.444621624863,2375.9094026264393,15.641725679029499,10.120322542003123
43,2387.736843716896,1880.4164366641287,15.853762448844263,2877.7031277840597,2386.405839565344,15.353040357221637,9.74373629198817
44,2374.935878326933,1866.965216995498,15.874082972639698,2910.508684124863,2423.0811657286526,15.232109864552816,9.82586983400688
45,2364.6968133441474,1853.5050686076536,15.974741819349386,2852.13371068051,2359.6445589835184,15.390286080879077,9.941986249992624
46,2350.6241355766683,1841.9694766287075,15.89545816324525,2920.2974750719573,2421.937958834464,15.573734972769754,9.962255625010584
