target,species,method,partition,n,r2,low,high
mean_adc,proton,vae_s0,test,3866,0.7020150058613214,0.6865426745191976,0.714131069815687
mean_adc,proton,vae_s0,run_test,2147,0.7160590474757582,0.6941096340092768,0.7364360053922531
mean_adc,proton,vae_s1,test,3866,0.717314826879487,0.7040917719225995,0.7281343378659677
mean_adc,proton,vae_s1,run_test,2147,0.7279845116786796,0.7098838796065906,0.7494279293613055
mean_adc,proton,vae_s2,test,3866,0.7042520909556154,0.6879600064488476,0.717963517187967
mean_adc,proton,vae_s2,run_test,2147,0.7101122646982265,0.6898019089301064,0.728919913191735
mean_adc,proton,ae_s0,test,3866,0.7175761178627209,0.7032513769377197,0.7299816412990405
mean_adc,proton,ae_s0,run_test,2147,0.715721978968465,0.6949180672877872,0.7347170570270001
mean_adc,proton,ae_s1,test,3866,0.7191397802163632,0.7051311624260934,0.7333465177511976
mean_adc,proton,ae_s1,run_test,2147,0.7246617150395451,0.7041421778006238,0.7430003275629726
mean_adc,proton,ae_s2,test,3866,0.7268426163468782,0.7114171368058525,0.738543221169916
mean_adc,proton,ae_s2,run_test,2147,0.7364378005460114,0.7182757760619539,0.7531583175167659
mean_adc,proton,random_s0,test,3866,0.28805120258539474,0.25681429929693383,0.31648445595264435
mean_adc,proton,random_s0,run_test,2147,0.2953326039986013,0.25604062335054045,0.3340855613704454
mean_adc,proton,endpoint_pca,test,3866,0.6997736676161701,0.6816967016968027,0.7146851140873401
mean_adc,proton,endpoint_pca,run_test,2147,0.7122441274076577,0.6907914573702607,0.7310704205346876
mean_adc,kaon,vae_s0,test,2470,0.3800622303388601,0.3582256361502619,0.39975541478656434
mean_adc,kaon,vae_s0,run_test,1772,0.389990294429181,0.36524528357266284,0.4169376026380605
mean_adc,kaon,vae_s1,test,2470,0.4041417551622051,0.38111829158735044,0.4239156331593335
mean_adc,kaon,vae_s1,run_test,1772,0.41662044955972644,0.39470410367770187,0.440132531235595
mean_adc,kaon,vae_s2,test,2470,0.38104673662337574,0.3575127437345461,0.40291793477531057
mean_adc,kaon,vae_s2,run_test,1772,0.3957604660351536,0.3727586589979458,0.4172306012599498
mean_adc,kaon,ae_s0,test,2470,0.4058321087312541,0.37958815770362825,0.42703556522835107
mean_adc,kaon,ae_s0,run_test,1772,0.4349695927339343,0.41085786764944465,0.4587554812429443
mean_adc,kaon,ae_s1,test,2470,0.38986705842240077,0.36662377705689503,0.4125394538293358
mean_adc,kaon,ae_s1,run_test,1772,0.41208431123730416,0.38836853329745685,0.4362943233977754
mean_adc,kaon,ae_s2,test,2470,0.3709082424075153,0.34938267624529656,0.3876910173883486
mean_adc,kaon,ae_s2,run_test,1772,0.38783564429387407,0.36649824302761413,0.4090916332638536
mean_adc,kaon,random_s0,test,2470,0.009105887763464104,-0.00028400511646812783,0.01872087136067798
mean_adc,kaon,random_s0,run_test,1772,0.0014013917025029743,-0.009844777060969328,0.00850890140476984
mean_adc,kaon,endpoint_pca,test,2470,0.5902634089542477,0.5679470862650117,0.6114783312525806
mean_adc,kaon,endpoint_pca,run_test,1772,0.6203415363145873,0.5954421255313977,0.6474511287492695
mean_adc,muon,vae_s0,test,2931,0.3254077601086709,0.3060724414763403,0.34558455628097146
mean_adc,muon,vae_s0,run_test,1920,0.32063889125925393,0.2919838620653952,0.34610242581545964
mean_adc,muon,vae_s1,test,2931,0.29422979461660226,0.275363064482203,0.3143599601578388
mean_adc,muon,vae_s1,run_test,1920,0.29509828031476903,0.2660553980250344,0.32021828131220537
mean_adc,muon,vae_s2,test,2931,0.32259010046883463,0.30041852990869117,0.34687198842886846
mean_adc,muon,vae_s2,run_test,1920,0.31322553159900934,0.28060772420180385,0.3420818540708679
mean_adc,muon,ae_s0,test,2931,0.31807932347680834,0.2934771855475995,0.3405644849585813
mean_adc,muon,ae_s0,run_test,1920,0.31511166922073797,0.2811969078279342,0.34561248707807896
mean_adc,muon,ae_s1,test,2931,0.27975406162663186,0.25905253786357413,0.3033966247212787
mean_adc,muon,ae_s1,run_test,1920,0.2668073181405687,0.23851714059453735,0.2967425920022522
mean_adc,muon,ae_s2,test,2931,0.2877651500727001,0.26674082499469554,0.3103690734710563
mean_adc,muon,ae_s2,run_test,1920,0.2724716786853506,0.24018425518244765,0.3000514062530954
mean_adc,muon,random_s0,test,2931,0.15904597220427585,0.1373456858397441,0.18291776948423166
mean_adc,muon,random_s0,run_test,1920,0.1545195250711895,0.12885466463463627,0.18242288746903745
mean_adc,muon,endpoint_pca,test,2931,0.211747454909755,0.18695147530929834,0.23292286620339114
mean_adc,muon,endpoint_pca,run_test,1920,0.22850868632786114,0.20000703657481783,0.25865690437981753
median_adc,proton,vae_s0,test,3866,0.18966140202279358,0.16913374841745754,0.20561777959337782
median_adc,proton,vae_s0,run_test,2147,0.20637154620588483,0.17740320610360127,0.23860969413899444
median_adc,proton,vae_s1,test,3866,0.29187804946673257,0.2691725121378144,0.3139291115120424
median_adc,proton,vae_s1,run_test,2147,0.2749437152410892,0.23532728483135315,0.31169615626254255
median_adc,proton,vae_s2,test,3866,0.286420058141587,0.26512301832297935,0.31028235277371363
median_adc,proton,vae_s2,run_test,2147,0.24712560908960446,0.20048835563794953,0.2847617381098217
median_adc,proton,ae_s0,test,3866,0.2835759739422513,0.2631906674334751,0.30639033852737113
median_adc,proton,ae_s0,run_test,2147,0.2364856944609789,0.18885439812826507,0.27763141106108835
median_adc,proton,ae_s1,test,3866,0.264280277361689,0.23557676252383286,0.29114321692855005
median_adc,proton,ae_s1,run_test,2147,0.2589641410783865,0.2170473194326297,0.2917786340418708
median_adc,proton,ae_s2,test,3866,0.26153303154552077,0.2356108514658528,0.28429310958086784
median_adc,proton,ae_s2,run_test,2147,0.24916110259462332,0.21713796569136495,0.2850199514865287
median_adc,proton,random_s0,test,3866,0.05115047240039927,0.034873720279990694,0.06585294797564704
median_adc,proton,random_s0,run_test,2147,0.028422026758020524,0.004213525180355779,0.05156207291256241
median_adc,proton,endpoint_pca,test,3866,0.604559911561823,0.5801956729584801,0.6371165534807522
median_adc,proton,endpoint_pca,run_test,2147,0.4939469895898315,0.4042821764154159,0.5766406061880779
median_adc,kaon,vae_s0,test,2470,0.07619198551179496,0.05682707911840233,0.0917662870460358
median_adc,kaon,vae_s0,run_test,1772,0.06897750219467425,0.04833799313490681,0.08823751671301099
median_adc,kaon,vae_s1,test,2470,0.10255745958980589,0.08336363864758307,0.11710005935245499
median_adc,kaon,vae_s1,run_test,1772,0.07682414648478986,0.057294698682109936,0.09902261056289711
median_adc,kaon,vae_s2,test,2470,0.11198973851373872,0.0914327491521754,0.12784777974316477
median_adc,kaon,vae_s2,run_test,1772,0.08877538223007997,0.06463611677438705,0.11166657411169412
median_adc,kaon,ae_s0,test,2470,0.0737235829116335,0.054425151724654085,0.0906084465997157
median_adc,kaon,ae_s0,run_test,1772,0.06476362588476758,0.04649244235944143,0.08484532217525655
median_adc,kaon,ae_s1,test,2470,0.09575692625652188,0.07665955744572932,0.11139192823074229
median_adc,kaon,ae_s1,run_test,1772,0.07533474019730124,0.054082765825564406,0.09676201752408889
median_adc,kaon,ae_s2,test,2470,0.08287738704228886,0.06399973736135198,0.09684652905700367
median_adc,kaon,ae_s2,run_test,1772,0.06785275323529982,0.04827884424665741,0.08779522337602727
median_adc,kaon,random_s0,test,2470,0.01298754359834331,-0.003950230089336387,0.028285826272402417
median_adc,kaon,random_s0,run_test,1772,-0.017170373567834574,-0.03899882858751705,0.004509276550940081
median_adc,kaon,endpoint_pca,test,2470,0.61661134470314,0.5842366550980694,0.6480036660934226
median_adc,kaon,endpoint_pca,run_test,1772,0.544910254865145,0.5113889203989604,0.5831004325764743
median_adc,muon,vae_s0,test,2931,0.21913625019663296,0.191410679912925,0.2515163082928597
median_adc,muon,vae_s0,run_test,1920,0.17576539364690125,0.1279465833008832,0.21809360585894388
median_adc,muon,vae_s1,test,2931,0.22495851597198502,0.1923332051859722,0.2608238192374149
median_adc,muon,vae_s1,run_test,1920,0.19987580748078926,0.14146481449681564,0.2517508291191119
median_adc,muon,vae_s2,test,2931,0.15061417631566176,0.12975738093300418,0.17346830960103388
median_adc,muon,vae_s2,run_test,1920,0.1499425053580804,0.11127518690652263,0.1878257199235367
median_adc,muon,ae_s0,test,2931,0.17772268648775147,0.15405147910694048,0.20595379253275878
median_adc,muon,ae_s0,run_test,1920,0.1709674713629168,0.12375447766659138,0.21399928165392063
median_adc,muon,ae_s1,test,2931,0.16360297297155812,0.13904811546161147,0.18750147340031803
median_adc,muon,ae_s1,run_test,1920,0.1508730377281967,0.1037004183426487,0.19391085911166003
median_adc,muon,ae_s2,test,2931,0.17548488295505615,0.14858364389350281,0.20264456595655256
median_adc,muon,ae_s2,run_test,1920,0.142615249174602,0.08951841367787167,0.18945782636555744
median_adc,muon,random_s0,test,2931,0.03828566294288527,0.022866325454709513,0.05367332865458202
median_adc,muon,random_s0,run_test,1920,-0.009444038775712427,-0.046675924141519214,0.019261083433401178
median_adc,muon,endpoint_pca,test,2931,0.39676700601839754,0.3582838105587001,0.4317416407583851
median_adc,muon,endpoint_pca,run_test,1920,0.3068877992110144,0.2457750867778611,0.36379422782489507
solidity,proton,vae_s0,test,3866,0.39137182315319374,0.36765359782145907,0.415280590129024
solidity,proton,vae_s0,run_test,2147,0.36865856953130716,0.3327393582373546,0.39819019244902426
solidity,proton,vae_s1,test,3866,0.4744760397146067,0.44365152415050246,0.5037474891748916
solidity,proton,vae_s1,run_test,2147,0.42683042461306875,0.37970094073828314,0.46779172100925664
solidity,proton,vae_s2,test,3866,0.40271067070400834,0.3726488775761677,0.43319343053290704
solidity,proton,vae_s2,run_test,2147,0.38358391342361986,0.3407129283240726,0.41792330509033965
solidity,proton,ae_s0,test,3866,0.4414139916654436,0.41529028251350364,0.46605426460610777
solidity,proton,ae_s0,run_test,2147,0.4001279787678932,0.3632256030634605,0.43400111525852464
solidity,proton,ae_s1,test,3866,0.44571268864552793,0.4162746778137905,0.4728116380190907
solidity,proton,ae_s1,run_test,2147,0.389148519999992,0.34081009299527126,0.42968891721764174
solidity,proton,ae_s2,test,3866,0.3968568266355891,0.3647581753553414,0.42700848121803336
solidity,proton,ae_s2,run_test,2147,0.3622328594441132,0.31653623579702944,0.3991416597682463
solidity,proton,random_s0,test,3866,0.08063753188062983,0.06144111609684983,0.10065526795318129
solidity,proton,random_s0,run_test,2147,0.06919455134468977,0.041338500597385704,0.09528051750792237
solidity,proton,endpoint_pca,test,3866,0.4881467437641098,0.4597464084201349,0.5115114458632001
solidity,proton,endpoint_pca,run_test,2147,0.5011569587882982,0.45958837586301937,0.5339720024981217
solidity,kaon,vae_s0,test,2470,0.5578701860053135,0.5357947984413497,0.5784091493375311
solidity,kaon,vae_s0,run_test,1772,0.5595776937543235,0.5332802129594376,0.5874177741069263
solidity,kaon,vae_s1,test,2470,0.5678534579452568,0.5459065887825401,0.5900880502866751
solidity,kaon,vae_s1,run_test,1772,0.5623651699598117,0.5339065912853862,0.5910461687064199
solidity,kaon,vae_s2,test,2470,0.5470530931531576,0.5227543520236112,0.5669079389390551
solidity,kaon,vae_s2,run_test,1772,0.5565446872544924,0.5314372280418574,0.5828385940139247
solidity,kaon,ae_s0,test,2470,0.5856476599482988,0.5643808528703134,0.6054081198209496
solidity,kaon,ae_s0,run_test,1772,0.5945670963269717,0.5692242509238896,0.6210905141833792
solidity,kaon,ae_s1,test,2470,0.5640278588336998,0.5413565191497706,0.5851676650757596
solidity,kaon,ae_s1,run_test,1772,0.5682910882191923,0.5386676115900917,0.5925920394164247
solidity,kaon,ae_s2,test,2470,0.5421594673807988,0.5215904664324666,0.5626868898802797
solidity,kaon,ae_s2,run_test,1772,0.5420546894079176,0.5164541297577474,0.5690137995838533
solidity,kaon,random_s0,test,2470,0.005424311299092155,-0.01456105485659961,0.02296321249547626
solidity,kaon,random_s0,run_test,1772,0.010631843393913654,-0.0043426271406432956,0.028123670396886895
solidity,kaon,endpoint_pca,test,2470,0.7082089532665639,0.689883179806306,0.7246055139645632
solidity,kaon,endpoint_pca,run_test,1772,0.7013775221283207,0.6776420914553101,0.7217253336866319
solidity,muon,vae_s0,test,2931,0.2929898779996921,0.26317029402416153,0.32581605991155266
solidity,muon,vae_s0,run_test,1920,0.3435998850251415,0.309417010374792,0.3771788386175476
solidity,muon,vae_s1,test,2931,0.31717850501191636,0.28775298290593065,0.34774238517955414
solidity,muon,vae_s1,run_test,1920,0.3554816542843481,0.3206425857801695,0.3903952713427672
solidity,muon,vae_s2,test,2931,0.32113415600054496,0.2936807070259762,0.35270757397968305
solidity,muon,vae_s2,run_test,1920,0.3586167970124541,0.3234997730978745,0.39341100520499356
solidity,muon,ae_s0,test,2931,0.31390438705182877,0.28288708589729056,0.3451772344993381
solidity,muon,ae_s0,run_test,1920,0.3524266189387816,0.3153733603092725,0.38644480735657066
solidity,muon,ae_s1,test,2931,0.3028789087179231,0.26990517256249846,0.3325748233991044
solidity,muon,ae_s1,run_test,1920,0.33511806309128056,0.2992681809159928,0.3711090437412989
solidity,muon,ae_s2,test,2931,0.310514363019199,0.27967677315152034,0.3406002757883889
solidity,muon,ae_s2,run_test,1920,0.3507508849088069,0.3153598885393028,0.38679103969585105
solidity,muon,random_s0,test,2931,0.08311061054085345,0.05671385407089838,0.10844443906214268
solidity,muon,random_s0,run_test,1920,0.09970095397372936,0.06753756176657727,0.12621783675654719
solidity,muon,endpoint_pca,test,2931,0.3045497991833448,0.27674009881010203,0.33912603421021165
solidity,muon,endpoint_pca,run_test,1920,0.3485207089981698,0.31802725150686584,0.3781449774829769
fill_fraction,proton,vae_s0,test,3866,0.7185860075619125,0.7033864442205336,0.7318848509261252
fill_fraction,proton,vae_s0,run_test,2147,0.7158475780522836,0.6916142554608297,0.7386113396482336
fill_fraction,proton,vae_s1,test,3866,0.7519373318472258,0.7380348952979721,0.7632247055870305
fill_fraction,proton,vae_s1,run_test,2147,0.7550972742076687,0.7366568929507422,0.7725411117857126
fill_fraction,proton,vae_s2,test,3866,0.7236108664985579,0.7078697107921748,0.7370196806069946
fill_fraction,proton,vae_s2,run_test,2147,0.7222449877271446,0.6990875248889891,0.7425401206617402
fill_fraction,proton,ae_s0,test,3866,0.7412835508989735,0.7263266638835202,0.7540897697053291
fill_fraction,proton,ae_s0,run_test,2147,0.7340212021226663,0.7094414597809725,0.7521209759977276
fill_fraction,proton,ae_s1,test,3866,0.7217221486623195,0.7075731897097857,0.7344442034032747
fill_fraction,proton,ae_s1,run_test,2147,0.7171309515002302,0.6929595218131658,0.7385042031333022
fill_fraction,proton,ae_s2,test,3866,0.7436460121594334,0.7285024483792224,0.755969737057156
fill_fraction,proton,ae_s2,run_test,2147,0.7406341547440438,0.7178040936339632,0.7617181294205038
fill_fraction,proton,random_s0,test,3866,0.28932634399694823,0.25835769398936526,0.31767684154150394
fill_fraction,proton,random_s0,run_test,2147,0.29556544083589964,0.2554070889248276,0.33227343388126857
fill_fraction,proton,endpoint_pca,test,3866,0.6741065498550158,0.6570107007756468,0.6882165201619367
fill_fraction,proton,endpoint_pca,run_test,2147,0.6759303258753071,0.6453179767870789,0.7016909178156912
fill_fraction,kaon,vae_s0,test,2470,0.4754916590615803,0.45336675579609614,0.4983134888817078
fill_fraction,kaon,vae_s0,run_test,1772,0.5008992738608979,0.4783925848224454,0.5235065094101617
fill_fraction,kaon,vae_s1,test,2470,0.5075562832862304,0.4847426881492979,0.5291362945557838
fill_fraction,kaon,vae_s1,run_test,1772,0.53805255552244,0.5158739996670528,0.5635252331683336
fill_fraction,kaon,vae_s2,test,2470,0.4838356242213202,0.45621014992415687,0.506983322075477
fill_fraction,kaon,vae_s2,run_test,1772,0.5216746773438441,0.5012774876508682,0.542745368747969
fill_fraction,kaon,ae_s0,test,2470,0.5268125047858117,0.5039326447249308,0.5484058158635525
fill_fraction,kaon,ae_s0,run_test,1772,0.5675180401869104,0.5485864964790819,0.5882929608894905
fill_fraction,kaon,ae_s1,test,2470,0.4996131168171448,0.4758640988010972,0.5214609702384998
fill_fraction,kaon,ae_s1,run_test,1772,0.5333796127237556,0.514173174838317,0.5546834968767153
fill_fraction,kaon,ae_s2,test,2470,0.47927592557434606,0.45415509706399654,0.49898785336194046
fill_fraction,kaon,ae_s2,run_test,1772,0.5039026626739775,0.4833964726527345,0.5256821650776422
fill_fraction,kaon,random_s0,test,2470,0.022641103898134562,0.008908315248097251,0.034698155929594986
fill_fraction,kaon,random_s0,run_test,1772,0.020933235001381,0.007140835917149486,0.03542117944895048
fill_fraction,kaon,endpoint_pca,test,2470,0.5376342140686383,0.5130023031477247,0.5614768911435613
fill_fraction,kaon,endpoint_pca,run_test,1772,0.5663991133099173,0.5381123364057293,0.5985577637924765
fill_fraction,muon,vae_s0,test,2931,0.3160460479638795,0.2971801068979121,0.3364622839312848
fill_fraction,muon,vae_s0,run_test,1920,0.3017118682037282,0.2762805352910467,0.32375458981555083
fill_fraction,muon,vae_s1,test,2931,0.3039426252635776,0.2844195161090408,0.3213056917077978
fill_fraction,muon,vae_s1,run_test,1920,0.29765932953724106,0.26986462438720643,0.3237045651515992
fill_fraction,muon,vae_s2,test,2931,0.29008477625760154,0.26994321724988063,0.3166344161921337
fill_fraction,muon,vae_s2,run_test,1920,0.26491373236471705,0.23593748014459043,0.28835721889394517
fill_fraction,muon,ae_s0,test,2931,0.30625659478122935,0.2838729079702747,0.330404072073815
fill_fraction,muon,ae_s0,run_test,1920,0.2908195726623134,0.2596020304242592,0.31756693835803224
fill_fraction,muon,ae_s1,test,2931,0.2505805470016582,0.23094217403443573,0.2724690852425642
fill_fraction,muon,ae_s1,run_test,1920,0.22713234163667295,0.19997664555901368,0.25129576329541925
fill_fraction,muon,ae_s2,test,2931,0.2467991995746055,0.22785198568552337,0.2691829403309466
fill_fraction,muon,ae_s2,run_test,1920,0.23104692980277908,0.20725123454406927,0.2529295674290094
fill_fraction,muon,random_s0,test,2931,0.15953170115466975,0.14050690889052406,0.1795730370276953
fill_fraction,muon,random_s0,run_test,1920,0.15799775438180552,0.13682099992677157,0.18570399206015523
fill_fraction,muon,endpoint_pca,test,2931,0.20962851793232762,0.18691051248037355,0.22962442841802
fill_fraction,muon,endpoint_pca,run_test,1920,0.2270936059775085,0.20590547592558503,0.2501654561771919
bragg_rise_slope,proton,vae_s0,test,3866,0.2666968763810752,0.2397625108897659,0.29373122296774273
bragg_rise_slope,proton,vae_s0,run_test,2147,0.20662938807623132,0.16341678434500076,0.2649355149886684
bragg_rise_slope,proton,vae_s1,test,3866,0.26660845065659666,0.23897003918973742,0.29727414395469787
bragg_rise_slope,proton,vae_s1,run_test,2147,0.2061215019261614,0.16395743422443224,0.2667474056019226
bragg_rise_slope,proton,vae_s2,test,3866,0.2649010440107503,0.23800724699594483,0.29247789386224676
bragg_rise_slope,proton,vae_s2,run_test,2147,0.20155835984402004,0.16214639878365206,0.25917481211982374
bragg_rise_slope,proton,ae_s0,test,3866,0.2733499792778181,0.24652340232919492,0.3031954253480918
bragg_rise_slope,proton,ae_s0,run_test,2147,0.21524571808222426,0.17525269199973292,0.2719570288794978
bragg_rise_slope,proton,ae_s1,test,3866,0.26702860803210293,0.238631639525943,0.29552410120059214
bragg_rise_slope,proton,ae_s1,run_test,2147,0.20180609125686422,0.16180667374706076,0.2592385057147313
bragg_rise_slope,proton,ae_s2,test,3866,0.26148427549545705,0.236053472500106,0.28896265231355983
bragg_rise_slope,proton,ae_s2,run_test,2147,0.20679571162859578,0.1617068903915011,0.2665370721263796
bragg_rise_slope,proton,random_s0,test,3866,0.1311145928194014,0.11133933216003182,0.15288664858655224
bragg_rise_slope,proton,random_s0,run_test,2147,0.10458912928378516,0.07326004405751003,0.14328119757453833
bragg_rise_slope,proton,endpoint_pca,test,3866,0.3809885115727515,0.3378779002088496,0.4232625377965624
bragg_rise_slope,proton,endpoint_pca,run_test,2147,0.3985007849780837,0.29250856178115137,0.4929211337753397
bragg_rise_slope,kaon,vae_s0,test,2470,0.06421733249295991,0.04478620149875638,0.08322745324645488
bragg_rise_slope,kaon,vae_s0,run_test,1772,0.06121106136353449,0.040455987579582554,0.08345956307843987
bragg_rise_slope,kaon,vae_s1,test,2470,0.05941190282357989,0.03849674746821467,0.07979944752597612
bragg_rise_slope,kaon,vae_s1,run_test,1772,0.05598201661316926,0.03529224800857213,0.07607575025876706
bragg_rise_slope,kaon,vae_s2,test,2470,0.06392117617834381,0.04732778804909886,0.08071852510489287
bragg_rise_slope,kaon,vae_s2,run_test,1772,0.052999870428766194,0.03311759399566826,0.07028655968290973
bragg_rise_slope,kaon,ae_s0,test,2470,0.07138701391224878,0.05336739807671343,0.09303394415904662
bragg_rise_slope,kaon,ae_s0,run_test,1772,0.06918561564455061,0.049970420818795686,0.08870391321323666
bragg_rise_slope,kaon,ae_s1,test,2470,0.06014431162188294,0.042336115377002936,0.0787196221404712
bragg_rise_slope,kaon,ae_s1,run_test,1772,0.05951459081020882,0.03849803887911353,0.07839504051228871
bragg_rise_slope,kaon,ae_s2,test,2470,0.06025290257051652,0.042143093391551714,0.07949430901467962
bragg_rise_slope,kaon,ae_s2,run_test,1772,0.04709695254852064,0.02450136971239071,0.06803683272095948
bragg_rise_slope,kaon,random_s0,test,2470,0.004382720229684445,-0.0015693310519579336,0.010438041933464806
bragg_rise_slope,kaon,random_s0,run_test,1772,0.0065828194701097464,-0.001412401482875891,0.013443083020065237
bragg_rise_slope,kaon,endpoint_pca,test,2470,0.285869054719874,0.20387733988503673,0.37473864598752227
bragg_rise_slope,kaon,endpoint_pca,run_test,1772,0.2964492122411866,0.21308242951972223,0.3652575491025882
bragg_rise_slope,muon,vae_s0,test,2931,0.20990370455957008,0.14071443638261003,0.2725612338515811
bragg_rise_slope,muon,vae_s0,run_test,1920,0.24483639172932947,0.16734964520406387,0.31940564489122886
bragg_rise_slope,muon,vae_s1,test,2931,0.21805577919046626,0.1465503609599038,0.27918189127028253
bragg_rise_slope,muon,vae_s1,run_test,1920,0.26956680430835056,0.19185325799354427,0.34067936266218934
bragg_rise_slope,muon,vae_s2,test,2931,0.22571247423083052,0.1500469285586742,0.2869724203321356
bragg_rise_slope,muon,vae_s2,run_test,1920,0.23410337287139982,0.16083663872761977,0.30194256288196747
bragg_rise_slope,muon,ae_s0,test,2931,0.22832466282376573,0.15205186631543915,0.2901300499945115
bragg_rise_slope,muon,ae_s0,run_test,1920,0.2400112207529974,0.16256032829531247,0.3131003617086228
bragg_rise_slope,muon,ae_s1,test,2931,0.2241911705582309,0.1512220092930907,0.2903313543642984
bragg_rise_slope,muon,ae_s1,run_test,1920,0.23435640500049804,0.15404730961971533,0.30952999244765833
bragg_rise_slope,muon,ae_s2,test,2931,0.20059637853261492,0.12957232939502808,0.2643038101923618
bragg_rise_slope,muon,ae_s2,run_test,1920,0.24142177386991026,0.15938508113522812,0.3162140266875735
bragg_rise_slope,muon,random_s0,test,2931,0.016979818670570967,-0.011850048942925611,0.037611839119566275
bragg_rise_slope,muon,random_s0,run_test,1920,0.040324433159404593,0.0057623024194663475,0.07272708296599074
bragg_rise_slope,muon,endpoint_pca,test,2931,0.4253878674875988,0.3532694168491736,0.4883775752074817
bragg_rise_slope,muon,endpoint_pca,run_test,1920,0.5053481175079148,0.4056495841642055,0.5907228746646938
bragg_peak_ratio,proton,vae_s0,test,3866,0.1395410794096651,0.11717133287797833,0.162012322266713
bragg_peak_ratio,proton,vae_s0,run_test,2147,0.1348123086555002,0.11024624586905428,0.1610201949212455
bragg_peak_ratio,proton,vae_s1,test,3866,0.15590298553569482,0.13176210767242755,0.18027925980677864
bragg_peak_ratio,proton,vae_s1,run_test,2147,0.15806935458775662,0.13325042124275968,0.18811626181747115
bragg_peak_ratio,proton,vae_s2,test,3866,0.15630837263513697,0.13176428889098296,0.17833573225959587
bragg_peak_ratio,proton,vae_s2,run_test,2147,0.15005251864813496,0.1250005062335619,0.17873134734370463
bragg_peak_ratio,proton,ae_s0,test,3866,0.15362689277534458,0.1305367973088798,0.1757333368866654
bragg_peak_ratio,proton,ae_s0,run_test,2147,0.14863158432748524,0.12756643378103785,0.17747168944142572
bragg_peak_ratio,proton,ae_s1,test,3866,0.14851127209433412,0.12531332477138307,0.1704593179018096
bragg_peak_ratio,proton,ae_s1,run_test,2147,0.1469930287750697,0.12636504922291622,0.17625467030845665
bragg_peak_ratio,proton,ae_s2,test,3866,0.1541698029508406,0.13079886635754692,0.17890413880319073
bragg_peak_ratio,proton,ae_s2,run_test,2147,0.14526953519386143,0.11871156267550868,0.17656528354282097
bragg_peak_ratio,proton,random_s0,test,3866,0.04751873984128718,0.032255420208357734,0.0599331090163321
bragg_peak_ratio,proton,random_s0,run_test,2147,0.0385758426764683,0.021828120281877132,0.05871833417247248
bragg_peak_ratio,proton,endpoint_pca,test,3866,0.5126884016131268,0.47539719719550744,0.5426223569282222
bragg_peak_ratio,proton,endpoint_pca,run_test,2147,0.5342818191890488,0.48011634502004696,0.5757040531507044
bragg_peak_ratio,kaon,vae_s0,test,2470,0.10650060819502982,0.0833440814309748,0.1255723013856123
bragg_peak_ratio,kaon,vae_s0,run_test,1772,0.14511892331620346,0.1208606128231829,0.1678225674650008
bragg_peak_ratio,kaon,vae_s1,test,2470,0.12156553784963542,0.0983737191968389,0.14068539087975368
bragg_peak_ratio,kaon,vae_s1,run_test,1772,0.14983156039854806,0.12054641758676639,0.17291493385880954
bragg_peak_ratio,kaon,vae_s2,test,2470,0.12500645012471512,0.10542422605093817,0.14698614717798336
bragg_peak_ratio,kaon,vae_s2,run_test,1772,0.1610517873867382,0.12977822322285948,0.18444900230078715
bragg_peak_ratio,kaon,ae_s0,test,2470,0.12688479259064434,0.10634142771777103,0.14707674274159965
bragg_peak_ratio,kaon,ae_s0,run_test,1772,0.15640892214086322,0.12946830721002484,0.18037666627207052
bragg_peak_ratio,kaon,ae_s1,test,2470,0.1241496074680345,0.10427851582406777,0.1449393402437762
bragg_peak_ratio,kaon,ae_s1,run_test,1772,0.15872449744664596,0.129944262617741,0.1829367994950335
bragg_peak_ratio,kaon,ae_s2,test,2470,0.10877926809803695,0.08430322017147664,0.13018600111429696
bragg_peak_ratio,kaon,ae_s2,run_test,1772,0.14565814786298126,0.11890004280698106,0.17000619780736131
bragg_peak_ratio,kaon,random_s0,test,2470,0.00832817320101864,-0.0013528552624502085,0.019379282061600958
bragg_peak_ratio,kaon,random_s0,run_test,1772,0.010606996888011588,0.00032699653578940907,0.023182161558317746
bragg_peak_ratio,kaon,endpoint_pca,test,2470,0.5490128094154547,0.49019566503656564,0.5900701734057852
bragg_peak_ratio,kaon,endpoint_pca,run_test,1772,0.6122070876224681,0.5627493611288188,0.6489861348630392
bragg_peak_ratio,muon,vae_s0,test,2931,0.09397960838540642,0.038806616773732115,0.13751814940431442
bragg_peak_ratio,muon,vae_s0,run_test,1920,0.11773502034389227,0.06427974153966633,0.1764048343672168
bragg_peak_ratio,muon,vae_s1,test,2931,0.08804943896845163,0.03505367826449053,0.13210317595459695
bragg_peak_ratio,muon,vae_s1,run_test,1920,0.106959739844665,0.05753828193517287,0.15383095432759736
bragg_peak_ratio,muon,vae_s2,test,2931,0.10960409216104494,0.054263769079006194,0.15322622352191978
bragg_peak_ratio,muon,vae_s2,run_test,1920,0.1198307792469242,0.07104432370153989,0.1747919122740363
bragg_peak_ratio,muon,ae_s0,test,2931,0.1081338333982581,0.053596728794668425,0.15171094646749267
bragg_peak_ratio,muon,ae_s0,run_test,1920,0.11782397232256459,0.0690609502279381,0.17382257488389513
bragg_peak_ratio,muon,ae_s1,test,2931,0.10627780285642074,0.05037732711451648,0.14910095135603055
bragg_peak_ratio,muon,ae_s1,run_test,1920,0.10894920977778932,0.057780318112017656,0.16756739352261438
bragg_peak_ratio,muon,ae_s2,test,2931,0.08796919460538066,0.027183267484698202,0.13289327815981444
bragg_peak_ratio,muon,ae_s2,run_test,1920,0.10603832819297632,0.05174368896666984,0.1609298188332885
bragg_peak_ratio,muon,random_s0,test,2931,-0.028685407740231428,-0.05295916869153752,-0.01150983020328861
bragg_peak_ratio,muon,random_s0,run_test,1920,-0.007801326743131387,-0.03325757864197991,0.010567827974701263
bragg_peak_ratio,muon,endpoint_pca,test,2931,0.3910897548352421,0.2776392070099242,0.4957390827018291
bragg_peak_ratio,muon,endpoint_pca,run_test,1920,0.39944977725171227,0.2980493362655452,0.5029507987269017
profile_cv,proton,vae_s0,test,3866,0.03060325628451588,0.018878550354473982,0.04107954443814333
profile_cv,proton,vae_s0,run_test,2147,0.04586479760749762,0.029933098506968896,0.06537635210916797
profile_cv,proton,vae_s1,test,3866,0.03952365337171726,0.029179196024242154,0.05184132592773585
profile_cv,proton,vae_s1,run_test,2147,0.03778026507463983,0.023220581967726833,0.05538625461122059
profile_cv,proton,vae_s2,test,3866,0.028222822583386153,0.017897138075758656,0.037133185252511115
profile_cv,proton,vae_s2,run_test,2147,0.03366298082914665,0.020137588911836937,0.05002505490094394
profile_cv,proton,ae_s0,test,3866,0.03994423241597378,0.026040149172508194,0.052031029609894634
profile_cv,proton,ae_s0,run_test,2147,0.055909695123047554,0.040126064783170774,0.07929287763338809
profile_cv,proton,ae_s1,test,3866,0.03321746895497679,0.021296905688010962,0.04627491830675739
profile_cv,proton,ae_s1,run_test,2147,0.04312299828015953,0.026447290088425255,0.06666160840094033
profile_cv,proton,ae_s2,test,3866,0.0354082250925164,0.025902382210384885,0.04609082402741663
profile_cv,proton,ae_s2,run_test,2147,0.03661789413411909,0.02352475197680391,0.054091753575269456
profile_cv,proton,random_s0,test,3866,-0.00017701045973983476,-0.008057970975094803,0.007089208255168411
profile_cv,proton,random_s0,run_test,2147,0.009845280948352797,-0.0028831966783194494,0.020353881614798654
profile_cv,proton,endpoint_pca,test,3866,0.6269626693003211,0.5859783173771249,0.668261601267028
profile_cv,proton,endpoint_pca,run_test,2147,0.6508167608933845,0.5491863711051018,0.7124950343726038
profile_cv,kaon,vae_s0,test,2470,0.07201498160708542,0.05201751043603939,0.09253438955973127
profile_cv,kaon,vae_s0,run_test,1772,0.08855267525920285,0.06381014027356485,0.10805374051172847
profile_cv,kaon,vae_s1,test,2470,0.07394785267829085,0.05258959988521648,0.09085335455713718
profile_cv,kaon,vae_s1,run_test,1772,0.09198516426386527,0.0656164340382859,0.11320239203221476
profile_cv,kaon,vae_s2,test,2470,0.0773998569399148,0.057904494586768225,0.09600476896777725
profile_cv,kaon,vae_s2,run_test,1772,0.10123181184895014,0.07459436990992853,0.1250781905901109
profile_cv,kaon,ae_s0,test,2470,0.08472913582294694,0.0639238077938192,0.10526209545226252
profile_cv,kaon,ae_s0,run_test,1772,0.10225207821452653,0.07609767116811784,0.12635740669238907
profile_cv,kaon,ae_s1,test,2470,0.07133221338283191,0.0524706811508855,0.0889527433802162
profile_cv,kaon,ae_s1,run_test,1772,0.09413102687284791,0.06729185017108347,0.11615990720427176
profile_cv,kaon,ae_s2,test,2470,0.07214960107748258,0.05145103736307248,0.09015954572579223
profile_cv,kaon,ae_s2,run_test,1772,0.09120908846128828,0.06718392362828711,0.11232362895388077
profile_cv,kaon,random_s0,test,2470,0.0026117602661687167,-0.0038473686733874464,0.009508932827690313
profile_cv,kaon,random_s0,run_test,1772,-0.000457823141130298,-0.009084994840385658,0.007808531085018001
profile_cv,kaon,endpoint_pca,test,2470,0.6772250198539884,0.6332847577751541,0.7120104043297396
profile_cv,kaon,endpoint_pca,run_test,1772,0.7305549346261782,0.6862833706438622,0.7604467854168916
profile_cv,muon,vae_s0,test,2931,0.15525700479894455,0.0978007856128019,0.2062406281360554
profile_cv,muon,vae_s0,run_test,1920,0.2166471042682382,0.16349739746629147,0.2765545507551143
profile_cv,muon,vae_s1,test,2931,0.15262077936798557,0.09823049437634485,0.20434350903999904
profile_cv,muon,vae_s1,run_test,1920,0.20550397102236428,0.14967098529804096,0.26284941993067895
profile_cv,muon,vae_s2,test,2931,0.1702895139143098,0.11414174363146114,0.2238165750243267
profile_cv,muon,vae_s2,run_test,1920,0.21723572164741967,0.16035545535538495,0.27582499038520836
profile_cv,muon,ae_s0,test,2931,0.17219044202652123,0.12043622277582422,0.22545210162669962
profile_cv,muon,ae_s0,run_test,1920,0.21861475165629018,0.15759540409909764,0.2867339998672071
profile_cv,muon,ae_s1,test,2931,0.16328054624554855,0.10853031352659558,0.21418494241158592
profile_cv,muon,ae_s1,run_test,1920,0.19597539988252766,0.12970428868278597,0.25939601722862266
profile_cv,muon,ae_s2,test,2931,0.1446442168164359,0.09471984125836448,0.19844338648829157
profile_cv,muon,ae_s2,run_test,1920,0.1964368657250264,0.12892764051485234,0.25811120175377955
profile_cv,muon,random_s0,test,2931,-0.018827652411405493,-0.041898587408297674,0.00040687805061428073
profile_cv,muon,random_s0,run_test,1920,0.010860093725879483,-0.013538362707036932,0.03412286928996252
profile_cv,muon,endpoint_pca,test,2931,0.41383837215777675,0.3310439860827129,0.5029186125162352
profile_cv,muon,endpoint_pca,run_test,1920,0.47886655765267605,0.39068639873414485,0.5628202725306383
n_local_maxima,proton,vae_s0,test,3866,0.39170026779174805,0.37130594402551653,0.4079520717263222
n_local_maxima,proton,vae_s0,run_test,2147,0.3996032476425171,0.3748952388763428,0.42012120634317396
n_local_maxima,proton,vae_s1,test,3866,0.3724960684776306,0.3553305000066757,0.38788026869297026
n_local_maxima,proton,vae_s1,run_test,2147,0.3814573884010315,0.35639014691114423,0.4029879033565521
n_local_maxima,proton,vae_s2,test,3866,0.39062613248825073,0.3710196003317833,0.40669986307621003
n_local_maxima,proton,vae_s2,run_test,2147,0.40340328216552734,0.37749455869197845,0.4262552946805954
n_local_maxima,proton,ae_s0,test,3866,0.3734282851219177,0.35598078817129136,0.3887321978807449
n_local_maxima,proton,ae_s0,run_test,2147,0.38113242387771606,0.35719889849424363,0.40359575003385545
n_local_maxima,proton,ae_s1,test,3866,0.37766605615615845,0.3597082182765007,0.3957982689142227
n_local_maxima,proton,ae_s1,run_test,2147,0.38566064834594727,0.36294485479593275,0.4070006713271141
n_local_maxima,proton,ae_s2,test,3866,0.38862037658691406,0.37064383625984193,0.40727064460515977
n_local_maxima,proton,ae_s2,run_test,2147,0.40048617124557495,0.3743641391396523,0.423055836558342
n_local_maxima,proton,random_s0,test,3866,0.18290305137634277,0.16162275671958923,0.20044151842594146
n_local_maxima,proton,random_s0,run_test,2147,0.17510885000228882,0.1394662618637085,0.20853085964918136
n_local_maxima,proton,endpoint_pca,test,3866,0.3408660888671875,0.3226455166935921,0.36051109433174133
n_local_maxima,proton,endpoint_pca,run_test,2147,0.3618119955062866,0.3333909511566162,0.38694774359464645
n_local_maxima,kaon,vae_s0,test,2470,0.1973285675048828,0.16777176558971404,0.22234388887882234
n_local_maxima,kaon,vae_s0,run_test,1772,0.21731239557266235,0.17486614733934402,0.2487531453371048
n_local_maxima,kaon,vae_s1,test,2470,0.19169414043426514,0.1637868344783783,0.21926445811986922
n_local_maxima,kaon,vae_s1,run_test,1772,0.1988595724105835,0.16015492677688598,0.2319903627038002
n_local_maxima,kaon,vae_s2,test,2470,0.1927996277809143,0.16135049760341644,0.22177700102329254
n_local_maxima,kaon,vae_s2,run_test,1772,0.2198108434677124,0.17971846461296082,0.25563554763793944
n_local_maxima,kaon,ae_s0,test,2470,0.20189452171325684,0.16877088695764542,0.2298305258154869
n_local_maxima,kaon,ae_s0,run_test,1772,0.21357184648513794,0.173704631626606,0.2431643843650818
n_local_maxima,kaon,ae_s1,test,2470,0.20338553190231323,0.16988389045000077,0.23084488660097124
n_local_maxima,kaon,ae_s1,run_test,1772,0.21338200569152832,0.1735990062355995,0.2450280025601387
n_local_maxima,kaon,ae_s2,test,2470,0.1750851273536682,0.14518477767705917,0.19888485372066497
n_local_maxima,kaon,ae_s2,run_test,1772,0.18215513229370117,0.14353050291538239,0.2118414804339409
n_local_maxima,kaon,random_s0,test,2470,0.020604610443115234,0.00471072793006897,0.03575170785188675
n_local_maxima,kaon,random_s0,run_test,1772,0.0362892746925354,0.015437333285808564,0.052034890651702886
n_local_maxima,kaon,endpoint_pca,test,2470,0.33469414710998535,0.30919029116630553,0.3602204740047455
n_local_maxima,kaon,endpoint_pca,run_test,1772,0.3433244824409485,0.31219025403261186,0.37224953025579455
n_local_maxima,muon,vae_s0,test,2931,0.04628235101699829,0.03127863109111786,0.06165368407964709
n_local_maxima,muon,vae_s0,run_test,1920,0.04805898666381836,0.027528408169746398,0.06746435314416885
n_local_maxima,muon,vae_s1,test,2931,0.04198312759399414,0.027038237452507018,0.05562139898538589
n_local_maxima,muon,vae_s1,run_test,1920,0.059423089027404785,0.037665744125843045,0.07570620477199555
n_local_maxima,muon,vae_s2,test,2931,0.04906129837036133,0.03476909697055817,0.06861528009176254
n_local_maxima,muon,vae_s2,run_test,1920,0.05956578254699707,0.03783841729164124,0.07861903607845307
n_local_maxima,muon,ae_s0,test,2931,0.04366391897201538,0.028270629048347474,0.06036064922809601
n_local_maxima,muon,ae_s0,run_test,1920,0.04895305633544922,0.026686903834342957,0.06751277893781663
n_local_maxima,muon,ae_s1,test,2931,0.03872591257095337,0.024054396152496337,0.0546539381146431
n_local_maxima,muon,ae_s1,run_test,1920,0.058859169483184814,0.04098132699728012,0.07616846561431885
n_local_maxima,muon,ae_s2,test,2931,0.04018998146057129,0.025651156902313232,0.05602694600820544
n_local_maxima,muon,ae_s2,run_test,1920,0.04539459943771362,0.024042004346847536,0.062320266664028186
n_local_maxima,muon,random_s0,test,2931,0.016328394412994385,0.004979074001312256,0.027170704305171968
n_local_maxima,muon,random_s0,run_test,1920,0.017283082008361816,0.004486393928527833,0.029785647988319404
n_local_maxima,muon,endpoint_pca,test,2931,0.0074547529220581055,-0.007223090529441833,0.020375071465969088
n_local_maxima,muon,endpoint_pca,run_test,1920,0.028526902198791504,0.008356696367263794,0.05094042569398881
