species,method,partition,n_train,n_test,r2
proton,vae_s0,test,136,418,0.05512454142727319
proton,vae_s0,run_test,136,226,0.10561710162441218
proton,vae_s1,test,136,418,0.1567727724900383
proton,vae_s1,run_test,136,226,0.19158210486487348
proton,vae_s2,test,136,418,0.10937985393469651
proton,vae_s2,run_test,136,226,0.22549458351748408
proton,ae_s0,test,136,418,-0.005288391058947628
proton,ae_s0,run_test,136,226,0.08616829841307572
proton,endpoint_pca,test,136,418,0.5723544804365499
proton,endpoint_pca,run_test,136,226,0.6264935318241802
kaon,vae_s0,test,326,965,0.05745633359472424
kaon,vae_s0,run_test,326,694,0.0975499605637078
kaon,vae_s1,test,326,965,0.0947883582449206
kaon,vae_s1,run_test,326,694,0.13015822978128777
kaon,vae_s2,test,326,965,0.08341766569937259
kaon,vae_s2,run_test,326,694,0.10823178932079225
kaon,ae_s0,test,326,965,0.09024170669072828
kaon,ae_s0,run_test,326,694,0.12730806930315774
kaon,endpoint_pca,test,326,965,0.49630988957893096
kaon,endpoint_pca,run_test,326,694,0.4543859573818372
muon,vae_s0,test,974,2931,0.17095832990697668
muon,vae_s0,run_test,974,1920,0.11578193199278919
muon,vae_s1,test,974,2931,0.17833975196535057
muon,vae_s1,run_test,974,1920,0.14247554903924609
muon,vae_s2,test,974,2931,0.11158819620915417
muon,vae_s2,run_test,974,1920,0.0962324123161944
muon,ae_s0,test,974,2931,0.13846564942148154
muon,ae_s0,run_test,974,1920,0.10938652365393808
muon,endpoint_pca,test,974,2931,0.2935118260243448
muon,endpoint_pca,run_test,974,1920,0.24012535476658858
