species,events_budget,images_used,target,method,partition,r2
proton,25,25,mean_adc,vae_s0,test,0.5453768515024852
proton,25,25,mean_adc,vae_s0,run_test,0.5385367092317601
proton,25,25,mean_adc,vae_s1,test,0.551810531583926
proton,25,25,mean_adc,vae_s1,run_test,0.5461893559854456
proton,25,25,mean_adc,vae_s2,test,0.4939052331113194
proton,25,25,mean_adc,vae_s2,run_test,0.48062903001742885
proton,25,25,mean_adc,ae_s0,test,0.56059887696734
proton,25,25,mean_adc,ae_s0,run_test,0.5520316691974745
proton,25,25,mean_adc,endpoint_pca,test,0.5405065670433242
proton,25,25,mean_adc,endpoint_pca,run_test,0.5041654503444201
proton,25,25,mean_adc,random_s0,test,0.14310536022998954
proton,25,25,mean_adc,random_s0,run_test,0.1365097873491532
proton,25,25,median_adc,vae_s0,test,0.05760592377227025
proton,25,25,median_adc,vae_s0,run_test,0.06901995281714612
proton,25,25,median_adc,vae_s1,test,0.08484325161015693
proton,25,25,median_adc,vae_s1,run_test,0.08422582066119533
proton,25,25,median_adc,vae_s2,test,0.11823105254874999
proton,25,25,median_adc,vae_s2,run_test,0.10706690664746965
proton,25,25,median_adc,ae_s0,test,0.11108563703663821
proton,25,25,median_adc,ae_s0,run_test,0.1176584208435959
proton,25,25,median_adc,endpoint_pca,test,0.23652705698241583
proton,25,25,median_adc,endpoint_pca,run_test,0.2090098940496674
proton,25,25,median_adc,random_s0,test,-0.045003439552699476
proton,25,25,median_adc,random_s0,run_test,-0.06023838103680634
proton,25,25,solidity,vae_s0,test,0.1467391576366237
proton,25,25,solidity,vae_s0,run_test,0.08906516165600553
proton,25,25,solidity,vae_s1,test,0.19875939649647567
proton,25,25,solidity,vae_s1,run_test,0.13441452171350665
proton,25,25,solidity,vae_s2,test,0.18932720585560436
proton,25,25,solidity,vae_s2,run_test,0.1524706105193494
proton,25,25,solidity,ae_s0,test,0.147012074182012
proton,25,25,solidity,ae_s0,run_test,0.08623907864059355
proton,25,25,solidity,endpoint_pca,test,0.22534834317612962
proton,25,25,solidity,endpoint_pca,run_test,0.21644985595948363
proton,25,25,solidity,random_s0,test,0.015479859733803947
proton,25,25,solidity,random_s0,run_test,-0.0069544332570175005
proton,50,50,mean_adc,vae_s0,test,0.6143967228256324
proton,50,50,mean_adc,vae_s0,run_test,0.6162159343605331
proton,50,50,mean_adc,vae_s1,test,0.6354536952924807
proton,50,50,mean_adc,vae_s1,run_test,0.6401541898333951
proton,50,50,mean_adc,vae_s2,test,0.5964754911305612
proton,50,50,mean_adc,vae_s2,run_test,0.5982132011315417
proton,50,50,mean_adc,ae_s0,test,0.6024651568986776
proton,50,50,mean_adc,ae_s0,run_test,0.5950766080355603
proton,50,50,mean_adc,endpoint_pca,test,0.6622776870873741
proton,50,50,mean_adc,endpoint_pca,run_test,0.6609638993463522
proton,50,50,mean_adc,random_s0,test,0.19014599791567832
proton,50,50,mean_adc,random_s0,run_test,0.2092170955871927
proton,50,50,median_adc,vae_s0,test,0.12859497883873072
proton,50,50,median_adc,vae_s0,run_test,0.14982282197163366
proton,50,50,median_adc,vae_s1,test,0.1896283519312988
proton,50,50,median_adc,vae_s1,run_test,0.19999767314398498
proton,50,50,median_adc,vae_s2,test,0.19198473463795318
proton,50,50,median_adc,vae_s2,run_test,0.19469146186677655
proton,50,50,median_adc,ae_s0,test,0.17631799920006141
proton,50,50,median_adc,ae_s0,run_test,0.1849625099787816
proton,50,50,median_adc,endpoint_pca,test,0.3265977453776362
proton,50,50,median_adc,endpoint_pca,run_test,0.29084723795035494
proton,50,50,median_adc,random_s0,test,0.008740516286511846
proton,50,50,median_adc,random_s0,run_test,-0.004119612537145212
proton,50,50,solidity,vae_s0,test,0.20545044914087007
proton,50,50,solidity,vae_s0,run_test,0.15438389451956425
proton,50,50,solidity,vae_s1,test,0.29782878644347854
proton,50,50,solidity,vae_s1,run_test,0.24360261729765798
proton,50,50,solidity,vae_s2,test,0.23855012614122073
proton,50,50,solidity,vae_s2,run_test,0.22715939966259324
proton,50,50,solidity,ae_s0,test,0.2608807191343464
proton,50,50,solidity,ae_s0,run_test,0.20043894593675848
proton,50,50,solidity,endpoint_pca,test,0.3695024272507913
proton,50,50,solidity,endpoint_pca,run_test,0.36931709712095584
proton,50,50,solidity,random_s0,test,-0.003855377962578954
proton,50,50,solidity,random_s0,run_test,0.01721427863209901
proton,100,100,mean_adc,vae_s0,test,0.6731119478148818
proton,100,100,mean_adc,vae_s0,run_test,0.6846792559236796
proton,100,100,mean_adc,vae_s1,test,0.7035391772766952
proton,100,100,mean_adc,vae_s1,run_test,0.7121315777957677
proton,100,100,mean_adc,vae_s2,test,0.6850164324799242
proton,100,100,mean_adc,vae_s2,run_test,0.6900198912301612
proton,100,100,mean_adc,ae_s0,test,0.7052525781302108
proton,100,100,mean_adc,ae_s0,run_test,0.7042853299677889
proton,100,100,mean_adc,endpoint_pca,test,0.6839157806005396
proton,100,100,mean_adc,endpoint_pca,run_test,0.6863558315824799
proton,100,100,mean_adc,random_s0,test,0.25974693875185095
proton,100,100,mean_adc,random_s0,run_test,0.26273857389010113
proton,100,100,median_adc,vae_s0,test,0.1466824042575391
proton,100,100,median_adc,vae_s0,run_test,0.15087534137517344
proton,100,100,median_adc,vae_s1,test,0.2491465224113838
proton,100,100,median_adc,vae_s1,run_test,0.24682884116430548
proton,100,100,median_adc,vae_s2,test,0.2550809846012757
proton,100,100,median_adc,vae_s2,run_test,0.23952896969999882
proton,100,100,median_adc,ae_s0,test,0.24386765734542926
proton,100,100,median_adc,ae_s0,run_test,0.2319781100958319
proton,100,100,median_adc,endpoint_pca,test,0.5146885329094268
proton,100,100,median_adc,endpoint_pca,run_test,0.46158499196193803
proton,100,100,median_adc,random_s0,test,0.035632617120636256
proton,100,100,median_adc,random_s0,run_test,0.010584707371288693
proton,100,100,solidity,vae_s0,test,0.29523425535466863
proton,100,100,solidity,vae_s0,run_test,0.259209270656681
proton,100,100,solidity,vae_s1,test,0.414332339959117
proton,100,100,solidity,vae_s1,run_test,0.36027688805668756
proton,100,100,solidity,vae_s2,test,0.3548498873651199
proton,100,100,solidity,vae_s2,run_test,0.3450944382660446
proton,100,100,solidity,ae_s0,test,0.3782185616660477
proton,100,100,solidity,ae_s0,run_test,0.32890240160732787
proton,100,100,solidity,endpoint_pca,test,0.41926028730967135
proton,100,100,solidity,endpoint_pca,run_test,0.4210276189566289
proton,100,100,solidity,random_s0,test,0.07413638721012206
proton,100,100,solidity,random_s0,run_test,0.06523392793442662
proton,200,200,mean_adc,vae_s0,test,0.6972412358732791
proton,200,200,mean_adc,vae_s0,run_test,0.7119166916055548
proton,200,200,mean_adc,vae_s1,test,0.7085225688376475
proton,200,200,mean_adc,vae_s1,run_test,0.7200721255174732
proton,200,200,mean_adc,vae_s2,test,0.6941124857835079
proton,200,200,mean_adc,vae_s2,run_test,0.6995472512638338
proton,200,200,mean_adc,ae_s0,test,0.7096577719383467
proton,200,200,mean_adc,ae_s0,run_test,0.7083127278798895
proton,200,200,mean_adc,endpoint_pca,test,0.693145569772529
proton,200,200,mean_adc,endpoint_pca,run_test,0.7090924921204969
proton,200,200,mean_adc,random_s0,test,0.29020811392716384
proton,200,200,mean_adc,random_s0,run_test,0.29234286589259917
proton,200,200,median_adc,vae_s0,test,0.17688322225851882
proton,200,200,median_adc,vae_s0,run_test,0.19075674023238076
proton,200,200,median_adc,vae_s1,test,0.2565771844998175
proton,200,200,median_adc,vae_s1,run_test,0.2459386976480199
proton,200,200,median_adc,vae_s2,test,0.2495566779922661
proton,200,200,median_adc,vae_s2,run_test,0.22268550307978796
proton,200,200,median_adc,ae_s0,test,0.2505943362032399
proton,200,200,median_adc,ae_s0,run_test,0.2321351233296941
proton,200,200,median_adc,endpoint_pca,test,0.5715849228836285
proton,200,200,median_adc,endpoint_pca,run_test,0.47860334147939454
proton,200,200,median_adc,random_s0,test,0.041229067098333405
proton,200,200,median_adc,random_s0,run_test,0.013040013576019915
proton,200,200,solidity,vae_s0,test,0.33100749958283016
proton,200,200,solidity,vae_s0,run_test,0.30537407023707985
proton,200,200,solidity,vae_s1,test,0.43525359580028855
proton,200,200,solidity,vae_s1,run_test,0.37916116518153586
proton,200,200,solidity,vae_s2,test,0.378548004124172
proton,200,200,solidity,vae_s2,run_test,0.369279396640949
proton,200,200,solidity,ae_s0,test,0.4018470891666086
proton,200,200,solidity,ae_s0,run_test,0.35287750812602836
proton,200,200,solidity,endpoint_pca,test,0.45473511844824266
proton,200,200,solidity,endpoint_pca,run_test,0.4596438082859774
proton,200,200,solidity,random_s0,test,0.04312852157367608
proton,200,200,solidity,random_s0,run_test,0.041733341073700525
proton,500,500,mean_adc,vae_s0,test,0.6970992751100217
proton,500,500,mean_adc,vae_s0,run_test,0.7144477387745161
proton,500,500,mean_adc,vae_s1,test,0.7143900456457464
proton,500,500,mean_adc,vae_s1,run_test,0.7262221483865761
proton,500,500,mean_adc,vae_s2,test,0.6965981682825174
proton,500,500,mean_adc,vae_s2,run_test,0.7052231761189274
proton,500,500,mean_adc,ae_s0,test,0.7132362898049961
proton,500,500,mean_adc,ae_s0,run_test,0.7125537795897836
proton,500,500,mean_adc,endpoint_pca,test,0.6984258855466032
proton,500,500,mean_adc,endpoint_pca,run_test,0.71597064275687
proton,500,500,mean_adc,random_s0,test,0.27802466197530273
proton,500,500,mean_adc,random_s0,run_test,0.29230245223731943
proton,500,500,median_adc,vae_s0,test,0.1760966723993257
proton,500,500,median_adc,vae_s0,run_test,0.19494373390336817
proton,500,500,median_adc,vae_s1,test,0.27529569909204055
proton,500,500,median_adc,vae_s1,run_test,0.2514041493487398
proton,500,500,median_adc,vae_s2,test,0.2753535542808989
proton,500,500,median_adc,vae_s2,run_test,0.23697598523783903
proton,500,500,median_adc,ae_s0,test,0.26728532876777755
proton,500,500,median_adc,ae_s0,run_test,0.2234226467840339
proton,500,500,median_adc,endpoint_pca,test,0.6020551289777437
proton,500,500,median_adc,endpoint_pca,run_test,0.49836402379776323
proton,500,500,median_adc,random_s0,test,0.03732194496751151
proton,500,500,median_adc,random_s0,run_test,0.015261644622819759
proton,500,500,solidity,vae_s0,test,0.36732870423905406
proton,500,500,solidity,vae_s0,run_test,0.3467060960620525
proton,500,500,solidity,vae_s1,test,0.4657835533657698
proton,500,500,solidity,vae_s1,run_test,0.42310777020299983
proton,500,500,solidity,vae_s2,test,0.38998098271269244
proton,500,500,solidity,vae_s2,run_test,0.3795345057171059
proton,500,500,solidity,ae_s0,test,0.42585261681842423
proton,500,500,solidity,ae_s0,run_test,0.39178023815175955
proton,500,500,solidity,endpoint_pca,test,0.4744878303017339
proton,500,500,solidity,endpoint_pca,run_test,0.4858997444759833
proton,500,500,solidity,random_s0,test,0.07602006062401567
proton,500,500,solidity,random_s0,run_test,0.07175326655363268
proton,1288,1288,mean_adc,vae_s0,test,0.7020150058613214
proton,1288,1288,mean_adc,vae_s0,run_test,0.7160590474757582
proton,1288,1288,mean_adc,vae_s1,test,0.717314826879487
proton,1288,1288,mean_adc,vae_s1,run_test,0.7279845116786796
proton,1288,1288,mean_adc,vae_s2,test,0.7042520909556154
proton,1288,1288,mean_adc,vae_s2,run_test,0.7101122646982265
proton,1288,1288,mean_adc,ae_s0,test,0.7175761178627209
proton,1288,1288,mean_adc,ae_s0,run_test,0.715721978968465
proton,1288,1288,mean_adc,endpoint_pca,test,0.6997736676161701
proton,1288,1288,mean_adc,endpoint_pca,run_test,0.7122441274076577
proton,1288,1288,mean_adc,random_s0,test,0.28805120258539474
proton,1288,1288,mean_adc,random_s0,run_test,0.2953326039986013
proton,1288,1288,median_adc,vae_s0,test,0.18966140202279358
proton,1288,1288,median_adc,vae_s0,run_test,0.20637154620588483
proton,1288,1288,median_adc,vae_s1,test,0.29187804946673257
proton,1288,1288,median_adc,vae_s1,run_test,0.2749437152410892
proton,1288,1288,median_adc,vae_s2,test,0.286420058141587
proton,1288,1288,median_adc,vae_s2,run_test,0.24712560908960446
proton,1288,1288,median_adc,ae_s0,test,0.2835759739422513
proton,1288,1288,median_adc,ae_s0,run_test,0.2364856944609789
proton,1288,1288,median_adc,endpoint_pca,test,0.604559911561823
proton,1288,1288,median_adc,endpoint_pca,run_test,0.4939469895898315
proton,1288,1288,median_adc,random_s0,test,0.05115047240039927
proton,1288,1288,median_adc,random_s0,run_test,0.028422026758020524
proton,1288,1288,solidity,vae_s0,test,0.39137182315319374
proton,1288,1288,solidity,vae_s0,run_test,0.36865856953130716
proton,1288,1288,solidity,vae_s1,test,0.4744760397146067
proton,1288,1288,solidity,vae_s1,run_test,0.42683042461306875
proton,1288,1288,solidity,vae_s2,test,0.40271067070400834
proton,1288,1288,solidity,vae_s2,run_test,0.38358391342361986
proton,1288,1288,solidity,ae_s0,test,0.4414139916654436
proton,1288,1288,solidity,ae_s0,run_test,0.4001279787678932
proton,1288,1288,solidity,endpoint_pca,test,0.4881467437641098
proton,1288,1288,solidity,endpoint_pca,run_test,0.5011569587882982
proton,1288,1288,solidity,random_s0,test,0.08063753188062983
proton,1288,1288,solidity,random_s0,run_test,0.06919455134468977
kaon,25,25,mean_adc,vae_s0,test,0.264670828074101
kaon,25,25,mean_adc,vae_s0,run_test,0.24608523707352947
kaon,25,25,mean_adc,vae_s1,test,0.28529876313329905
kaon,25,25,mean_adc,vae_s1,run_test,0.2794275859415547
kaon,25,25,mean_adc,vae_s2,test,0.27543822850274247
kaon,25,25,mean_adc,vae_s2,run_test,0.26737122597396634
kaon,25,25,mean_adc,ae_s0,test,0.2921999907060525
kaon,25,25,mean_adc,ae_s0,run_test,0.30182885544243654
kaon,25,25,mean_adc,endpoint_pca,test,0.35882861272600586
kaon,25,25,mean_adc,endpoint_pca,run_test,0.38341840447986864
kaon,25,25,mean_adc,random_s0,test,-0.10550365427508424
kaon,25,25,mean_adc,random_s0,run_test,-0.08744612185670508
kaon,25,25,median_adc,vae_s0,test,-0.11147628371676044
kaon,25,25,median_adc,vae_s0,run_test,-0.2022938398512748
kaon,25,25,median_adc,vae_s1,test,-0.12478941621836936
kaon,25,25,median_adc,vae_s1,run_test,-0.2233010524729815
kaon,25,25,median_adc,vae_s2,test,-0.1157812739794637
kaon,25,25,median_adc,vae_s2,run_test,-0.1942937665225264
kaon,25,25,median_adc,ae_s0,test,-0.13231874670424681
kaon,25,25,median_adc,ae_s0,run_test,-0.2407505861888244
kaon,25,25,median_adc,endpoint_pca,test,0.3200707068863985
kaon,25,25,median_adc,endpoint_pca,run_test,0.27929545910291786
kaon,25,25,median_adc,random_s0,test,-0.03012763965016263
kaon,25,25,median_adc,random_s0,run_test,-0.09509118467980171
kaon,25,25,solidity,vae_s0,test,0.4213611002365981
kaon,25,25,solidity,vae_s0,run_test,0.4029003042767836
kaon,25,25,solidity,vae_s1,test,0.43031148160609445
kaon,25,25,solidity,vae_s1,run_test,0.4222297342766338
kaon,25,25,solidity,vae_s2,test,0.40691257761152066
kaon,25,25,solidity,vae_s2,run_test,0.4032285948571338
kaon,25,25,solidity,ae_s0,test,0.44144778316229083
kaon,25,25,solidity,ae_s0,run_test,0.44302622698455296
kaon,25,25,solidity,endpoint_pca,test,0.5637180762985847
kaon,25,25,solidity,endpoint_pca,run_test,0.5597686487867773
kaon,25,25,solidity,random_s0,test,-0.16670138113893507
kaon,25,25,solidity,random_s0,run_test,-0.13498534741303203
kaon,50,50,mean_adc,vae_s0,test,0.34683801836398986
kaon,50,50,mean_adc,vae_s0,run_test,0.3549764211155526
kaon,50,50,mean_adc,vae_s1,test,0.3273569553927833
kaon,50,50,mean_adc,vae_s1,run_test,0.3674640857086636
kaon,50,50,mean_adc,vae_s2,test,0.3129345004058883
kaon,50,50,mean_adc,vae_s2,run_test,0.3260054274743037
kaon,50,50,mean_adc,ae_s0,test,0.3373551946592428
kaon,50,50,mean_adc,ae_s0,run_test,0.3706554681713027
kaon,50,50,mean_adc,endpoint_pca,test,0.49801441913259736
kaon,50,50,mean_adc,endpoint_pca,run_test,0.5296073722896324
kaon,50,50,mean_adc,random_s0,test,-0.15898255724154486
kaon,50,50,mean_adc,random_s0,run_test,-0.13168941910019916
kaon,50,50,median_adc,vae_s0,test,-0.01862015283298346
kaon,50,50,median_adc,vae_s0,run_test,-0.03413125502572201
kaon,50,50,median_adc,vae_s1,test,-0.03656171665874508
kaon,50,50,median_adc,vae_s1,run_test,-0.059105531188277105
kaon,50,50,median_adc,vae_s2,test,0.0024781857225590898
kaon,50,50,median_adc,vae_s2,run_test,-0.014127996050366187
kaon,50,50,median_adc,ae_s0,test,-0.045043466575291236
kaon,50,50,median_adc,ae_s0,run_test,-0.0684295625051683
kaon,50,50,median_adc,endpoint_pca,test,0.47590502494265563
kaon,50,50,median_adc,endpoint_pca,run_test,0.4183758118498073
kaon,50,50,median_adc,random_s0,test,-0.06531820380898612
kaon,50,50,median_adc,random_s0,run_test,-0.10129234398082931
kaon,50,50,solidity,vae_s0,test,0.5081498798127748
kaon,50,50,solidity,vae_s0,run_test,0.5029655712729346
kaon,50,50,solidity,vae_s1,test,0.49755883727729466
kaon,50,50,solidity,vae_s1,run_test,0.48983843763834445
kaon,50,50,solidity,vae_s2,test,0.5018556955604987
kaon,50,50,solidity,vae_s2,run_test,0.5124675710799604
kaon,50,50,solidity,ae_s0,test,0.5310773971963483
kaon,50,50,solidity,ae_s0,run_test,0.5369671176283173
kaon,50,50,solidity,endpoint_pca,test,0.6547702405030283
kaon,50,50,solidity,endpoint_pca,run_test,0.653341039374066
kaon,50,50,solidity,random_s0,test,-0.20127680274612647
kaon,50,50,solidity,random_s0,run_test,-0.17745238627783544
kaon,100,102,mean_adc,vae_s0,test,0.32524101568997954
kaon,100,102,mean_adc,vae_s0,run_test,0.32805174146105
kaon,100,102,mean_adc,vae_s1,test,0.36428018581122845
kaon,100,102,mean_adc,vae_s1,run_test,0.3779003153804045
kaon,100,102,mean_adc,vae_s2,test,0.3401544606148018
kaon,100,102,mean_adc,vae_s2,run_test,0.35026778040401063
kaon,100,102,mean_adc,ae_s0,test,0.36494330477871084
kaon,100,102,mean_adc,ae_s0,run_test,0.38820433698746004
kaon,100,102,mean_adc,endpoint_pca,test,0.5621378872756482
kaon,100,102,mean_adc,endpoint_pca,run_test,0.5831056421184095
kaon,100,102,mean_adc,random_s0,test,-0.017712562505982632
kaon,100,102,mean_adc,random_s0,run_test,-0.015070762996556075
kaon,100,102,median_adc,vae_s0,test,0.0009229074173453533
kaon,100,102,median_adc,vae_s0,run_test,-0.035724048784586016
kaon,100,102,median_adc,vae_s1,test,0.030728561636467644
kaon,100,102,median_adc,vae_s1,run_test,-0.014185324114415643
kaon,100,102,median_adc,vae_s2,test,0.03989563405434249
kaon,100,102,median_adc,vae_s2,run_test,-0.007043267223307392
kaon,100,102,median_adc,ae_s0,test,0.02202362101084243
kaon,100,102,median_adc,ae_s0,run_test,-0.018997058315318727
kaon,100,102,median_adc,endpoint_pca,test,0.5901308968669999
kaon,100,102,median_adc,endpoint_pca,run_test,0.5222363611431402
kaon,100,102,median_adc,random_s0,test,-0.010633523839268522
kaon,100,102,median_adc,random_s0,run_test,-0.05902973649908683
kaon,100,102,solidity,vae_s0,test,0.5034975744798716
kaon,100,102,solidity,vae_s0,run_test,0.5072953989024283
kaon,100,102,solidity,vae_s1,test,0.5069909022856123
kaon,100,102,solidity,vae_s1,run_test,0.5142591566428438
kaon,100,102,solidity,vae_s2,test,0.4832311469524321
kaon,100,102,solidity,vae_s2,run_test,0.515969304800699
kaon,100,102,solidity,ae_s0,test,0.5321233892585026
kaon,100,102,solidity,ae_s0,run_test,0.5497684819727784
kaon,100,102,solidity,endpoint_pca,test,0.6970898233146368
kaon,100,102,solidity,endpoint_pca,run_test,0.6958098747840334
kaon,100,102,solidity,random_s0,test,-0.08308490090493992
kaon,100,102,solidity,random_s0,run_test,-0.05058001344935703
kaon,200,205,mean_adc,vae_s0,test,0.3712717662466014
kaon,200,205,mean_adc,vae_s0,run_test,0.37972215144554977
kaon,200,205,mean_adc,vae_s1,test,0.3978022996653253
kaon,200,205,mean_adc,vae_s1,run_test,0.4081545790012744
kaon,200,205,mean_adc,vae_s2,test,0.3680717833925311
kaon,200,205,mean_adc,vae_s2,run_test,0.3817377505789562
kaon,200,205,mean_adc,ae_s0,test,0.38202490696395086
kaon,200,205,mean_adc,ae_s0,run_test,0.4125946263564374
kaon,200,205,mean_adc,endpoint_pca,test,0.5850840115276921
kaon,200,205,mean_adc,endpoint_pca,run_test,0.6127979958131562
kaon,200,205,mean_adc,random_s0,test,0.004314755428435402
kaon,200,205,mean_adc,random_s0,run_test,-0.0008922772125417033
kaon,200,205,median_adc,vae_s0,test,0.04508450114197504
kaon,200,205,median_adc,vae_s0,run_test,0.0446412395041601
kaon,200,205,median_adc,vae_s1,test,0.05725223361554155
kaon,200,205,median_adc,vae_s1,run_test,0.04201893081467256
kaon,200,205,median_adc,vae_s2,test,0.09513172694306271
kaon,200,205,median_adc,vae_s2,run_test,0.07489675571992438
kaon,200,205,median_adc,ae_s0,test,0.054055782607090874
kaon,200,205,median_adc,ae_s0,run_test,0.040589302300834795
kaon,200,205,median_adc,endpoint_pca,test,0.6116665163744813
kaon,200,205,median_adc,endpoint_pca,run_test,0.5358254917997701
kaon,200,205,median_adc,random_s0,test,0.009591745910190075
kaon,200,205,median_adc,random_s0,run_test,-0.02373617479162604
kaon,200,205,solidity,vae_s0,test,0.5446035110470511
kaon,200,205,solidity,vae_s0,run_test,0.5531286750818752
kaon,200,205,solidity,vae_s1,test,0.5337339504012554
kaon,200,205,solidity,vae_s1,run_test,0.5377657213934608
kaon,200,205,solidity,vae_s2,test,0.5279720715174487
kaon,200,205,solidity,vae_s2,run_test,0.550855039832147
kaon,200,205,solidity,ae_s0,test,0.5633446681994498
kaon,200,205,solidity,ae_s0,run_test,0.5803794948863147
kaon,200,205,solidity,endpoint_pca,test,0.7066658415749854
kaon,200,205,solidity,endpoint_pca,run_test,0.699661058359591
kaon,200,205,solidity,random_s0,test,-0.008763360007893128
kaon,200,205,solidity,random_s0,run_test,0.00043270474681711413
kaon,500,515,mean_adc,vae_s0,test,0.3602432084264676
kaon,500,515,mean_adc,vae_s0,run_test,0.3588800759144848
kaon,500,515,mean_adc,vae_s1,test,0.38883725075538966
kaon,500,515,mean_adc,vae_s1,run_test,0.39033738353487746
kaon,500,515,mean_adc,vae_s2,test,0.36132134758070233
kaon,500,515,mean_adc,vae_s2,run_test,0.36683093907698694
kaon,500,515,mean_adc,ae_s0,test,0.3851160770449372
kaon,500,515,mean_adc,ae_s0,run_test,0.4037286134615603
kaon,500,515,mean_adc,endpoint_pca,test,0.5835077982373047
kaon,500,515,mean_adc,endpoint_pca,run_test,0.6120224209245069
kaon,500,515,mean_adc,random_s0,test,0.0009098633155384395
kaon,500,515,mean_adc,random_s0,run_test,-0.009180747086453556
kaon,500,515,median_adc,vae_s0,test,0.04559712804633487
kaon,500,515,median_adc,vae_s0,run_test,0.006415928221097378
kaon,500,515,median_adc,vae_s1,test,0.0673764855475224
kaon,500,515,median_adc,vae_s1,run_test,0.017049934823468837
kaon,500,515,median_adc,vae_s2,test,0.0855082977311169
kaon,500,515,median_adc,vae_s2,run_test,0.03646617510795991
kaon,500,515,median_adc,ae_s0,test,0.048722877787274466
kaon,500,515,median_adc,ae_s0,run_test,0.005731767772134244
kaon,500,515,median_adc,endpoint_pca,test,0.6068251517666652
kaon,500,515,median_adc,endpoint_pca,run_test,0.5240877559095001
kaon,500,515,median_adc,random_s0,test,0.0032407905866315145
kaon,500,515,median_adc,random_s0,run_test,-0.043288605546771386
kaon,500,515,solidity,vae_s0,test,0.5550220722314885
kaon,500,515,solidity,vae_s0,run_test,0.5565131415202824
kaon,500,515,solidity,vae_s1,test,0.564114006238994
kaon,500,515,solidity,vae_s1,run_test,0.5596726400125566
kaon,500,515,solidity,vae_s2,test,0.5451484507965407
kaon,500,515,solidity,vae_s2,run_test,0.555500710450594
kaon,500,515,solidity,ae_s0,test,0.5793555611775043
kaon,500,515,solidity,ae_s0,run_test,0.588162886162821
kaon,500,515,solidity,endpoint_pca,test,0.7063269561750765
kaon,500,515,solidity,endpoint_pca,run_test,0.6989905544005075
kaon,500,515,solidity,random_s0,test,-0.003045116060994779
kaon,500,515,solidity,random_s0,run_test,0.005526001714888151
kaon,799,820,mean_adc,vae_s0,test,0.3800622303388601
kaon,799,820,mean_adc,vae_s0,run_test,0.389990294429181
kaon,799,820,mean_adc,vae_s1,test,0.4041417551622051
kaon,799,820,mean_adc,vae_s1,run_test,0.41662044955972644
kaon,799,820,mean_adc,vae_s2,test,0.38104673662337574
kaon,799,820,mean_adc,vae_s2,run_test,0.3957604660351536
kaon,799,820,mean_adc,ae_s0,test,0.4058321087312541
kaon,799,820,mean_adc,ae_s0,run_test,0.4349695927339343
kaon,799,820,mean_adc,endpoint_pca,test,0.5902634089542477
kaon,799,820,mean_adc,endpoint_pca,run_test,0.6203415363145873
kaon,799,820,mean_adc,random_s0,test,0.009105887763464104
kaon,799,820,mean_adc,random_s0,run_test,0.0014013917025029743
kaon,799,820,median_adc,vae_s0,test,0.07619198551179496
kaon,799,820,median_adc,vae_s0,run_test,0.06897750219467425
kaon,799,820,median_adc,vae_s1,test,0.10255745958980589
kaon,799,820,median_adc,vae_s1,run_test,0.07682414648478986
kaon,799,820,median_adc,vae_s2,test,0.11198973851373872
kaon,799,820,median_adc,vae_s2,run_test,0.08877538223007997
kaon,799,820,median_adc,ae_s0,test,0.0737235829116335
kaon,799,820,median_adc,ae_s0,run_test,0.06476362588476758
kaon,799,820,median_adc,endpoint_pca,test,0.61661134470314
kaon,799,820,median_adc,endpoint_pca,run_test,0.544910254865145
kaon,799,820,median_adc,random_s0,test,0.01298754359834331
kaon,799,820,median_adc,random_s0,run_test,-0.017170373567834574
kaon,799,820,solidity,vae_s0,test,0.5578701860053135
kaon,799,820,solidity,vae_s0,run_test,0.5595776937543235
kaon,799,820,solidity,vae_s1,test,0.5678534579452568
kaon,799,820,solidity,vae_s1,run_test,0.5623651699598117
kaon,799,820,solidity,vae_s2,test,0.5470530931531576
kaon,799,820,solidity,vae_s2,run_test,0.5565446872544924
kaon,799,820,solidity,ae_s0,test,0.5856476599482988
kaon,799,820,solidity,ae_s0,run_test,0.5945670963269717
kaon,799,820,solidity,endpoint_pca,test,0.7082089532665639
kaon,799,820,solidity,endpoint_pca,run_test,0.7013775221283207
kaon,799,820,solidity,random_s0,test,0.005424311299092155
kaon,799,820,solidity,random_s0,run_test,0.010631843393913654
muon,25,27,mean_adc,vae_s0,test,0.13123564539977206
muon,25,27,mean_adc,vae_s0,run_test,0.16460102394849185
muon,25,27,mean_adc,vae_s1,test,0.14719699823650656
muon,25,27,mean_adc,vae_s1,run_test,0.15897584403890552
muon,25,27,mean_adc,vae_s2,test,0.16647298022602486
muon,25,27,mean_adc,vae_s2,run_test,0.18023383368868617
muon,25,27,mean_adc,ae_s0,test,0.1631562644237884
muon,25,27,mean_adc,ae_s0,run_test,0.17691572413921197
muon,25,27,mean_adc,endpoint_pca,test,0.043497999901169315
muon,25,27,mean_adc,endpoint_pca,run_test,0.09169964108964157
muon,25,27,mean_adc,random_s0,test,0.008884370602231906
muon,25,27,mean_adc,random_s0,run_test,-0.020989079794161647
muon,25,27,median_adc,vae_s0,test,0.018055875408866995
muon,25,27,median_adc,vae_s0,run_test,0.030679223112304088
muon,25,27,median_adc,vae_s1,test,0.03772095693526967
muon,25,27,median_adc,vae_s1,run_test,0.05163496679364399
muon,25,27,median_adc,vae_s2,test,0.0274697693730227
muon,25,27,median_adc,vae_s2,run_test,0.04069101758834537
muon,25,27,median_adc,ae_s0,test,0.03079696554646849
muon,25,27,median_adc,ae_s0,run_test,0.04209683925697549
muon,25,27,median_adc,endpoint_pca,test,0.0833204702814222
muon,25,27,median_adc,endpoint_pca,run_test,0.09588711287343887
muon,25,27,median_adc,random_s0,test,-0.0033897143527201745
muon,25,27,median_adc,random_s0,run_test,0.0003160761619568353
muon,25,27,solidity,vae_s0,test,0.11796935038503387
muon,25,27,solidity,vae_s0,run_test,0.20560744852573654
muon,25,27,solidity,vae_s1,test,0.1796521390273248
muon,25,27,solidity,vae_s1,run_test,0.25182019066021966
muon,25,27,solidity,vae_s2,test,0.19372063285620267
muon,25,27,solidity,vae_s2,run_test,0.2604434474248557
muon,25,27,solidity,ae_s0,test,0.12048827799007578
muon,25,27,solidity,ae_s0,run_test,0.18974529376314464
muon,25,27,solidity,endpoint_pca,test,0.06253470587501053
muon,25,27,solidity,endpoint_pca,run_test,0.15034601681824689
muon,25,27,solidity,random_s0,test,-0.05389515677730983
muon,25,27,solidity,random_s0,run_test,-0.05819733978884378
muon,50,53,mean_adc,vae_s0,test,0.1542839345165231
muon,50,53,mean_adc,vae_s0,run_test,0.1794540220918055
muon,50,53,mean_adc,vae_s1,test,0.13123876006332336
muon,50,53,mean_adc,vae_s1,run_test,0.14090920374763993
muon,50,53,mean_adc,vae_s2,test,0.18221922764311949
muon,50,53,mean_adc,vae_s2,run_test,0.18993482956810337
muon,50,53,mean_adc,ae_s0,test,0.19068359261423184
muon,50,53,mean_adc,ae_s0,run_test,0.20136448395320272
muon,50,53,mean_adc,endpoint_pca,test,0.026791157586996128
muon,50,53,mean_adc,endpoint_pca,run_test,0.07881278321891516
muon,50,53,mean_adc,random_s0,test,0.11071967423329054
muon,50,53,mean_adc,random_s0,run_test,0.10711318647170665
muon,50,53,median_adc,vae_s0,test,0.04618942550542737
muon,50,53,median_adc,vae_s0,run_test,0.05043068225596514
muon,50,53,median_adc,vae_s1,test,0.05068703919852735
muon,50,53,median_adc,vae_s1,run_test,0.060170793642091214
muon,50,53,median_adc,vae_s2,test,0.04109185969658424
muon,50,53,median_adc,vae_s2,run_test,0.04896320199945281
muon,50,53,median_adc,ae_s0,test,0.04177576074902134
muon,50,53,median_adc,ae_s0,run_test,0.04706052474037403
muon,50,53,median_adc,endpoint_pca,test,0.12745426631806545
muon,50,53,median_adc,endpoint_pca,run_test,0.15653946832592924
muon,50,53,median_adc,random_s0,test,6.44373612427307e-05
muon,50,53,median_adc,random_s0,run_test,-0.004389556861334354
muon,50,53,solidity,vae_s0,test,0.17722905595218297
muon,50,53,solidity,vae_s0,run_test,0.2641256510612332
muon,50,53,solidity,vae_s1,test,0.21163932176986244
muon,50,53,solidity,vae_s1,run_test,0.2812152230658893
muon,50,53,solidity,vae_s2,test,0.2211867725451978
muon,50,53,solidity,vae_s2,run_test,0.2869662194726431
muon,50,53,solidity,ae_s0,test,0.18029563773673818
muon,50,53,solidity,ae_s0,run_test,0.24763027219635625
muon,50,53,solidity,endpoint_pca,test,0.17671866149271476
muon,50,53,solidity,endpoint_pca,run_test,0.26740269747496803
muon,50,53,solidity,random_s0,test,-0.17200506188522646
muon,50,53,solidity,random_s0,run_test,-0.1551493148619134
muon,100,108,mean_adc,vae_s0,test,0.23466962533989733
muon,100,108,mean_adc,vae_s0,run_test,0.2520089042664899
muon,100,108,mean_adc,vae_s1,test,0.2175211781101426
muon,100,108,mean_adc,vae_s1,run_test,0.2259901241906911
muon,100,108,mean_adc,vae_s2,test,0.25643887024242173
muon,100,108,mean_adc,vae_s2,run_test,0.26544885817301744
muon,100,108,mean_adc,ae_s0,test,0.24461147782444437
muon,100,108,mean_adc,ae_s0,run_test,0.2552028683459103
muon,100,108,mean_adc,endpoint_pca,test,0.12907252634719568
muon,100,108,mean_adc,endpoint_pca,run_test,0.16420645369622477
muon,100,108,mean_adc,random_s0,test,0.14582091090474525
muon,100,108,mean_adc,random_s0,run_test,0.1438347797090509
muon,100,108,median_adc,vae_s0,test,0.13858991258561593
muon,100,108,median_adc,vae_s0,run_test,0.14015403163272144
muon,100,108,median_adc,vae_s1,test,0.16090033554234184
muon,100,108,median_adc,vae_s1,run_test,0.17665863702752083
muon,100,108,median_adc,vae_s2,test,0.11583820146112311
muon,100,108,median_adc,vae_s2,run_test,0.13189623933866634
muon,100,108,median_adc,ae_s0,test,0.12508982431174576
muon,100,108,median_adc,ae_s0,run_test,0.14178151386641769
muon,100,108,median_adc,endpoint_pca,test,0.28605176013963285
muon,100,108,median_adc,endpoint_pca,run_test,0.2956657842162099
muon,100,108,median_adc,random_s0,test,0.003049854537540253
muon,100,108,median_adc,random_s0,run_test,-0.04038715844862306
muon,100,108,solidity,vae_s0,test,0.21341245494216543
muon,100,108,solidity,vae_s0,run_test,0.2983621813121796
muon,100,108,solidity,vae_s1,test,0.2312750489917209
muon,100,108,solidity,vae_s1,run_test,0.29649188850323316
muon,100,108,solidity,vae_s2,test,0.2569134636340523
muon,100,108,solidity,vae_s2,run_test,0.3144017439507617
muon,100,108,solidity,ae_s0,test,0.23551144953146586
muon,100,108,solidity,ae_s0,run_test,0.29601900706221784
muon,100,108,solidity,endpoint_pca,test,0.22436131479511334
muon,100,108,solidity,endpoint_pca,run_test,0.2966265317265271
muon,100,108,solidity,random_s0,test,-0.0389428966722416
muon,100,108,solidity,random_s0,run_test,-0.022450401954995147
muon,200,213,mean_adc,vae_s0,test,0.2915557816589971
muon,200,213,mean_adc,vae_s0,run_test,0.300950023494159
muon,200,213,mean_adc,vae_s1,test,0.2638454578163719
muon,200,213,mean_adc,vae_s1,run_test,0.26666139109163856
muon,200,213,mean_adc,vae_s2,test,0.293578912608632
muon,200,213,mean_adc,vae_s2,run_test,0.2915617826696997
muon,200,213,mean_adc,ae_s0,test,0.29413573368891477
muon,200,213,mean_adc,ae_s0,run_test,0.30399159544195375
muon,200,213,mean_adc,endpoint_pca,test,0.1950057799157131
muon,200,213,mean_adc,endpoint_pca,run_test,0.22501403262935193
muon,200,213,mean_adc,random_s0,test,0.1550926035188468
muon,200,213,mean_adc,random_s0,run_test,0.1394840477210071
muon,200,213,median_adc,vae_s0,test,0.1537902583068529
muon,200,213,median_adc,vae_s0,run_test,0.14877868253284643
muon,200,213,median_adc,vae_s1,test,0.16392799149621629
muon,200,213,median_adc,vae_s1,run_test,0.1677753345972307
muon,200,213,median_adc,vae_s2,test,0.11610774430479653
muon,200,213,median_adc,vae_s2,run_test,0.11218914364940458
muon,200,213,median_adc,ae_s0,test,0.13723563687230522
muon,200,213,median_adc,ae_s0,run_test,0.13719903814377665
muon,200,213,median_adc,endpoint_pca,test,0.3198146851615009
muon,200,213,median_adc,endpoint_pca,run_test,0.30947412932189844
muon,200,213,median_adc,random_s0,test,0.005944529747578864
muon,200,213,median_adc,random_s0,run_test,-0.008942236134211301
muon,200,213,solidity,vae_s0,test,0.2669033744180933
muon,200,213,solidity,vae_s0,run_test,0.32425893933704586
muon,200,213,solidity,vae_s1,test,0.29185326197780825
muon,200,213,solidity,vae_s1,run_test,0.33432449401168096
muon,200,213,solidity,vae_s2,test,0.3100669818763966
muon,200,213,solidity,vae_s2,run_test,0.34966447949266344
muon,200,213,solidity,ae_s0,test,0.2881263862729062
muon,200,213,solidity,ae_s0,run_test,0.33382541685001776
muon,200,213,solidity,endpoint_pca,test,0.2728699218232822
muon,200,213,solidity,endpoint_pca,run_test,0.3255672650767977
muon,200,213,solidity,random_s0,test,0.05553770997609386
muon,200,213,solidity,random_s0,run_test,0.059759294151326636
muon,500,527,mean_adc,vae_s0,test,0.32385751864122214
muon,500,527,mean_adc,vae_s0,run_test,0.32310403834224466
muon,500,527,mean_adc,vae_s1,test,0.28643228131019605
muon,500,527,mean_adc,vae_s1,run_test,0.2864965899444005
muon,500,527,mean_adc,vae_s2,test,0.31989869296404083
muon,500,527,mean_adc,vae_s2,run_test,0.31047084729079655
muon,500,527,mean_adc,ae_s0,test,0.3158877822544973
muon,500,527,mean_adc,ae_s0,run_test,0.31272914299996013
muon,500,527,mean_adc,endpoint_pca,test,0.21037157740185586
muon,500,527,mean_adc,endpoint_pca,run_test,0.2322633930461081
muon,500,527,mean_adc,random_s0,test,0.15631685132144058
muon,500,527,mean_adc,random_s0,run_test,0.1464376751415607
muon,500,527,median_adc,vae_s0,test,0.2052041340986066
muon,500,527,median_adc,vae_s0,run_test,0.17138224511599376
muon,500,527,median_adc,vae_s1,test,0.21496125696042312
muon,500,527,median_adc,vae_s1,run_test,0.2030900759215889
muon,500,527,median_adc,vae_s2,test,0.14659567996815426
muon,500,527,median_adc,vae_s2,run_test,0.14214997136418306
muon,500,527,median_adc,ae_s0,test,0.17367436014149618
muon,500,527,median_adc,ae_s0,run_test,0.1673682654007822
muon,500,527,median_adc,endpoint_pca,test,0.3819983892293909
muon,500,527,median_adc,endpoint_pca,run_test,0.31624854700443605
muon,500,527,median_adc,random_s0,test,0.03262927665152193
muon,500,527,median_adc,random_s0,run_test,0.008998368679737023
muon,500,527,solidity,vae_s0,test,0.2927688569108675
muon,500,527,solidity,vae_s0,run_test,0.34157807786390193
muon,500,527,solidity,vae_s1,test,0.31447046409534907
muon,500,527,solidity,vae_s1,run_test,0.3517524722374349
muon,500,527,solidity,vae_s2,test,0.31976976855914474
muon,500,527,solidity,vae_s2,run_test,0.3560679517023151
muon,500,527,solidity,ae_s0,test,0.30900913069691927
muon,500,527,solidity,ae_s0,run_test,0.34689352354892145
muon,500,527,solidity,endpoint_pca,test,0.29769918105778037
muon,500,527,solidity,endpoint_pca,run_test,0.3393417002063406
muon,500,527,solidity,random_s0,test,0.08835314219342394
muon,500,527,solidity,random_s0,run_test,0.09835101999870755
muon,930,974,mean_adc,vae_s0,test,0.3254077601086709
muon,930,974,mean_adc,vae_s0,run_test,0.32063889125925393
muon,930,974,mean_adc,vae_s1,test,0.29422979461660226
muon,930,974,mean_adc,vae_s1,run_test,0.29509828031476903
muon,930,974,mean_adc,vae_s2,test,0.32259010046883463
muon,930,974,mean_adc,vae_s2,run_test,0.31322553159900934
muon,930,974,mean_adc,ae_s0,test,0.31807932347680834
muon,930,974,mean_adc,ae_s0,run_test,0.31511166922073797
muon,930,974,mean_adc,endpoint_pca,test,0.211747454909755
muon,930,974,mean_adc,endpoint_pca,run_test,0.22850868632786114
muon,930,974,mean_adc,random_s0,test,0.15904597220427585
muon,930,974,mean_adc,random_s0,run_test,0.1545195250711895
muon,930,974,median_adc,vae_s0,test,0.21913625019663296
muon,930,974,median_adc,vae_s0,run_test,0.17576539364690125
muon,930,974,median_adc,vae_s1,test,0.22495851597198502
muon,930,974,median_adc,vae_s1,run_test,0.19987580748078926
muon,930,974,median_adc,vae_s2,test,0.15061417631566176
muon,930,974,median_adc,vae_s2,run_test,0.1499425053580804
muon,930,974,median_adc,ae_s0,test,0.17772268648775147
muon,930,974,median_adc,ae_s0,run_test,0.1709674713629168
muon,930,974,median_adc,endpoint_pca,test,0.39676700601839754
muon,930,974,median_adc,endpoint_pca,run_test,0.3068877992110144
muon,930,974,median_adc,random_s0,test,0.03828566294288527
muon,930,974,median_adc,random_s0,run_test,-0.009444038775712427
muon,930,974,solidity,vae_s0,test,0.2929898779996921
muon,930,974,solidity,vae_s0,run_test,0.3435998850251415
muon,930,974,solidity,vae_s1,test,0.31717850501191636
muon,930,974,solidity,vae_s1,run_test,0.3554816542843481
muon,930,974,solidity,vae_s2,test,0.32113415600054496
muon,930,974,solidity,vae_s2,run_test,0.3586167970124541
muon,930,974,solidity,ae_s0,test,0.31390438705182877
muon,930,974,solidity,ae_s0,run_test,0.3524266189387816
muon,930,974,solidity,endpoint_pca,test,0.3045497991833448
muon,930,974,solidity,endpoint_pca,run_test,0.3485207089981698
muon,930,974,solidity,random_s0,test,0.08311061054085345
muon,930,974,solidity,random_s0,run_test,0.09970095397372936
