method,dimension,target,species,partition,n,r2
vae_s0,1,mean_adc,proton,test,3866,0.2101132305302834
vae_s0,1,mean_adc,proton,run_test,2147,0.21208603205322918
vae_s0,1,mean_adc,kaon,test,2470,-0.007761277081765883
vae_s0,1,mean_adc,kaon,run_test,1772,-0.018358610482205773
vae_s0,1,mean_adc,muon,test,2931,0.09305429014004307
vae_s0,1,mean_adc,muon,run_test,1920,0.08392693668495177
vae_s0,1,median_adc,proton,test,3866,0.0024521700177938532
vae_s0,1,median_adc,proton,run_test,2147,0.002288254075086149
vae_s0,1,median_adc,kaon,test,2470,-9.553379098248271e-05
vae_s0,1,median_adc,kaon,run_test,1772,-0.01694514120265822
vae_s0,1,median_adc,muon,test,2931,0.01223081785575486
vae_s0,1,median_adc,muon,run_test,1920,0.0020287252650160736
vae_s0,1,solidity,proton,test,3866,-8.097732549150471e-05
vae_s0,1,solidity,proton,run_test,2147,-0.004613876937236139
vae_s0,1,solidity,kaon,test,2470,0.10373554674688323
vae_s0,1,solidity,kaon,run_test,1772,0.0306641813252988
vae_s0,1,solidity,muon,test,2931,0.15424445805651565
vae_s0,1,solidity,muon,run_test,1920,0.1906894510947048
vae_s0,2,mean_adc,proton,test,3866,0.31986700731804907
vae_s0,2,mean_adc,proton,run_test,2147,0.32176033258437964
vae_s0,2,mean_adc,kaon,test,2470,0.16284364237903304
vae_s0,2,mean_adc,kaon,run_test,1772,0.17814187106819424
vae_s0,2,mean_adc,muon,test,2931,0.10825986256190279
vae_s0,2,mean_adc,muon,run_test,1920,0.09617119957733089
vae_s0,2,median_adc,proton,test,3866,0.002260790025156112
vae_s0,2,median_adc,proton,run_test,2147,0.0023041521976373547
vae_s0,2,median_adc,kaon,test,2470,-0.0006862370028364317
vae_s0,2,median_adc,kaon,run_test,1772,-0.01798303538395607
vae_s0,2,median_adc,muon,test,2931,0.0844966603527193
vae_s0,2,median_adc,muon,run_test,1920,0.027690100350534208
vae_s0,2,solidity,proton,test,3866,0.0033550653553882093
vae_s0,2,solidity,proton,run_test,2147,0.0013951591607263003
vae_s0,2,solidity,kaon,test,2470,0.20268737818713722
vae_s0,2,solidity,kaon,run_test,1772,0.14050543443329444
vae_s0,2,solidity,muon,test,2931,0.1837126692288351
vae_s0,2,solidity,muon,run_test,1920,0.23001841359289044
vae_s0,3,mean_adc,proton,test,3866,0.5490453880381665
vae_s0,3,mean_adc,proton,run_test,2147,0.51803018529312
vae_s0,3,mean_adc,kaon,test,2470,0.2319148831194655
vae_s0,3,mean_adc,kaon,run_test,1772,0.2709020366755238
vae_s0,3,mean_adc,muon,test,2931,0.14264354914259747
vae_s0,3,mean_adc,muon,run_test,1920,0.12228851555007214
vae_s0,3,median_adc,proton,test,3866,0.12935018602085901
vae_s0,3,median_adc,proton,run_test,2147,0.11721604225956717
vae_s0,3,median_adc,kaon,test,2470,0.023592626936908
vae_s0,3,median_adc,kaon,run_test,1772,0.03718125112162041
vae_s0,3,median_adc,muon,test,2931,0.0835032987260419
vae_s0,3,median_adc,muon,run_test,1920,0.02677850774996282
vae_s0,3,solidity,proton,test,3866,0.2786555391073835
vae_s0,3,solidity,proton,run_test,2147,0.2081690884967634
vae_s0,3,solidity,kaon,test,2470,0.32154076243541385
vae_s0,3,solidity,kaon,run_test,1772,0.3113639813855775
vae_s0,3,solidity,muon,test,2931,0.18252784980471548
vae_s0,3,solidity,muon,run_test,1920,0.2303606508287107
vae_s0,4,mean_adc,proton,test,3866,0.5997823634117346
vae_s0,4,mean_adc,proton,run_test,2147,0.5953506875107681
vae_s0,4,mean_adc,kaon,test,2470,0.25369500716282656
vae_s0,4,mean_adc,kaon,run_test,1772,0.2847331280043439
vae_s0,4,mean_adc,muon,test,2931,0.1919415512492898
vae_s0,4,mean_adc,muon,run_test,1920,0.18068646675887357
vae_s0,4,median_adc,proton,test,3866,0.13036465480469284
vae_s0,4,median_adc,proton,run_test,2147,0.1266886315786041
vae_s0,4,median_adc,kaon,test,2470,0.022620210753636627
vae_s0,4,median_adc,kaon,run_test,1772,0.03653379869122786
vae_s0,4,median_adc,muon,test,2931,0.08686082964750441
vae_s0,4,median_adc,muon,run_test,1920,0.035045944661622586
vae_s0,4,solidity,proton,test,3866,0.2745948705697536
vae_s0,4,solidity,proton,run_test,2147,0.21121322573974177
vae_s0,4,solidity,kaon,test,2470,0.3578419681610834
vae_s0,4,solidity,kaon,run_test,1772,0.3406366827239473
vae_s0,4,solidity,muon,test,2931,0.24841876684033537
vae_s0,4,solidity,muon,run_test,1920,0.29989721489417653
vae_s0,5,mean_adc,proton,test,3866,0.6309014947737712
vae_s0,5,mean_adc,proton,run_test,2147,0.6347338730174681
vae_s0,5,mean_adc,kaon,test,2470,0.30809398289594336
vae_s0,5,mean_adc,kaon,run_test,1772,0.34100065093604337
vae_s0,5,mean_adc,muon,test,2931,0.19166176623569176
vae_s0,5,mean_adc,muon,run_test,1920,0.18598387897833846
vae_s0,5,median_adc,proton,test,3866,0.1589045849547701
vae_s0,5,median_adc,proton,run_test,2147,0.1682652133975342
vae_s0,5,median_adc,kaon,test,2470,0.02493760426592395
vae_s0,5,median_adc,kaon,run_test,1772,0.038004002532319725
vae_s0,5,median_adc,muon,test,2931,0.10378099724690748
vae_s0,5,median_adc,muon,run_test,1920,0.03775102288142951
vae_s0,5,solidity,proton,test,3866,0.290593143870824
vae_s0,5,solidity,proton,run_test,2147,0.23248640708685453
vae_s0,5,solidity,kaon,test,2470,0.4333605545091763
vae_s0,5,solidity,kaon,run_test,1772,0.42910660613556695
vae_s0,5,solidity,muon,test,2931,0.2509826036100181
vae_s0,5,solidity,muon,run_test,1920,0.301474186406787
vae_s0,6,mean_adc,proton,test,3866,0.6390967686589285
vae_s0,6,mean_adc,proton,run_test,2147,0.6520616561544113
vae_s0,6,mean_adc,kaon,test,2470,0.30852971209964875
vae_s0,6,mean_adc,kaon,run_test,1772,0.34197919268040156
vae_s0,6,mean_adc,muon,test,2931,0.2759158725880647
vae_s0,6,mean_adc,muon,run_test,1920,0.26906932279376594
vae_s0,6,median_adc,proton,test,3866,0.1642162441531938
vae_s0,6,median_adc,proton,run_test,2147,0.17319731843694464
vae_s0,6,median_adc,kaon,test,2470,0.024340459007812565
vae_s0,6,median_adc,kaon,run_test,1772,0.04046141639733314
vae_s0,6,median_adc,muon,test,2931,0.17154436090498704
vae_s0,6,median_adc,muon,run_test,1920,0.14500055123080513
vae_s0,6,solidity,proton,test,3866,0.35999551958696874
vae_s0,6,solidity,proton,run_test,2147,0.316499954807114
vae_s0,6,solidity,kaon,test,2470,0.5402192711920772
vae_s0,6,solidity,kaon,run_test,1772,0.5366708444550867
vae_s0,6,solidity,muon,test,2931,0.2833677129848855
vae_s0,6,solidity,muon,run_test,1920,0.32937289718740625
vae_s0,7,mean_adc,proton,test,3866,0.6712876125059257
vae_s0,7,mean_adc,proton,run_test,2147,0.6815468286798505
vae_s0,7,mean_adc,kaon,test,2470,0.3778177460144826
vae_s0,7,mean_adc,kaon,run_test,1772,0.38563408831973645
vae_s0,7,mean_adc,muon,test,2931,0.3114698576679674
vae_s0,7,mean_adc,muon,run_test,1920,0.3023999892271384
vae_s0,7,median_adc,proton,test,3866,0.18752891430250995
vae_s0,7,median_adc,proton,run_test,2147,0.19941315852643704
vae_s0,7,median_adc,kaon,test,2470,0.07778401936022128
vae_s0,7,median_adc,kaon,run_test,1772,0.07219666763462718
vae_s0,7,median_adc,muon,test,2931,0.17775662088243127
vae_s0,7,median_adc,muon,run_test,1920,0.15401155327963834
vae_s0,7,solidity,proton,test,3866,0.3593066349861651
vae_s0,7,solidity,proton,run_test,2147,0.3172647493976579
vae_s0,7,solidity,kaon,test,2470,0.5405544267690209
vae_s0,7,solidity,kaon,run_test,1772,0.5347679436886844
vae_s0,7,solidity,muon,test,2931,0.28270932608212995
vae_s0,7,solidity,muon,run_test,1920,0.3314820926079013
vae_s0,8,mean_adc,proton,test,3866,0.7020150019815176
vae_s0,8,mean_adc,proton,run_test,2147,0.7160590054910485
vae_s0,8,mean_adc,kaon,test,2470,0.3800621729102672
vae_s0,8,mean_adc,kaon,run_test,1772,0.3899902161476426
vae_s0,8,mean_adc,muon,test,2931,0.32540777132521803
vae_s0,8,mean_adc,muon,run_test,1920,0.3206389224777575
vae_s0,8,median_adc,proton,test,3866,0.18966142579051648
vae_s0,8,median_adc,proton,run_test,2147,0.2063715617738222
vae_s0,8,median_adc,kaon,test,2470,0.07619198474856292
vae_s0,8,median_adc,kaon,run_test,1772,0.06897749896286953
vae_s0,8,median_adc,muon,test,2931,0.2191362322343946
vae_s0,8,median_adc,muon,run_test,1920,0.17576534874015037
vae_s0,8,solidity,proton,test,3866,0.39137183831289624
vae_s0,8,solidity,proton,run_test,2147,0.36865858567783705
vae_s0,8,solidity,kaon,test,2470,0.5578702467072874
vae_s0,8,solidity,kaon,run_test,1772,0.5595777970012588
vae_s0,8,solidity,muon,test,2931,0.292989881623272
vae_s0,8,solidity,muon,run_test,1920,0.34359984983854563
vae_s1,1,mean_adc,proton,test,3866,0.33822675740502517
vae_s1,1,mean_adc,proton,run_test,2147,0.3306760649545021
vae_s1,1,mean_adc,kaon,test,2470,0.01607826812089297
vae_s1,1,mean_adc,kaon,run_test,1772,0.026652050056908072
vae_s1,1,mean_adc,muon,test,2931,0.14079433102389194
vae_s1,1,mean_adc,muon,run_test,1920,0.13908683600201355
vae_s1,1,median_adc,proton,test,3866,-0.00023866232882907568
vae_s1,1,median_adc,proton,run_test,2147,0.0005767303491041043
vae_s1,1,median_adc,kaon,test,2470,-0.003715814124217953
vae_s1,1,median_adc,kaon,run_test,1772,-0.024120367975121182
vae_s1,1,median_adc,muon,test,2931,0.0028852961813937705
vae_s1,1,median_adc,muon,run_test,1920,-0.0026863951354596516
vae_s1,1,solidity,proton,test,3866,0.005021679834442905
vae_s1,1,solidity,proton,run_test,2147,0.0029063635831754198
vae_s1,1,solidity,kaon,test,2470,0.007444404641605784
vae_s1,1,solidity,kaon,run_test,1772,-0.016779980311430798
vae_s1,1,solidity,muon,test,2931,0.13220914316915933
vae_s1,1,solidity,muon,run_test,1920,0.16214799192415752
vae_s1,2,mean_adc,proton,test,3866,0.33773608167540226
vae_s1,2,mean_adc,proton,run_test,2147,0.32978839728150167
vae_s1,2,mean_adc,kaon,test,2470,0.11023147109531595
vae_s1,2,mean_adc,kaon,run_test,1772,0.10590154674487329
vae_s1,2,mean_adc,muon,test,2931,0.1842242533190359
vae_s1,2,mean_adc,muon,run_test,1920,0.17805249180389948
vae_s1,2,median_adc,proton,test,3866,0.007035047991561627
vae_s1,2,median_adc,proton,run_test,2147,0.004082449732901505
vae_s1,2,median_adc,kaon,test,2470,0.000895919666546896
vae_s1,2,median_adc,kaon,run_test,1772,-0.02352976977700627
vae_s1,2,median_adc,muon,test,2931,0.04970802368469285
vae_s1,2,median_adc,muon,run_test,1920,0.026647707551844424
vae_s1,2,solidity,proton,test,3866,0.00895081461243763
vae_s1,2,solidity,proton,run_test,2147,-0.0012408383407660484
vae_s1,2,solidity,kaon,test,2470,0.07465557448719895
vae_s1,2,solidity,kaon,run_test,1772,0.017450518804949633
vae_s1,2,solidity,muon,test,2931,0.22339430902490043
vae_s1,2,solidity,muon,run_test,1920,0.2528233253211314
vae_s1,3,mean_adc,proton,test,3866,0.6823710516917281
vae_s1,3,mean_adc,proton,run_test,2147,0.6940522423435554
vae_s1,3,mean_adc,kaon,test,2470,0.3265304166495441
vae_s1,3,mean_adc,kaon,run_test,1772,0.3513723257567011
vae_s1,3,mean_adc,muon,test,2931,0.18353413435428334
vae_s1,3,mean_adc,muon,run_test,1920,0.17852145361312677
vae_s1,3,median_adc,proton,test,3866,0.15229526767835266
vae_s1,3,median_adc,proton,run_test,2147,0.15560858667309896
vae_s1,3,median_adc,kaon,test,2470,0.027526277750882233
vae_s1,3,median_adc,kaon,run_test,1772,0.01296837154198116
vae_s1,3,median_adc,muon,test,2931,0.07468027647272368
vae_s1,3,median_adc,muon,run_test,1920,0.07171879501272882
vae_s1,3,solidity,proton,test,3866,0.44668178713991424
vae_s1,3,solidity,proton,run_test,2147,0.3730875794664448
vae_s1,3,solidity,kaon,test,2470,0.5083959052036945
vae_s1,3,solidity,kaon,run_test,1772,0.5048717401607705
vae_s1,3,solidity,muon,test,2931,0.3013775502723778
vae_s1,3,solidity,muon,run_test,1920,0.3435957467811118
vae_s1,4,mean_adc,proton,test,3866,0.6919174147194964
vae_s1,4,mean_adc,proton,run_test,2147,0.7051793917655951
vae_s1,4,mean_adc,kaon,test,2470,0.3921473174597202
vae_s1,4,mean_adc,kaon,run_test,1772,0.40061158292704613
vae_s1,4,mean_adc,muon,test,2931,0.22607494560952046
vae_s1,4,mean_adc,muon,run_test,1920,0.20232611388447863
vae_s1,4,median_adc,proton,test,3866,0.1713911402335726
vae_s1,4,median_adc,proton,run_test,2147,0.1828915382116615
vae_s1,4,median_adc,kaon,test,2470,0.037335020854436074
vae_s1,4,median_adc,kaon,run_test,1772,0.0225437442422054
vae_s1,4,median_adc,muon,test,2931,0.1064187133969069
vae_s1,4,median_adc,muon,run_test,1920,0.09453798306929506
vae_s1,4,solidity,proton,test,3866,0.46723009847540253
vae_s1,4,solidity,proton,run_test,2147,0.39057217349873086
vae_s1,4,solidity,kaon,test,2470,0.5141079319053117
vae_s1,4,solidity,kaon,run_test,1772,0.5095714919940447
vae_s1,4,solidity,muon,test,2931,0.2977227305119533
vae_s1,4,solidity,muon,run_test,1920,0.345261380730814
vae_s1,5,mean_adc,proton,test,3866,0.7081860443373496
vae_s1,5,mean_adc,proton,run_test,2147,0.7177959816959912
vae_s1,5,mean_adc,kaon,test,2470,0.39511161689458674
vae_s1,5,mean_adc,kaon,run_test,1772,0.41539638909393983
vae_s1,5,mean_adc,muon,test,2931,0.23027911158674774
vae_s1,5,mean_adc,muon,run_test,1920,0.20492025030587735
vae_s1,5,median_adc,proton,test,3866,0.202258853305197
vae_s1,5,median_adc,proton,run_test,2147,0.2166871288169493
vae_s1,5,median_adc,kaon,test,2470,0.032741751795991925
vae_s1,5,median_adc,kaon,run_test,1772,0.019056923552133398
vae_s1,5,median_adc,muon,test,2931,0.13160480187849266
vae_s1,5,median_adc,muon,run_test,1920,0.1141956033950392
vae_s1,5,solidity,proton,test,3866,0.46551861064947986
vae_s1,5,solidity,proton,run_test,2147,0.38789095272299534
vae_s1,5,solidity,kaon,test,2470,0.5201807403618428
vae_s1,5,solidity,kaon,run_test,1772,0.5207972994388608
vae_s1,5,solidity,muon,test,2931,0.2977940159330704
vae_s1,5,solidity,muon,run_test,1920,0.3448447313425185
vae_s1,6,mean_adc,proton,test,3866,0.7181800978474433
vae_s1,6,mean_adc,proton,run_test,2147,0.724135450076046
vae_s1,6,mean_adc,kaon,test,2470,0.3953250357596022
vae_s1,6,mean_adc,kaon,run_test,1772,0.41578111321098843
vae_s1,6,mean_adc,muon,test,2931,0.23539398473373763
vae_s1,6,mean_adc,muon,run_test,1920,0.21409989077187885
vae_s1,6,median_adc,proton,test,3866,0.20396210464666809
vae_s1,6,median_adc,proton,run_test,2147,0.21848870482345395
vae_s1,6,median_adc,kaon,test,2470,0.034498196136464876
vae_s1,6,median_adc,kaon,run_test,1772,0.01662822744120751
vae_s1,6,median_adc,muon,test,2931,0.21834461048224119
vae_s1,6,median_adc,muon,run_test,1920,0.18204588888411088
vae_s1,6,solidity,proton,test,3866,0.4671917102441422
vae_s1,6,solidity,proton,run_test,2147,0.38938901459914155
vae_s1,6,solidity,kaon,test,2470,0.5207595533024074
vae_s1,6,solidity,kaon,run_test,1772,0.5212882941926499
vae_s1,6,solidity,muon,test,2931,0.29915432761919536
vae_s1,6,solidity,muon,run_test,1920,0.34509854055455536
vae_s1,7,mean_adc,proton,test,3866,0.7182146314822725
vae_s1,7,mean_adc,proton,run_test,2147,0.7241340919760069
vae_s1,7,mean_adc,kaon,test,2470,0.3964223368791392
vae_s1,7,mean_adc,kaon,run_test,1772,0.4180938159483074
vae_s1,7,mean_adc,muon,test,2931,0.25705146762757836
vae_s1,7,mean_adc,muon,run_test,1920,0.2383887489081904
vae_s1,7,median_adc,proton,test,3866,0.20350292779601364
vae_s1,7,median_adc,proton,run_test,2147,0.21806387675636474
vae_s1,7,median_adc,kaon,test,2470,0.043085607624216093
vae_s1,7,median_adc,kaon,run_test,1772,0.03643590979923517
vae_s1,7,median_adc,muon,test,2931,0.21828667836525784
vae_s1,7,median_adc,muon,run_test,1920,0.1819441070107457
vae_s1,7,solidity,proton,test,3866,0.4672917181208933
vae_s1,7,solidity,proton,run_test,2147,0.38800320410543154
vae_s1,7,solidity,kaon,test,2470,0.5362123259030445
vae_s1,7,solidity,kaon,run_test,1772,0.5294198932485783
vae_s1,7,solidity,muon,test,2931,0.3020320316295291
vae_s1,7,solidity,muon,run_test,1920,0.3446418386486395
vae_s1,8,mean_adc,proton,test,3866,0.7173149062039641
vae_s1,8,mean_adc,proton,run_test,2147,0.727984510895509
vae_s1,8,mean_adc,kaon,test,2470,0.4041417912352073
vae_s1,8,mean_adc,kaon,run_test,1772,0.4166205152733573
vae_s1,8,mean_adc,muon,test,2931,0.29422974932739865
vae_s1,8,mean_adc,muon,run_test,1920,0.2950982857161166
vae_s1,8,median_adc,proton,test,3866,0.2918780738110788
vae_s1,8,median_adc,proton,run_test,2147,0.27494371653479777
vae_s1,8,median_adc,kaon,test,2470,0.10255747199646748
vae_s1,8,median_adc,kaon,run_test,1772,0.07682423609252054
vae_s1,8,median_adc,muon,test,2931,0.2249584886046202
vae_s1,8,median_adc,muon,run_test,1920,0.1998757410947577
vae_s1,8,solidity,proton,test,3866,0.4744760141078208
vae_s1,8,solidity,proton,run_test,2147,0.4268304071237995
vae_s1,8,solidity,kaon,test,2470,0.5678534250960513
vae_s1,8,solidity,kaon,run_test,1772,0.5623651136536987
vae_s1,8,solidity,muon,test,2931,0.31717831567684696
vae_s1,8,solidity,muon,run_test,1920,0.3554815311519849
vae_s2,1,mean_adc,proton,test,3866,0.21823753590161066
vae_s2,1,mean_adc,proton,run_test,2147,0.21350970047397078
vae_s2,1,mean_adc,kaon,test,2470,0.007596601023320493
vae_s2,1,mean_adc,kaon,run_test,1772,0.011744482486954921
vae_s2,1,mean_adc,muon,test,2931,0.10523037188753892
vae_s2,1,mean_adc,muon,run_test,1920,0.10127608113330533
vae_s2,1,median_adc,proton,test,3866,-0.0033525924865192014
vae_s2,1,median_adc,proton,run_test,2147,-0.0037515302256152516
vae_s2,1,median_adc,kaon,test,2470,0.0013494069763805294
vae_s2,1,median_adc,kaon,run_test,1772,-0.016698701349703304
vae_s2,1,median_adc,muon,test,2931,-0.0003139659533590855
vae_s2,1,median_adc,muon,run_test,1920,-0.004893796118756066
vae_s2,1,solidity,proton,test,3866,-0.0026227771810998224
vae_s2,1,solidity,proton,run_test,2147,-0.0025502723443175945
vae_s2,1,solidity,kaon,test,2470,0.009589256136057545
vae_s2,1,solidity,kaon,run_test,1772,-0.015542794592454223
vae_s2,1,solidity,muon,test,2931,0.12497442893437805
vae_s2,1,solidity,muon,run_test,1920,0.1493649021979987
vae_s2,2,mean_adc,proton,test,3866,0.31283039015238623
vae_s2,2,mean_adc,proton,run_test,2147,0.2923317942186595
vae_s2,2,mean_adc,kaon,test,2470,0.016114282154360504
vae_s2,2,mean_adc,kaon,run_test,1772,0.027160030999784368
vae_s2,2,mean_adc,muon,test,2931,0.11029743020993477
vae_s2,2,mean_adc,muon,run_test,1920,0.10432122572790037
vae_s2,2,median_adc,proton,test,3866,0.06309370301295414
vae_s2,2,median_adc,proton,run_test,2147,0.051770653289713975
vae_s2,2,median_adc,kaon,test,2470,0.020289004111414988
vae_s2,2,median_adc,kaon,run_test,1772,0.012889086821679885
vae_s2,2,median_adc,muon,test,2931,-4.009530933979377e-05
vae_s2,2,median_adc,muon,run_test,1920,-0.0051385512349373386
vae_s2,2,solidity,proton,test,3866,0.09681256157654583
vae_s2,2,solidity,proton,run_test,2147,0.05177646424715998
vae_s2,2,solidity,kaon,test,2470,0.009084851752724332
vae_s2,2,solidity,kaon,run_test,1772,0.009668450806948337
vae_s2,2,solidity,muon,test,2931,0.13560150656125514
vae_s2,2,solidity,muon,run_test,1920,0.15415670663736258
vae_s2,3,mean_adc,proton,test,3866,0.4886996782048306
vae_s2,3,mean_adc,proton,run_test,2147,0.4718417599629706
vae_s2,3,mean_adc,kaon,test,2470,0.19042807699468456
vae_s2,3,mean_adc,kaon,run_test,1772,0.19959250802974726
vae_s2,3,mean_adc,muon,test,2931,0.10887993579648403
vae_s2,3,mean_adc,muon,run_test,1920,0.10265395918475417
vae_s2,3,median_adc,proton,test,3866,0.07838481746655024
vae_s2,3,median_adc,proton,run_test,2147,0.07055296285847434
vae_s2,3,median_adc,kaon,test,2470,0.01756284894645399
vae_s2,3,median_adc,kaon,run_test,1772,0.01133608119544327
vae_s2,3,median_adc,muon,test,2931,2.98216373129101e-05
vae_s2,3,median_adc,muon,run_test,1920,-0.00476742478227532
vae_s2,3,solidity,proton,test,3866,0.24943935789513516
vae_s2,3,solidity,proton,run_test,2147,0.22959748157716786
vae_s2,3,solidity,kaon,test,2470,0.45075009058227067
vae_s2,3,solidity,kaon,run_test,1772,0.4280148799603559
vae_s2,3,solidity,muon,test,2931,0.2804129777241876
vae_s2,3,solidity,muon,run_test,1920,0.30201481011692843
vae_s2,4,mean_adc,proton,test,3866,0.4888126684184412
vae_s2,4,mean_adc,proton,run_test,2147,0.4719936716549309
vae_s2,4,mean_adc,kaon,test,2470,0.25151290329602116
vae_s2,4,mean_adc,kaon,run_test,1772,0.24660355024397285
vae_s2,4,mean_adc,muon,test,2931,0.1839058222878609
vae_s2,4,mean_adc,muon,run_test,1920,0.20247650147820384
vae_s2,4,median_adc,proton,test,3866,0.08526725335349428
vae_s2,4,median_adc,proton,run_test,2147,0.07455608983231843
vae_s2,4,median_adc,kaon,test,2470,0.09523933054597644
vae_s2,4,median_adc,kaon,run_test,1772,0.06939576794577784
vae_s2,4,median_adc,muon,test,2931,0.1110784116795206
vae_s2,4,median_adc,muon,run_test,1920,0.11406018986704225
vae_s2,4,solidity,proton,test,3866,0.25198209239999836
vae_s2,4,solidity,proton,run_test,2147,0.23661075221010086
vae_s2,4,solidity,kaon,test,2470,0.450805761919125
vae_s2,4,solidity,kaon,run_test,1772,0.42830140081568413
vae_s2,4,solidity,muon,test,2931,0.28199318995800704
vae_s2,4,solidity,muon,run_test,1920,0.3035097663177809
vae_s2,5,mean_adc,proton,test,3866,0.49060302799420963
vae_s2,5,mean_adc,proton,run_test,2147,0.47315217104646723
vae_s2,5,mean_adc,kaon,test,2470,0.2517087239334863
vae_s2,5,mean_adc,kaon,run_test,1772,0.24268368921533723
vae_s2,5,mean_adc,muon,test,2931,0.2862360036753031
vae_s2,5,mean_adc,muon,run_test,1920,0.28880411790403127
vae_s2,5,median_adc,proton,test,3866,0.09835085599640592
vae_s2,5,median_adc,proton,run_test,2147,0.08301648361441105
vae_s2,5,median_adc,kaon,test,2470,0.09709076628839808
vae_s2,5,median_adc,kaon,run_test,1772,0.055823547015871
vae_s2,5,median_adc,muon,test,2931,0.11209940714688926
vae_s2,5,median_adc,muon,run_test,1920,0.11593214197254775
vae_s2,5,solidity,proton,test,3866,0.2960801143131073
vae_s2,5,solidity,proton,run_test,2147,0.280534562242564
vae_s2,5,solidity,kaon,test,2470,0.45320464602579946
vae_s2,5,solidity,kaon,run_test,1772,0.4376820135355802
vae_s2,5,solidity,muon,test,2931,0.27746300855348405
vae_s2,5,solidity,muon,run_test,1920,0.3048562145877265
vae_s2,6,mean_adc,proton,test,3866,0.49396572521393456
vae_s2,6,mean_adc,proton,run_test,2147,0.4732547347472169
vae_s2,6,mean_adc,kaon,test,2470,0.285828326741171
vae_s2,6,mean_adc,kaon,run_test,1772,0.269524504248134
vae_s2,6,mean_adc,muon,test,2931,0.3090821497711155
vae_s2,6,mean_adc,muon,run_test,1920,0.3053802555069228
vae_s2,6,median_adc,proton,test,3866,0.1274546605509721
vae_s2,6,median_adc,proton,run_test,2147,0.1055158880405771
vae_s2,6,median_adc,kaon,test,2470,0.0980442430289018
vae_s2,6,median_adc,kaon,run_test,1772,0.05558988905438167
vae_s2,6,median_adc,muon,test,2931,0.12441244239432814
vae_s2,6,median_adc,muon,run_test,1920,0.12794339791724052
vae_s2,6,solidity,proton,test,3866,0.3086529832824568
vae_s2,6,solidity,proton,run_test,2147,0.30961225621165867
vae_s2,6,solidity,kaon,test,2470,0.4531665014133217
vae_s2,6,solidity,kaon,run_test,1772,0.4362032187546184
vae_s2,6,solidity,muon,test,2931,0.30073023248218067
vae_s2,6,solidity,muon,run_test,1920,0.3364060109606848
vae_s2,7,mean_adc,proton,test,3866,0.5617922293227284
vae_s2,7,mean_adc,proton,run_test,2147,0.5720477973443812
vae_s2,7,mean_adc,kaon,test,2470,0.2977389462153661
vae_s2,7,mean_adc,kaon,run_test,1772,0.2826923587156557
vae_s2,7,mean_adc,muon,test,2931,0.3155243140690438
vae_s2,7,mean_adc,muon,run_test,1920,0.30728963284490407
vae_s2,7,median_adc,proton,test,3866,0.1274271918715657
vae_s2,7,median_adc,proton,run_test,2147,0.10896850773766231
vae_s2,7,median_adc,kaon,test,2470,0.09910971457964146
vae_s2,7,median_adc,kaon,run_test,1772,0.057415907374464115
vae_s2,7,median_adc,muon,test,2931,0.14993707904704834
vae_s2,7,median_adc,muon,run_test,1920,0.14778992723751672
vae_s2,7,solidity,proton,test,3866,0.31105428708510785
vae_s2,7,solidity,proton,run_test,2147,0.3194880976812391
vae_s2,7,solidity,kaon,test,2470,0.45718849620471325
vae_s2,7,solidity,kaon,run_test,1772,0.4397805203456865
vae_s2,7,solidity,muon,test,2931,0.3011245001533158
vae_s2,7,solidity,muon,run_test,1920,0.33663634477481175
vae_s2,8,mean_adc,proton,test,3866,0.7042521097002195
vae_s2,8,mean_adc,proton,run_test,2147,0.7101122793186454
vae_s2,8,mean_adc,kaon,test,2470,0.3810468094585402
vae_s2,8,mean_adc,kaon,run_test,1772,0.3957605624485957
vae_s2,8,mean_adc,muon,test,2931,0.3225900608991349
vae_s2,8,mean_adc,muon,run_test,1920,0.3132254879142754
vae_s2,8,median_adc,proton,test,3866,0.2864200731855905
vae_s2,8,median_adc,proton,run_test,2147,0.24712561469195926
vae_s2,8,median_adc,kaon,test,2470,0.11198972388596928
vae_s2,8,median_adc,kaon,run_test,1772,0.08877543704098001
vae_s2,8,median_adc,muon,test,2931,0.1506141960267131
vae_s2,8,median_adc,muon,run_test,1920,0.14994243582176736
vae_s2,8,solidity,proton,test,3866,0.40271059751712623
vae_s2,8,solidity,proton,run_test,2147,0.38358394834631104
vae_s2,8,solidity,kaon,test,2470,0.5470531374019048
vae_s2,8,solidity,kaon,run_test,1772,0.5565447055791837
vae_s2,8,solidity,muon,test,2931,0.32113408125780074
vae_s2,8,solidity,muon,run_test,1920,0.3586167366388747
ae_s0,1,mean_adc,proton,test,3866,0.3998508570255971
ae_s0,1,mean_adc,proton,run_test,2147,0.3980828898256872
ae_s0,1,mean_adc,kaon,test,2470,0.04632026800486988
ae_s0,1,mean_adc,kaon,run_test,1772,0.05945897389833521
ae_s0,1,mean_adc,muon,test,2931,0.08679677270036557
ae_s0,1,mean_adc,muon,run_test,1920,0.07596197693851703
ae_s0,1,median_adc,proton,test,3866,0.013092810185695969
ae_s0,1,median_adc,proton,run_test,2147,0.01726744214487541
ae_s0,1,median_adc,kaon,test,2470,-0.0008696822462737064
ae_s0,1,median_adc,kaon,run_test,1772,-0.009952533024764731
ae_s0,1,median_adc,muon,test,2931,-0.0006927215682022148
ae_s0,1,median_adc,muon,run_test,1920,-0.005203270226674217
ae_s0,1,solidity,proton,test,3866,0.013364387852168313
ae_s0,1,solidity,proton,run_test,2147,0.011767115752985724
ae_s0,1,solidity,kaon,test,2470,-0.0032429125236346223
ae_s0,1,solidity,kaon,run_test,1772,-0.02571542985135533
ae_s0,1,solidity,muon,test,2931,0.14279340877270397
ae_s0,1,solidity,muon,run_test,1920,0.17678951340058424
ae_s0,2,mean_adc,proton,test,3866,0.4576247535945377
ae_s0,2,mean_adc,proton,run_test,2147,0.4596781964525559
ae_s0,2,mean_adc,kaon,test,2470,0.06339853233247561
ae_s0,2,mean_adc,kaon,run_test,1772,0.07959015458812568
ae_s0,2,mean_adc,muon,test,2931,0.0865613503446444
ae_s0,2,mean_adc,muon,run_test,1920,0.07576664235172692
ae_s0,2,median_adc,proton,test,3866,0.09675093789165345
ae_s0,2,median_adc,proton,run_test,2147,0.10259291023833095
ae_s0,2,median_adc,kaon,test,2470,0.00743450075372265
ae_s0,2,median_adc,kaon,run_test,1772,0.003764320973635882
ae_s0,2,median_adc,muon,test,2931,0.016680643574421228
ae_s0,2,median_adc,muon,run_test,1920,0.0028845669932064943
ae_s0,2,solidity,proton,test,3866,0.09750557063589949
ae_s0,2,solidity,proton,run_test,2147,0.0788017693551919
ae_s0,2,solidity,kaon,test,2470,0.0277078658621025
ae_s0,2,solidity,kaon,run_test,1772,0.02788458281499595
ae_s0,2,solidity,muon,test,2931,0.14417798670280269
ae_s0,2,solidity,muon,run_test,1920,0.1793847056449004
ae_s0,3,mean_adc,proton,test,3866,0.6068170883254993
ae_s0,3,mean_adc,proton,run_test,2147,0.6152311429963895
ae_s0,3,mean_adc,kaon,test,2470,0.34630219693372
ae_s0,3,mean_adc,kaon,run_test,1772,0.38335722713811304
ae_s0,3,mean_adc,muon,test,2931,0.11898447982851068
ae_s0,3,mean_adc,muon,run_test,1920,0.09130423051328207
ae_s0,3,median_adc,proton,test,3866,0.1565358849689502
ae_s0,3,median_adc,proton,run_test,2147,0.17490273361545738
ae_s0,3,median_adc,kaon,test,2470,0.021779071045528897
ae_s0,3,median_adc,kaon,run_test,1772,0.01971903692591459
ae_s0,3,median_adc,muon,test,2931,0.05569199756380583
ae_s0,3,median_adc,muon,run_test,1920,0.02323926310160196
ae_s0,3,solidity,proton,test,3866,0.20591883882362627
ae_s0,3,solidity,proton,run_test,2147,0.19684689492694774
ae_s0,3,solidity,kaon,test,2470,0.42881350498174
ae_s0,3,solidity,kaon,run_test,1772,0.40536695738613515
ae_s0,3,solidity,muon,test,2931,0.27034717907899997
ae_s0,3,solidity,muon,run_test,1920,0.2960486443452335
ae_s0,4,mean_adc,proton,test,3866,0.6205305226518951
ae_s0,4,mean_adc,proton,run_test,2147,0.625505459771923
ae_s0,4,mean_adc,kaon,test,2470,0.35339319481492715
ae_s0,4,mean_adc,kaon,run_test,1772,0.3984213051459059
ae_s0,4,mean_adc,muon,test,2931,0.16671197334861076
ae_s0,4,mean_adc,muon,run_test,1920,0.14003051629242969
ae_s0,4,median_adc,proton,test,3866,0.16233995622824215
ae_s0,4,median_adc,proton,run_test,2147,0.1813446798049816
ae_s0,4,median_adc,kaon,test,2470,0.027981880909343948
ae_s0,4,median_adc,kaon,run_test,1772,0.03371378774121325
ae_s0,4,median_adc,muon,test,2931,0.07426888414142707
ae_s0,4,median_adc,muon,run_test,1920,0.04476376241924518
ae_s0,4,solidity,proton,test,3866,0.24849827793688328
ae_s0,4,solidity,proton,run_test,2147,0.22192934356405802
ae_s0,4,solidity,kaon,test,2470,0.4301212353245186
ae_s0,4,solidity,kaon,run_test,1772,0.41018384600386626
ae_s0,4,solidity,muon,test,2931,0.27000689545648415
ae_s0,4,solidity,muon,run_test,1920,0.29579208437782545
ae_s0,5,mean_adc,proton,test,3866,0.6268071446561669
ae_s0,5,mean_adc,proton,run_test,2147,0.6315441458867922
ae_s0,5,mean_adc,kaon,test,2470,0.36537040752896366
ae_s0,5,mean_adc,kaon,run_test,1772,0.40244320559480085
ae_s0,5,mean_adc,muon,test,2931,0.2704526363056836
ae_s0,5,mean_adc,muon,run_test,1920,0.26513552437452925
ae_s0,5,median_adc,proton,test,3866,0.16496452565319264
ae_s0,5,median_adc,proton,run_test,2147,0.18385608478310822
ae_s0,5,median_adc,kaon,test,2470,0.07339877409088302
ae_s0,5,median_adc,kaon,run_test,1772,0.071284294137264
ae_s0,5,median_adc,muon,test,2931,0.15168058078293
ae_s0,5,median_adc,muon,run_test,1920,0.14270262655002408
ae_s0,5,solidity,proton,test,3866,0.30480648304314006
ae_s0,5,solidity,proton,run_test,2147,0.30215016649437787
ae_s0,5,solidity,kaon,test,2470,0.47030256316032737
ae_s0,5,solidity,kaon,run_test,1772,0.46767633633249595
ae_s0,5,solidity,muon,test,2931,0.2826979659038419
ae_s0,5,solidity,muon,run_test,1920,0.3087364965443732
ae_s0,6,mean_adc,proton,test,3866,0.6451048931605718
ae_s0,6,mean_adc,proton,run_test,2147,0.6433138357414367
ae_s0,6,mean_adc,kaon,test,2470,0.36505767163740777
ae_s0,6,mean_adc,kaon,run_test,1772,0.4016586166853868
ae_s0,6,mean_adc,muon,test,2931,0.27372787992836
ae_s0,6,mean_adc,muon,run_test,1920,0.2599055080550825
ae_s0,6,median_adc,proton,test,3866,0.17019444412249918
ae_s0,6,median_adc,proton,run_test,2147,0.18537307671880998
ae_s0,6,median_adc,kaon,test,2470,0.07327546129822649
ae_s0,6,median_adc,kaon,run_test,1772,0.07075230866005278
ae_s0,6,median_adc,muon,test,2931,0.17783728359910111
ae_s0,6,median_adc,muon,run_test,1920,0.16938809027130486
ae_s0,6,solidity,proton,test,3866,0.36479553663656095
ae_s0,6,solidity,proton,run_test,2147,0.33690231377282553
ae_s0,6,solidity,kaon,test,2470,0.5047698731056133
ae_s0,6,solidity,kaon,run_test,1772,0.5143962309901755
ae_s0,6,solidity,muon,test,2931,0.2956271107338613
ae_s0,6,solidity,muon,run_test,1920,0.3297788591220492
ae_s0,7,mean_adc,proton,test,3866,0.7188340130720444
ae_s0,7,mean_adc,proton,run_test,2147,0.7142945769974102
ae_s0,7,mean_adc,kaon,test,2470,0.39565062257672656
ae_s0,7,mean_adc,kaon,run_test,1772,0.42720050783563857
ae_s0,7,mean_adc,muon,test,2931,0.2951423938625548
ae_s0,7,mean_adc,muon,run_test,1920,0.2893069626816681
ae_s0,7,median_adc,proton,test,3866,0.20172020662032042
ae_s0,7,median_adc,proton,run_test,2147,0.18458668225990937
ae_s0,7,median_adc,kaon,test,2470,0.08461369796147622
ae_s0,7,median_adc,kaon,run_test,1772,0.07551791614308134
ae_s0,7,median_adc,muon,test,2931,0.17335416817397542
ae_s0,7,median_adc,muon,run_test,1920,0.16137792921902872
ae_s0,7,solidity,proton,test,3866,0.40332951855613774
ae_s0,7,solidity,proton,run_test,2147,0.35385260919749506
ae_s0,7,solidity,kaon,test,2470,0.5429375401184993
ae_s0,7,solidity,kaon,run_test,1772,0.5541228839141241
ae_s0,7,solidity,muon,test,2931,0.29633118399308145
ae_s0,7,solidity,muon,run_test,1920,0.33136291092604087
ae_s0,8,mean_adc,proton,test,3866,0.7175760325078756
ae_s0,8,mean_adc,proton,run_test,2147,0.7157219066689622
ae_s0,8,mean_adc,kaon,test,2470,0.4058320489669348
ae_s0,8,mean_adc,kaon,run_test,1772,0.4349695101400073
ae_s0,8,mean_adc,muon,test,2931,0.3180793172849098
ae_s0,8,mean_adc,muon,run_test,1920,0.31511164857121166
ae_s0,8,median_adc,proton,test,3866,0.28357600679901374
ae_s0,8,median_adc,proton,run_test,2147,0.23648570015028736
ae_s0,8,median_adc,kaon,test,2470,0.07372357582962075
ae_s0,8,median_adc,kaon,run_test,1772,0.06476362613665543
ae_s0,8,median_adc,muon,test,2931,0.17772266740595233
ae_s0,8,median_adc,muon,run_test,1920,0.17096752384426372
ae_s0,8,solidity,proton,test,3866,0.44141400780725204
ae_s0,8,solidity,proton,run_test,2147,0.40012801364447437
ae_s0,8,solidity,kaon,test,2470,0.5856476273272406
ae_s0,8,solidity,kaon,run_test,1772,0.5945671007268156
ae_s0,8,solidity,muon,test,2931,0.3139044071021555
ae_s0,8,solidity,muon,run_test,1920,0.35242661143715437
endpoint_pca,1,mean_adc,proton,test,3866,0.01205056362441026
endpoint_pca,1,mean_adc,proton,run_test,2147,0.0014043126324592148
endpoint_pca,1,mean_adc,kaon,test,2470,-0.005285779365996168
endpoint_pca,1,mean_adc,kaon,run_test,1772,-0.005117289851418461
endpoint_pca,1,mean_adc,muon,test,2931,-0.0030461759623265916
endpoint_pca,1,mean_adc,muon,run_test,1920,-0.002996118028389283
endpoint_pca,1,median_adc,proton,test,3866,0.0017126730453292938
endpoint_pca,1,median_adc,proton,run_test,2147,-0.006586669041388715
endpoint_pca,1,median_adc,kaon,test,2470,0.014063963608848207
endpoint_pca,1,median_adc,kaon,run_test,1772,-0.01572273488216358
endpoint_pca,1,median_adc,muon,test,2931,0.025408227104197656
endpoint_pca,1,median_adc,muon,run_test,1920,0.011262451484901348
endpoint_pca,1,solidity,proton,test,3866,0.013545480996723258
endpoint_pca,1,solidity,proton,run_test,2147,0.014537514258327278
endpoint_pca,1,solidity,kaon,test,2470,-0.004441310223963768
endpoint_pca,1,solidity,kaon,run_test,1772,0.01616732265060361
endpoint_pca,1,solidity,muon,test,2931,0.04986395048202019
endpoint_pca,1,solidity,muon,run_test,1920,0.03979680342500502
endpoint_pca,2,mean_adc,proton,test,3866,0.00951812240292127
endpoint_pca,2,mean_adc,proton,run_test,2147,-0.0036078229496665504
endpoint_pca,2,mean_adc,kaon,test,2470,-0.0058879124885331535
endpoint_pca,2,mean_adc,kaon,run_test,1772,-0.005661678978106766
endpoint_pca,2,mean_adc,muon,test,2931,0.033363465945779214
endpoint_pca,2,mean_adc,muon,run_test,1920,0.051198982205742594
endpoint_pca,2,median_adc,proton,test,3866,0.006746998277481708
endpoint_pca,2,median_adc,proton,run_test,2147,0.008091278804075008
endpoint_pca,2,median_adc,kaon,test,2470,0.03345110172451071
endpoint_pca,2,median_adc,kaon,run_test,1772,-0.00012495105458154576
endpoint_pca,2,median_adc,muon,test,2931,0.035962829312017996
endpoint_pca,2,median_adc,muon,run_test,1920,0.0017508652800558577
endpoint_pca,2,solidity,proton,test,3866,0.03320776851320806
endpoint_pca,2,solidity,proton,run_test,2147,0.039002882521207316
endpoint_pca,2,solidity,kaon,test,2470,0.002185753427311532
endpoint_pca,2,solidity,kaon,run_test,1772,0.0172533030083154
endpoint_pca,2,solidity,muon,test,2931,0.09011226997627753
endpoint_pca,2,solidity,muon,run_test,1920,0.10612213532042913
endpoint_pca,3,mean_adc,proton,test,3866,0.12884463384925215
endpoint_pca,3,mean_adc,proton,run_test,2147,0.1352997718045802
endpoint_pca,3,mean_adc,kaon,test,2470,0.05743976085445335
endpoint_pca,3,mean_adc,kaon,run_test,1772,0.033030163729805606
endpoint_pca,3,mean_adc,muon,test,2931,0.026381767161514413
endpoint_pca,3,mean_adc,muon,run_test,1920,0.03646772024793632
endpoint_pca,3,median_adc,proton,test,3866,0.028506734403435874
endpoint_pca,3,median_adc,proton,run_test,2147,0.030846541506815206
endpoint_pca,3,median_adc,kaon,test,2470,0.3413006559934263
endpoint_pca,3,median_adc,kaon,run_test,1772,0.2292619520696264
endpoint_pca,3,median_adc,muon,test,2931,0.26051413056999284
endpoint_pca,3,median_adc,muon,run_test,1920,0.17206984835563688
endpoint_pca,3,solidity,proton,test,3866,0.05636668569798109
endpoint_pca,3,solidity,proton,run_test,2147,0.0589581960026625
endpoint_pca,3,solidity,kaon,test,2470,0.10929097575851765
endpoint_pca,3,solidity,kaon,run_test,1772,0.09715162161196256
endpoint_pca,3,solidity,muon,test,2931,0.14471573913529212
endpoint_pca,3,solidity,muon,run_test,1920,0.17351637654964125
endpoint_pca,4,mean_adc,proton,test,3866,0.38948190432671825
endpoint_pca,4,mean_adc,proton,run_test,2147,0.38390733602222016
endpoint_pca,4,mean_adc,kaon,test,2470,0.24170942972348564
endpoint_pca,4,mean_adc,kaon,run_test,1772,0.25076185870722334
endpoint_pca,4,mean_adc,muon,test,2931,0.0448592722036375
endpoint_pca,4,mean_adc,muon,run_test,1920,0.06887576680118557
endpoint_pca,4,median_adc,proton,test,3866,0.3749517774989557
endpoint_pca,4,median_adc,proton,run_test,2147,0.29781345041296203
endpoint_pca,4,median_adc,kaon,test,2470,0.3800774720095582
endpoint_pca,4,median_adc,kaon,run_test,1772,0.28817842596966203
endpoint_pca,4,median_adc,muon,test,2931,0.2601136361769547
endpoint_pca,4,median_adc,muon,run_test,1920,0.1752405797820955
endpoint_pca,4,solidity,proton,test,3866,0.2820659195861689
endpoint_pca,4,solidity,proton,run_test,2147,0.2735978536837047
endpoint_pca,4,solidity,kaon,test,2470,0.29025941389156273
endpoint_pca,4,solidity,kaon,run_test,1772,0.32113316559074934
endpoint_pca,4,solidity,muon,test,2931,0.21062319781847838
endpoint_pca,4,solidity,muon,run_test,1920,0.22572500837687481
endpoint_pca,5,mean_adc,proton,test,3866,0.6666425788651891
endpoint_pca,5,mean_adc,proton,run_test,2147,0.6634626802749337
endpoint_pca,5,mean_adc,kaon,test,2470,0.5138106661295521
endpoint_pca,5,mean_adc,kaon,run_test,1772,0.5431182642103847
endpoint_pca,5,mean_adc,muon,test,2931,0.15763979588439458
endpoint_pca,5,mean_adc,muon,run_test,1920,0.17105348840681533
endpoint_pca,5,median_adc,proton,test,3866,0.4949521859979744
endpoint_pca,5,median_adc,proton,run_test,2147,0.432454946433785
endpoint_pca,5,median_adc,kaon,test,2470,0.5496226901360863
endpoint_pca,5,median_adc,kaon,run_test,1772,0.4657524232469138
endpoint_pca,5,median_adc,muon,test,2931,0.36234527561360796
endpoint_pca,5,median_adc,muon,run_test,1920,0.298522697046293
endpoint_pca,5,solidity,proton,test,3866,0.29560322483403756
endpoint_pca,5,solidity,proton,run_test,2147,0.2807863435443142
endpoint_pca,5,solidity,kaon,test,2470,0.2976287270485498
endpoint_pca,5,solidity,kaon,run_test,1772,0.3330276396463294
endpoint_pca,5,solidity,muon,test,2931,0.2727943873901011
endpoint_pca,5,solidity,muon,run_test,1920,0.31826759083087264
endpoint_pca,6,mean_adc,proton,test,3866,0.6813866197292319
endpoint_pca,6,mean_adc,proton,run_test,2147,0.6901357314819527
endpoint_pca,6,mean_adc,kaon,test,2470,0.540191097843028
endpoint_pca,6,mean_adc,kaon,run_test,1772,0.5718966270963739
endpoint_pca,6,mean_adc,muon,test,2931,0.15682323118267083
endpoint_pca,6,mean_adc,muon,run_test,1920,0.17250522216643005
endpoint_pca,6,median_adc,proton,test,3866,0.4961740731540212
endpoint_pca,6,median_adc,proton,run_test,2147,0.42517862811272145
endpoint_pca,6,median_adc,kaon,test,2470,0.5568453025735423
endpoint_pca,6,median_adc,kaon,run_test,1772,0.47978184357860465
endpoint_pca,6,median_adc,muon,test,2931,0.3573975530125413
endpoint_pca,6,median_adc,muon,run_test,1920,0.2841509274400694
endpoint_pca,6,solidity,proton,test,3866,0.38107579703762784
endpoint_pca,6,solidity,proton,run_test,2147,0.3744958108262112
endpoint_pca,6,solidity,kaon,test,2470,0.4711657483775953
endpoint_pca,6,solidity,kaon,run_test,1772,0.4891170719321303
endpoint_pca,6,solidity,muon,test,2931,0.28281670421842886
endpoint_pca,6,solidity,muon,run_test,1920,0.32834356592526925
endpoint_pca,7,mean_adc,proton,test,3866,0.6930137049361768
endpoint_pca,7,mean_adc,proton,run_test,2147,0.7035547800285251
endpoint_pca,7,mean_adc,kaon,test,2470,0.5548195285889106
endpoint_pca,7,mean_adc,kaon,run_test,1772,0.5852606626788052
endpoint_pca,7,mean_adc,muon,test,2931,0.20799333158603306
endpoint_pca,7,mean_adc,muon,run_test,1920,0.2219436182629989
endpoint_pca,7,median_adc,proton,test,3866,0.5139343928020128
endpoint_pca,7,median_adc,proton,run_test,2147,0.4496411657201267
endpoint_pca,7,median_adc,kaon,test,2470,0.6161020079154875
endpoint_pca,7,median_adc,kaon,run_test,1772,0.5461235500297541
endpoint_pca,7,median_adc,muon,test,2931,0.3581758689191501
endpoint_pca,7,median_adc,muon,run_test,1920,0.28683661170839103
endpoint_pca,7,solidity,proton,test,3866,0.45636743663805024
endpoint_pca,7,solidity,proton,run_test,2147,0.4587164428439362
endpoint_pca,7,solidity,kaon,test,2470,0.6273135580304043
endpoint_pca,7,solidity,kaon,run_test,1772,0.6248553377605097
endpoint_pca,7,solidity,muon,test,2931,0.29832069761411817
endpoint_pca,7,solidity,muon,run_test,1920,0.3414015261859341
endpoint_pca,8,mean_adc,proton,test,3866,0.6997737397044572
endpoint_pca,8,mean_adc,proton,run_test,2147,0.7122442399873492
endpoint_pca,8,mean_adc,kaon,test,2470,0.5902633959802671
endpoint_pca,8,mean_adc,kaon,run_test,1772,0.6203415278432681
endpoint_pca,8,mean_adc,muon,test,2931,0.21174743895236925
endpoint_pca,8,mean_adc,muon,run_test,1920,0.22850869430498444
endpoint_pca,8,median_adc,proton,test,3866,0.6045599425451158
endpoint_pca,8,median_adc,proton,run_test,2147,0.49394685293915475
endpoint_pca,8,median_adc,kaon,test,2470,0.6166113098940003
endpoint_pca,8,median_adc,kaon,run_test,1772,0.5449101546680751
endpoint_pca,8,median_adc,muon,test,2931,0.39676703705152216
endpoint_pca,8,median_adc,muon,run_test,1920,0.30688775192067597
endpoint_pca,8,solidity,proton,test,3866,0.4881466916036892
endpoint_pca,8,solidity,proton,run_test,2147,0.5011568453007422
endpoint_pca,8,solidity,kaon,test,2470,0.7082089568197839
endpoint_pca,8,solidity,kaon,run_test,1772,0.7013775235056237
endpoint_pca,8,solidity,muon,test,2931,0.30454976920619337
endpoint_pca,8,solidity,muon,run_test,1920,0.3485206806851454
