direction,condition,target,species,partition,r2
gain,original,mean_adc,proton,test,0.7020150058613214
gain,original,mean_adc,proton,run_test,0.7160590474757582
gain,original,mean_adc,kaon,test,0.3800622303388601
gain,original,mean_adc,kaon,run_test,0.389990294429181
gain,original,mean_adc,muon,test,0.3254077601086709
gain,original,mean_adc,muon,run_test,0.32063889125925393
gain,original,solidity,proton,test,0.39137182315319374
gain,original,solidity,proton,run_test,0.36865856953130716
gain,original,solidity,kaon,test,0.5578701860053135
gain,original,solidity,kaon,run_test,0.5595776937543235
gain,original,solidity,muon,test,0.2929898779996921
gain,original,solidity,muon,run_test,0.3435998850251415
gain,remove,mean_adc,proton,test,0.6800573927619726
gain,remove,mean_adc,proton,run_test,0.6968487164060538
gain,remove,mean_adc,kaon,test,0.25401226619371375
gain,remove,mean_adc,kaon,run_test,0.2878781820513888
gain,remove,mean_adc,muon,test,0.2532138659687574
gain,remove,mean_adc,muon,run_test,0.27292849922018336
gain,remove,solidity,proton,test,0.39180626326232415
gain,remove,solidity,proton,run_test,0.36791007867633374
gain,remove,solidity,kaon,test,0.546579879682895
gain,remove,solidity,kaon,run_test,0.5548928585300785
gain,remove,solidity,muon,test,0.2930529845419396
gain,remove,solidity,muon,run_test,0.3436457544981659
gain,random_same_rank,mean_adc,proton,test,0.6957748015095173
gain,random_same_rank,mean_adc,proton,run_test,0.7068720920947849
gain,random_same_rank,mean_adc,kaon,test,0.34782566475743215
gain,random_same_rank,mean_adc,kaon,run_test,0.37114004878785845
gain,random_same_rank,mean_adc,muon,test,0.3215716168165095
gain,random_same_rank,mean_adc,muon,run_test,0.3155578744010683
gain,random_same_rank,solidity,proton,test,0.3365957521386864
gain,random_same_rank,solidity,proton,run_test,0.3267346487403029
gain,random_same_rank,solidity,kaon,test,0.46175908691395884
gain,random_same_rank,solidity,kaon,run_test,0.4752704713493938
gain,random_same_rank,solidity,muon,test,0.2713421439502861
gain,random_same_rank,solidity,muon,run_test,0.32912070319944164
drift_shift,original,mean_adc,proton,test,0.7020150058613214
drift_shift,original,mean_adc,proton,run_test,0.7160590474757582
drift_shift,original,mean_adc,kaon,test,0.3800622303388601
drift_shift,original,mean_adc,kaon,run_test,0.389990294429181
drift_shift,original,mean_adc,muon,test,0.3254077601086709
drift_shift,original,mean_adc,muon,run_test,0.32063889125925393
drift_shift,original,solidity,proton,test,0.39137182315319374
drift_shift,original,solidity,proton,run_test,0.36865856953130716
drift_shift,original,solidity,kaon,test,0.5578701860053135
drift_shift,original,solidity,kaon,run_test,0.5595776937543235
drift_shift,original,solidity,muon,test,0.2929898779996921
drift_shift,original,solidity,muon,run_test,0.3435998850251415
drift_shift,remove,mean_adc,proton,test,0.7006282963016253
drift_shift,remove,mean_adc,proton,run_test,0.7166990386561445
drift_shift,remove,mean_adc,kaon,test,0.3785213167112107
drift_shift,remove,mean_adc,kaon,run_test,0.38799385657769236
drift_shift,remove,mean_adc,muon,test,0.3012532669586112
drift_shift,remove,mean_adc,muon,run_test,0.29223151165402605
drift_shift,remove,solidity,proton,test,0.36542409334619164
drift_shift,remove,solidity,proton,run_test,0.3254473029635624
drift_shift,remove,solidity,kaon,test,0.5499104463686908
drift_shift,remove,solidity,kaon,run_test,0.5567607944981079
drift_shift,remove,solidity,muon,test,0.2874965149985649
drift_shift,remove,solidity,muon,run_test,0.34186159065109745
drift_shift,random_same_rank,mean_adc,proton,test,0.6103309405851922
drift_shift,random_same_rank,mean_adc,proton,run_test,0.6146819181784839
drift_shift,random_same_rank,mean_adc,kaon,test,0.3717641725591265
drift_shift,random_same_rank,mean_adc,kaon,run_test,0.37503742960984976
drift_shift,random_same_rank,mean_adc,muon,test,0.3093044315509539
drift_shift,random_same_rank,mean_adc,muon,run_test,0.3022233899010389
drift_shift,random_same_rank,solidity,proton,test,0.2973305542769247
drift_shift,random_same_rank,solidity,proton,run_test,0.23151885620208168
drift_shift,random_same_rank,solidity,kaon,test,0.4597660204422861
drift_shift,random_same_rank,solidity,kaon,run_test,0.4315424752133241
drift_shift,random_same_rank,solidity,muon,test,0.2430723071000842
drift_shift,random_same_rank,solidity,muon,run_test,0.2813980350331384
both,original,mean_adc,proton,test,0.7020150058613214
both,original,mean_adc,proton,run_test,0.7160590474757582
both,original,mean_adc,kaon,test,0.3800622303388601
both,original,mean_adc,kaon,run_test,0.389990294429181
both,original,mean_adc,muon,test,0.3254077601086709
both,original,mean_adc,muon,run_test,0.32063889125925393
both,original,solidity,proton,test,0.39137182315319374
both,original,solidity,proton,run_test,0.36865856953130716
both,original,solidity,kaon,test,0.5578701860053135
both,original,solidity,kaon,run_test,0.5595776937543235
both,original,solidity,muon,test,0.2929898779996921
both,original,solidity,muon,run_test,0.3435998850251415
both,remove,mean_adc,proton,test,0.6801541216274916
both,remove,mean_adc,proton,run_test,0.6969870143339054
both,remove,mean_adc,kaon,test,0.25449361125830816
both,remove,mean_adc,kaon,run_test,0.28854658489116647
both,remove,mean_adc,muon,test,0.24729365784335133
both,remove,mean_adc,muon,run_test,0.263414159494302
both,remove,solidity,proton,test,0.35933944344193514
both,remove,solidity,proton,run_test,0.32081193719829193
both,remove,solidity,kaon,test,0.5381407898744024
both,remove,solidity,kaon,run_test,0.5527431747307734
both,remove,solidity,muon,test,0.2839321568303155
both,remove,solidity,muon,run_test,0.3394980929574126
both,random_same_rank,mean_adc,proton,test,0.6404838451261596
both,random_same_rank,mean_adc,proton,run_test,0.6521535695219565
both,random_same_rank,mean_adc,kaon,test,0.34700863058207343
both,random_same_rank,mean_adc,kaon,run_test,0.35258049662499436
both,random_same_rank,mean_adc,muon,test,0.3039378975532634
both,random_same_rank,mean_adc,muon,run_test,0.28362436300061733
both,random_same_rank,solidity,proton,test,0.3002697796054792
both,random_same_rank,solidity,proton,run_test,0.23555993347349524
both,random_same_rank,solidity,kaon,test,0.4181803729926392
both,random_same_rank,solidity,kaon,run_test,0.43754711615622555
both,random_same_rank,solidity,muon,test,0.2167488157181091
both,random_same_rank,solidity,muon,run_test,0.28781609344123527
