species,erased,projection,target,partition,r2
proton,mean_adc,original,mean_adc,test,0.7020150058613214
proton,mean_adc,original,mean_adc,run_test,0.7160590474757582
proton,mean_adc,original,solidity,test,0.39137182315319374
proton,mean_adc,original,solidity,run_test,0.36865856953130716
proton,mean_adc,erase,mean_adc,test,-0.0013568928479910092
proton,mean_adc,erase,mean_adc,run_test,-0.0003928999139397593
proton,mean_adc,erase,solidity,test,0.18628122964600302
proton,mean_adc,erase,solidity,run_test,0.17347906897384002
proton,mean_adc,random_rank1,mean_adc,test,0.7021905116422498
proton,mean_adc,random_rank1,mean_adc,run_test,0.7157390254968616
proton,mean_adc,random_rank1,solidity,test,0.3804413990745278
proton,mean_adc,random_rank1,solidity,run_test,0.3621615314978198
proton,solidity,original,mean_adc,test,0.7020150058613214
proton,solidity,original,mean_adc,run_test,0.7160590474757582
proton,solidity,original,solidity,test,0.39137182315319374
proton,solidity,original,solidity,run_test,0.36865856953130716
proton,solidity,erase,mean_adc,test,0.3118635586088141
proton,solidity,erase,mean_adc,run_test,0.331764775211573
proton,solidity,erase,solidity,test,-3.910351677460788e-05
proton,solidity,erase,solidity,run_test,-0.0004318289739644321
proton,solidity,random_rank1,mean_adc,test,0.6579622598575482
proton,solidity,random_rank1,mean_adc,run_test,0.6690118035961159
proton,solidity,random_rank1,solidity,test,0.3907181663924625
proton,solidity,random_rank1,solidity,run_test,0.36723541317833364
kaon,mean_adc,original,mean_adc,test,0.3800622303388601
kaon,mean_adc,original,mean_adc,run_test,0.389990294429181
kaon,mean_adc,original,solidity,test,0.5578701860053135
kaon,mean_adc,original,solidity,run_test,0.5595776937543235
kaon,mean_adc,erase,mean_adc,test,-0.005026998340439626
kaon,mean_adc,erase,mean_adc,run_test,-0.0050923471529646935
kaon,mean_adc,erase,solidity,test,0.2321666775262865
kaon,mean_adc,erase,solidity,run_test,0.227243482318234
kaon,mean_adc,random_rank1,mean_adc,test,0.3793260712208357
kaon,mean_adc,random_rank1,mean_adc,run_test,0.3886946635211058
kaon,mean_adc,random_rank1,solidity,test,0.5226974470421827
kaon,mean_adc,random_rank1,solidity,run_test,0.5067358378329638
kaon,solidity,original,mean_adc,test,0.3800622303388601
kaon,solidity,original,mean_adc,run_test,0.389990294429181
kaon,solidity,original,solidity,test,0.5578701860053135
kaon,solidity,original,solidity,run_test,0.5595776937543235
kaon,solidity,erase,mean_adc,test,0.18069193386847726
kaon,solidity,erase,mean_adc,run_test,0.17061037555364378
kaon,solidity,erase,solidity,test,-0.005886365671275984
kaon,solidity,erase,solidity,run_test,-0.0009460205567786151
kaon,solidity,random_rank1,mean_adc,test,0.32616870629914996
kaon,solidity,random_rank1,mean_adc,run_test,0.3266248916341761
kaon,solidity,random_rank1,solidity,test,0.5563369914001677
kaon,solidity,random_rank1,solidity,run_test,0.5540255181928899
muon,mean_adc,original,mean_adc,test,0.3254077601086709
muon,mean_adc,original,mean_adc,run_test,0.32063889125925393
muon,mean_adc,original,solidity,test,0.2929898779996921
muon,mean_adc,original,solidity,run_test,0.3435998850251415
muon,mean_adc,erase,mean_adc,test,-0.0028058095961007723
muon,mean_adc,erase,mean_adc,run_test,-0.0026989742250473903
muon,mean_adc,erase,solidity,test,0.2749936040500587
muon,mean_adc,erase,solidity,run_test,0.3096578326063678
muon,mean_adc,random_rank1,mean_adc,test,0.3078882179511341
muon,mean_adc,random_rank1,mean_adc,run_test,0.2917245920745376
muon,mean_adc,random_rank1,solidity,test,0.2770198786756195
muon,mean_adc,random_rank1,solidity,run_test,0.32882228631324706
muon,solidity,original,mean_adc,test,0.3254077601086709
muon,solidity,original,mean_adc,run_test,0.32063889125925393
muon,solidity,original,solidity,test,0.2929898779996921
muon,solidity,original,solidity,run_test,0.3435998850251415
muon,solidity,erase,mean_adc,test,0.2753117164942672
muon,solidity,erase,mean_adc,run_test,0.2711943929605146
muon,solidity,erase,solidity,test,-0.00015710805451307763
muon,solidity,erase,solidity,run_test,-0.0010875411383490796
muon,solidity,random_rank1,mean_adc,test,0.09091210892225465
muon,solidity,random_rank1,mean_adc,run_test,0.08256078612052242
muon,solidity,random_rank1,solidity,test,0.2946359238789411
muon,solidity,random_rank1,solidity,run_test,0.3423837612333305
