target,method,source,destination,partition,support,n,r2,rho,low,high
mean_adc,vae_s0,proton,proton,test,all,3866,0.7020150058613214,0.8559486049504806,0.6865426745191976,0.714131069815687
mean_adc,vae_s0,proton,proton,test,source_5_95,3553,0.6641768019021206,0.8327984926905638,0.6478594510759773,0.6837517827851778
mean_adc,vae_s0,proton,proton,run_test,all,2147,0.7160590474757582,0.8657107855661175,0.6941096340092768,0.7364360053922531
mean_adc,vae_s0,proton,proton,run_test,source_5_95,1963,0.687013214639526,0.8448404944819724,0.6621250341003404,0.7101764398246376
mean_adc,vae_s0,proton,kaon,test,all,2470,-0.09078465110156486,0.4976171806014441,-0.21195183880523538,0.015117294464331948
mean_adc,vae_s0,proton,kaon,test,source_5_95,1419,-0.18144379997866,0.4861277158203532,-0.3504271277739851,-0.06129279853573453
mean_adc,vae_s0,proton,kaon,run_test,all,1772,-0.002886310566005079,0.5138844287383595,-0.15845379083951344,0.10989318943471549
mean_adc,vae_s0,proton,kaon,run_test,source_5_95,1003,-0.08308856515809881,0.5214264523270611,-0.2882026615204897,0.05556030110663415
mean_adc,vae_s0,proton,muon,test,all,2931,-47.25060052318625,0.17340656599779025,-50.72637615693366,-43.64258493944826
mean_adc,vae_s0,proton,muon,test,source_5_95,612,-58.67840339624861,-0.017373852673687094,-74.69313770814557,-48.098988511777314
mean_adc,vae_s0,proton,muon,run_test,all,1920,-46.52763813912408,0.1601576633457203,-52.487531623102925,-42.29558046864339
mean_adc,vae_s0,proton,muon,run_test,source_5_95,393,-47.755780348042656,0.06315344753005632,-63.17828096449095,-36.879659565993016
mean_adc,vae_s0,kaon,proton,test,all,3866,-0.19104969682279438,0.7888676405895858,-0.2282345320823934,-0.15348586588953259
mean_adc,vae_s0,kaon,proton,test,source_5_95,2206,0.22083380656996465,0.6897792899475269,0.1863026797403204,0.26405139398056016
mean_adc,vae_s0,kaon,proton,run_test,all,2147,-0.2430391648513719,0.7983647374507125,-0.3022498838903132,-0.1938266500620924
mean_adc,vae_s0,kaon,proton,run_test,source_5_95,1165,0.1928897848771821,0.6851439807115502,0.13348911771507185,0.24779649305180665
mean_adc,vae_s0,kaon,kaon,test,all,2470,0.3800622303388601,0.6983824184567826,0.3582256361502619,0.39975541478656434
mean_adc,vae_s0,kaon,kaon,test,source_5_95,2171,0.25240955765012774,0.6196967757861298,0.2089161179134644,0.2935232422621641
mean_adc,vae_s0,kaon,kaon,run_test,all,1772,0.389990294429181,0.7117299334575555,0.36524528357266284,0.4169376026380605
mean_adc,vae_s0,kaon,kaon,run_test,source_5_95,1560,0.30303374511516545,0.6363681874521581,0.2498266684476102,0.3574410648476679
mean_adc,vae_s0,kaon,muon,test,all,2931,-9.949843075137371,0.12759097539798503,-10.745597246339207,-9.119294668954137
mean_adc,vae_s0,kaon,muon,test,source_5_95,2907,-10.079080694587606,0.11684948934982582,-11.036579262645771,-9.396599182216043
mean_adc,vae_s0,kaon,muon,run_test,all,1920,-9.912499186653873,0.12330170399830805,-11.181714728377955,-8.835354950807316
mean_adc,vae_s0,kaon,muon,run_test,source_5_95,1919,-9.913981465781374,0.12438387027843233,-11.189096383115551,-8.835378477424298
mean_adc,vae_s0,muon,proton,test,all,3866,-3.27426834874474,0.08297233109891317,-3.4136215591054784,-3.1278372850746083
mean_adc,vae_s0,muon,proton,test,source_5_95,419,-8.350612372555467,0.34358128995737336,-9.546320873839845,-7.307456261884925
mean_adc,vae_s0,muon,proton,run_test,all,2147,-3.4433277752180507,0.09087463072321142,-3.6456412851892095,-3.252486382906522
mean_adc,vae_s0,muon,proton,run_test,source_5_95,209,-10.465739636922294,0.3336715915663284,-12.577992838609696,-8.421718089111495
mean_adc,vae_s0,muon,kaon,test,all,2470,-0.4770110957591187,0.29669472585520645,-0.5305557126820766,-0.4278538701667929
mean_adc,vae_s0,muon,kaon,test,source_5_95,1169,-1.7981200064864211,0.21507200862462938,-2.0670752618967905,-1.5886858128452859
mean_adc,vae_s0,muon,kaon,run_test,all,1772,-0.4952841990178456,0.26353397699125874,-0.5484389526319973,-0.45196390216403576
mean_adc,vae_s0,muon,kaon,run_test,source_5_95,847,-1.8193283161708989,0.1517138202843104,-2.193664071818729,-1.5284104770608886
mean_adc,vae_s0,muon,muon,test,all,2931,0.3254077601086709,0.6484488361261517,0.3060724414763403,0.34558455628097146
mean_adc,vae_s0,muon,muon,test,source_5_95,2625,0.27530415523467233,0.590629008759895,0.24340693752445425,0.30391763844835407
mean_adc,vae_s0,muon,muon,run_test,all,1920,0.32063889125925393,0.6511725904900457,0.2919838620653952,0.34610242581545964
mean_adc,vae_s0,muon,muon,run_test,source_5_95,1761,0.29303981585869154,0.6093447774842998,0.25338431494767605,0.3364839628312498
mean_adc,vae_s1,proton,proton,test,all,3866,0.717314826879487,0.8668769403371936,0.7040917719225995,0.7281343378659677
mean_adc,vae_s1,proton,proton,test,source_5_95,3553,0.6898282017759977,0.8443359541955984,0.6728660312532402,0.7099311787246815
mean_adc,vae_s1,proton,proton,run_test,all,2147,0.7279845116786796,0.8756241263125246,0.7098838796065906,0.7494279293613055
mean_adc,vae_s1,proton,proton,run_test,source_5_95,1963,0.7101360263976773,0.8568881263837406,0.6807745965598168,0.731431611537885
mean_adc,vae_s1,proton,kaon,test,all,2470,-0.3514009977885022,0.5800525881613068,-0.5217172025536542,-0.20925769654977228
mean_adc,vae_s1,proton,kaon,test,source_5_95,1419,-0.6697204908745611,0.4837137778798436,-0.9180021014624966,-0.4743522107217106
mean_adc,vae_s1,proton,kaon,run_test,all,1772,-0.26484923968470286,0.6248963265044607,-0.45853478575780615,-0.11418627353301418
mean_adc,vae_s1,proton,kaon,run_test,source_5_95,1003,-0.5665651048470135,0.5382399691209551,-0.9041506444515751,-0.34466838712201164
mean_adc,vae_s1,proton,muon,test,all,2931,-44.62789332976031,0.2452921990271793,-47.96774103011114,-41.23867513008958
mean_adc,vae_s1,proton,muon,test,source_5_95,612,-56.786855041185134,-0.026699256448106463,-72.88869845082841,-46.54215747874142
mean_adc,vae_s1,proton,muon,run_test,all,1920,-44.232519250879314,0.20134964034403458,-49.86601596657283,-40.200442822112315
mean_adc,vae_s1,proton,muon,run_test,source_5_95,393,-45.69465076635642,0.07761222829116922,-60.362674094393874,-35.38137591442431
mean_adc,vae_s1,kaon,proton,test,all,3866,-0.16057864978002212,0.8208912477211987,-0.1961516953964527,-0.12230160099231989
mean_adc,vae_s1,kaon,proton,test,source_5_95,2206,0.30868797582038054,0.7527344887141754,0.2817219651891446,0.3439904647251879
mean_adc,vae_s1,kaon,proton,run_test,all,2147,-0.22128327850389873,0.8214997588233414,-0.28281358116066563,-0.17436420730319305
mean_adc,vae_s1,kaon,proton,run_test,source_5_95,1165,0.2726976140464259,0.751680814074697,0.21588182418706797,0.31788327519713666
mean_adc,vae_s1,kaon,kaon,test,all,2470,0.4041417551622051,0.7339368023702284,0.38111829158735044,0.4239156331593335
mean_adc,vae_s1,kaon,kaon,test,source_5_95,2171,0.277604165521639,0.655069275121098,0.22817385559871844,0.32489442918344463
mean_adc,vae_s1,kaon,kaon,run_test,all,1772,0.41662044955972644,0.7503260303269071,0.39470410367770187,0.440132531235595
mean_adc,vae_s1,kaon,kaon,run_test,source_5_95,1560,0.3223295629945877,0.6730814605162021,0.2691668942042016,0.37594096010508876
mean_adc,vae_s1,kaon,muon,test,all,2931,-10.464904748152312,0.29795872494444553,-11.318614393068271,-9.609249163226243
mean_adc,vae_s1,kaon,muon,test,source_5_95,2907,-10.616108501121465,0.28661100747988627,-11.606856765526606,-9.882400651203623
mean_adc,vae_s1,kaon,muon,run_test,all,1920,-10.371772117449439,0.26701535337526167,-11.749822458987591,-9.26421052498371
mean_adc,vae_s1,kaon,muon,run_test,source_5_95,1919,-10.376002313041568,0.26704508864683335,-11.76362275555709,-9.267445054634404
mean_adc,vae_s1,muon,proton,test,all,3866,-3.135266686180622,0.3509546060701381,-3.2683919302997526,-2.9968973923962117
mean_adc,vae_s1,muon,proton,test,source_5_95,419,-10.01586457332822,0.3330277309676883,-11.31499901269512,-8.763141033044011
mean_adc,vae_s1,muon,proton,run_test,all,2147,-3.291489035925406,0.333265147448486,-3.4798505560150947,-3.1116694842070025
mean_adc,vae_s1,muon,proton,run_test,source_5_95,209,-12.194883407630977,0.2601267153898733,-14.652513469574288,-9.82000242297196
mean_adc,vae_s1,muon,kaon,test,all,2470,-0.4136434142941001,0.35170138571195225,-0.46097035184503415,-0.3716021395643511
mean_adc,vae_s1,muon,kaon,test,source_5_95,1169,-1.5961880444297152,0.17922927290083387,-1.8062838742830607,-1.3995502883491766
mean_adc,vae_s1,muon,kaon,run_test,all,1772,-0.4138566552314338,0.3683242777603024,-0.45794907453257605,-0.3747075329808749
mean_adc,vae_s1,muon,kaon,run_test,source_5_95,847,-1.621334599148554,0.15841113012749083,-1.9127218588281547,-1.3528883700567818
mean_adc,vae_s1,muon,muon,test,all,2931,0.29422979461660226,0.6326103679327207,0.275363064482203,0.3143599601578388
mean_adc,vae_s1,muon,muon,test,source_5_95,2625,0.2532496079371874,0.5797516512707288,0.22144700007439036,0.28571051166148137
mean_adc,vae_s1,muon,muon,run_test,all,1920,0.29509828031476903,0.6333567233537714,0.2660553980250344,0.32021828131220537
mean_adc,vae_s1,muon,muon,run_test,source_5_95,1761,0.2736952953427739,0.598569498526619,0.23865615673154286,0.30931510243419175
mean_adc,vae_s2,proton,proton,test,all,3866,0.7042520909556154,0.8681012619663682,0.6879600064488476,0.717963517187967
mean_adc,vae_s2,proton,proton,test,source_5_95,3553,0.6726081556696053,0.8473473533324116,0.6545619632477145,0.6938828496335451
mean_adc,vae_s2,proton,proton,run_test,all,2147,0.7101122646982265,0.871683178918248,0.6898019089301064,0.728919913191735
mean_adc,vae_s2,proton,proton,run_test,source_5_95,1963,0.6885108630961341,0.8532284836824947,0.6621836958898116,0.7120466138342368
mean_adc,vae_s2,proton,kaon,test,all,2470,-0.06703339002371811,0.5919938786641408,-0.19205673184119143,0.03874391149069701
mean_adc,vae_s2,proton,kaon,test,source_5_95,1419,-0.10850911006291097,0.5333714918140421,-0.25519803043891853,0.006704375911595623
mean_adc,vae_s2,proton,kaon,run_test,all,1772,-0.009076543261476777,0.6046593102106836,-0.15968469696913853,0.1135062811690707
mean_adc,vae_s2,proton,kaon,run_test,source_5_95,1003,-0.009676359039108018,0.5609473438120164,-0.19872453727702663,0.12998648430207752
mean_adc,vae_s2,proton,muon,test,all,2931,-41.33167355345744,0.264353510305821,-44.55443194578335,-38.27558278003707
mean_adc,vae_s2,proton,muon,test,source_5_95,612,-53.79918318358318,-0.03436800078401429,-68.64738714193308,-44.17891484934552
mean_adc,vae_s2,proton,muon,run_test,all,1920,-40.48448167540691,0.24164326853999457,-45.52595783798346,-36.90206848136481
mean_adc,vae_s2,proton,muon,run_test,source_5_95,393,-43.14802442890554,0.039897219786120375,-56.57833542103805,-32.9813831275251
mean_adc,vae_s2,kaon,proton,test,all,3866,-0.1726452800651419,0.8637149498582866,-0.20665299375771018,-0.13637809945323695
mean_adc,vae_s2,kaon,proton,test,source_5_95,2206,0.2138337049482555,0.7106284478265178,0.1815339842212297,0.2542885759559247
mean_adc,vae_s2,kaon,proton,run_test,all,2147,-0.24023281297196886,0.8567952723685791,-0.2991676813185102,-0.1950032084497447
mean_adc,vae_s2,kaon,proton,run_test,source_5_95,1165,0.1688486315780907,0.6991997728056326,0.10151885613928316,0.22297644601465516
mean_adc,vae_s2,kaon,kaon,test,all,2470,0.38104673662337574,0.7228899631856851,0.3575127437345461,0.40291793477531057
mean_adc,vae_s2,kaon,kaon,test,source_5_95,2171,0.27127262208981884,0.6499790527024409,0.21776353465222864,0.3178103618472452
mean_adc,vae_s2,kaon,kaon,run_test,all,1772,0.3957604660351536,0.7369556440690683,0.3727586589979458,0.4172306012599498
mean_adc,vae_s2,kaon,kaon,run_test,source_5_95,1560,0.3104246625831937,0.6644948932393167,0.25118646670561406,0.3749358118170274
mean_adc,vae_s2,kaon,muon,test,all,2931,-10.772610690111092,0.2746917119249206,-11.650761775887236,-9.91617924504894
mean_adc,vae_s2,kaon,muon,test,source_5_95,2907,-10.928087040951256,0.2646272899346148,-12.013497179419108,-10.137298217184233
mean_adc,vae_s2,kaon,muon,run_test,all,1920,-10.61834885193788,0.2730869627107646,-12.033853321059455,-9.519926236255397
mean_adc,vae_s2,kaon,muon,run_test,source_5_95,1919,-10.62335235530587,0.2729698429648958,-12.034253041851061,-9.527685091201993
mean_adc,vae_s2,muon,proton,test,all,3866,-2.8380450364834706,0.249230123795073,-2.9630444838844556,-2.71106454440939
mean_adc,vae_s2,muon,proton,test,source_5_95,419,-4.625948057250815,0.3223692775005424,-5.426875454848937,-3.998992437059574
mean_adc,vae_s2,muon,proton,run_test,all,2147,-2.9956691897125034,0.24485734458895708,-3.169410599603047,-2.821114483755162
mean_adc,vae_s2,muon,proton,run_test,source_5_95,209,-5.746759964191597,0.16894027025605973,-7.180295442102391,-4.605167431285136
mean_adc,vae_s2,muon,kaon,test,all,2470,-0.32733962232324787,0.40793768236133177,-0.36883662234614856,-0.2912962749360597
mean_adc,vae_s2,muon,kaon,test,source_5_95,1169,-1.3759228105539356,0.26977064236723003,-1.6476816426408107,-1.1854792529551368
mean_adc,vae_s2,muon,kaon,run_test,all,1772,-0.34364561695967955,0.37427816112552764,-0.38687324528499356,-0.3069149568017011
mean_adc,vae_s2,muon,kaon,run_test,source_5_95,847,-1.4520571193090825,0.19816117637821223,-1.761222899486579,-1.1905573944921533
mean_adc,vae_s2,muon,muon,test,all,2931,0.32259010046883463,0.6277688780308783,0.30041852990869117,0.34687198842886846
mean_adc,vae_s2,muon,muon,test,source_5_95,2625,0.2593138065198296,0.570129179924157,0.2257663106149432,0.29307705144453217
mean_adc,vae_s2,muon,muon,run_test,all,1920,0.31322553159900934,0.6288484694006264,0.28060772420180385,0.3420818540708679
mean_adc,vae_s2,muon,muon,run_test,source_5_95,1761,0.26925568338092143,0.5911645242595872,0.22754926599549352,0.31267867283376005
mean_adc,ae_s0,proton,proton,test,all,3866,0.7175761178627209,0.8689265316815912,0.7032513769377197,0.7299816412990405
mean_adc,ae_s0,proton,proton,test,source_5_95,3553,0.6823041849353162,0.8461687669590005,0.6656727921244383,0.6993924064713919
mean_adc,ae_s0,proton,proton,run_test,all,2147,0.715721978968465,0.870087450731398,0.6949180672877872,0.7347170570270001
mean_adc,ae_s0,proton,proton,run_test,source_5_95,1963,0.6932881414181291,0.8521500106587362,0.6698531232691163,0.7121994489783539
mean_adc,ae_s0,proton,kaon,test,all,2470,-0.0033311945505603013,0.6629225456029608,-0.1309323300452164,0.09491788735542735
mean_adc,ae_s0,proton,kaon,test,source_5_95,1419,-0.1458489708339814,0.5427100621423114,-0.2939853752960546,-0.020834055379869626
mean_adc,ae_s0,proton,kaon,run_test,all,1772,0.06171968270799277,0.6880678666295981,-0.07230548134895562,0.15937967145870918
mean_adc,ae_s0,proton,kaon,run_test,source_5_95,1003,-0.08689175520875692,0.5800656812395554,-0.3251221247903913,0.05054218684300655
mean_adc,ae_s0,proton,muon,test,all,2931,-39.682448223370365,0.2238186199522606,-42.702352319406,-36.77395008501773
mean_adc,ae_s0,proton,muon,test,source_5_95,612,-50.13421488368664,0.028459100457744774,-63.769554064123405,-40.93277569760666
mean_adc,ae_s0,proton,muon,run_test,all,1920,-39.046481832120115,0.2047430416701803,-44.003657690764236,-35.51220495706555
mean_adc,ae_s0,proton,muon,run_test,source_5_95,393,-40.34216092022648,0.05009339342355302,-53.038179491765476,-30.972851958780854
mean_adc,ae_s0,kaon,proton,test,all,3866,-0.09973830199453171,0.8709165917350654,-0.13328664099559107,-0.06344074552610866
mean_adc,ae_s0,kaon,proton,test,source_5_95,2206,0.2202697421682983,0.7184964346048338,0.18591674820655396,0.26178293796355473
mean_adc,ae_s0,kaon,proton,run_test,all,2147,-0.15910121888002582,0.8670352898923507,-0.2146814104809748,-0.1164405337910629
mean_adc,ae_s0,kaon,proton,run_test,source_5_95,1165,0.1776359867472167,0.7065674927633782,0.11176807526389347,0.23170983158833305
mean_adc,ae_s0,kaon,kaon,test,all,2470,0.4058321087312541,0.7296980119249737,0.37958815770362825,0.42703556522835107
mean_adc,ae_s0,kaon,kaon,test,source_5_95,2171,0.2776226890132637,0.6518532845062107,0.22584914940767647,0.3280551573681285
mean_adc,ae_s0,kaon,kaon,run_test,all,1772,0.4349695927339343,0.7522798899254223,0.41085786764944465,0.4587554812429443
mean_adc,ae_s0,kaon,kaon,run_test,source_5_95,1560,0.3478976280143744,0.682439625334298,0.2930551685345281,0.4040273762597292
mean_adc,ae_s0,kaon,muon,test,all,2931,-10.976676247556245,0.2730397621501624,-11.851342249194722,-10.078363913800356
mean_adc,ae_s0,kaon,muon,test,source_5_95,2907,-11.133529006350896,0.2613201109530513,-12.169106955209243,-10.346811305454056
mean_adc,ae_s0,kaon,muon,run_test,all,1920,-10.90437363959501,0.25518036198740285,-12.370607016648224,-9.762466332979608
mean_adc,ae_s0,kaon,muon,run_test,source_5_95,1919,-10.908694830107388,0.2553231151657781,-12.384786052192418,-9.76604240184448
mean_adc,ae_s0,muon,proton,test,all,3866,-2.9208758908166774,0.10675403603342179,-3.050052530044873,-2.7890319930264873
mean_adc,ae_s0,muon,proton,test,source_5_95,419,-3.5561593852763265,0.25981318016238253,-4.180168179201769,-3.015457809311425
mean_adc,ae_s0,muon,proton,run_test,all,2147,-3.082733540264188,0.08965734498860023,-3.2616299226530785,-2.9048876354214217
mean_adc,ae_s0,muon,proton,run_test,source_5_95,209,-4.457791479409355,0.11164230506335769,-5.638759343384268,-3.5601185884687667
mean_adc,ae_s0,muon,kaon,test,all,2470,-0.34088671632658674,0.28490153795995343,-0.38314112021758645,-0.3071108160605678
mean_adc,ae_s0,muon,kaon,test,source_5_95,1169,-1.5273633374265474,0.18243442364105147,-1.788143928496913,-1.2943082235806835
mean_adc,ae_s0,muon,kaon,run_test,all,1772,-0.36033178163772517,0.24080134971097802,-0.4080600695182354,-0.3228867951407495
mean_adc,ae_s0,muon,kaon,run_test,source_5_95,847,-1.6010910825962519,0.14570006134638813,-1.963208603381836,-1.3146043976920452
mean_adc,ae_s0,muon,muon,test,all,2931,0.31807932347680834,0.6248852194450067,0.2934771855475995,0.3405644849585813
mean_adc,ae_s0,muon,muon,test,source_5_95,2625,0.25487098440086775,0.5708731513596281,0.22147852855343894,0.289404673339252
mean_adc,ae_s0,muon,muon,run_test,all,1920,0.31511166922073797,0.6305457354860392,0.2811969078279342,0.34561248707807896
mean_adc,ae_s0,muon,muon,run_test,source_5_95,1761,0.2647783372339444,0.591907013602779,0.2191404253038417,0.31286189248429885
mean_adc,endpoint_pca,proton,proton,test,all,3866,0.6997736676161701,0.8451983693315303,0.6816967016968027,0.7146851140873401
mean_adc,endpoint_pca,proton,proton,test,source_5_95,3553,0.6514057298359175,0.8154261509702156,0.6317894273074233,0.6698081813235026
mean_adc,endpoint_pca,proton,proton,run_test,all,2147,0.7122441274076577,0.8508375515958326,0.6907914573702607,0.7310704205346876
mean_adc,endpoint_pca,proton,proton,run_test,source_5_95,1963,0.6676682895043009,0.8234543505609585,0.6387280408532762,0.6926835353760675
mean_adc,endpoint_pca,proton,kaon,test,all,2470,-0.05422412031458701,0.7425811090708087,-0.1863383279153794,0.05854883129508729
mean_adc,endpoint_pca,proton,kaon,test,source_5_95,1419,-0.17226464342001013,0.6129013869474477,-0.33575761160281725,-0.039754284089348516
mean_adc,endpoint_pca,proton,kaon,run_test,all,1772,-0.03222635345568925,0.7557986218166676,-0.18989935601346272,0.11158920839419467
mean_adc,endpoint_pca,proton,kaon,run_test,source_5_95,1003,-0.23622715442872932,0.6070390707782181,-0.4987651036110764,-0.06548633383804195
mean_adc,endpoint_pca,proton,muon,test,all,2931,-12.319412736758135,0.3040108800241842,-13.455517425501887,-11.313526054849909
mean_adc,endpoint_pca,proton,muon,test,source_5_95,612,-17.089733774265426,0.022135053683461466,-22.041130953773543,-13.476424230614928
mean_adc,endpoint_pca,proton,muon,run_test,all,1920,-12.581791790049433,0.25943876903992213,-14.165795317974034,-11.26038881243402
mean_adc,endpoint_pca,proton,muon,run_test,source_5_95,393,-14.443786277002948,0.05469999833932101,-19.760711119928544,-10.681036520806536
mean_adc,endpoint_pca,kaon,proton,test,all,3866,0.3547196278966337,0.8012199205471633,0.3301031224889715,0.3784294395943095
mean_adc,endpoint_pca,kaon,proton,test,source_5_95,2206,0.4043350208924885,0.6321924750750364,0.3720820813980732,0.43575550509749145
mean_adc,endpoint_pca,kaon,proton,run_test,all,2147,0.3382806107102495,0.8116516085445665,0.303215075495826,0.3674851349594605
mean_adc,endpoint_pca,kaon,proton,run_test,source_5_95,1165,0.3663857640977789,0.5971070421871733,0.32397065219553445,0.4028310694874895
mean_adc,endpoint_pca,kaon,kaon,test,all,2470,0.5902634089542477,0.7740185076447347,0.5679470862650117,0.6114783312525806
mean_adc,endpoint_pca,kaon,kaon,test,source_5_95,2171,0.38164961126013075,0.6929824226040918,0.32923415287577745,0.4270864195841559
mean_adc,endpoint_pca,kaon,kaon,run_test,all,1772,0.6203415363145873,0.7745530518317733,0.5954421255313977,0.6474511287492695
mean_adc,endpoint_pca,kaon,kaon,run_test,source_5_95,1560,0.3796610803288901,0.6935993595051229,0.3064800335004375,0.4332085153480549
mean_adc,endpoint_pca,kaon,muon,test,all,2931,-1.235782738177483,0.11391322288702342,-1.3805513791286668,-1.0907163928437769
mean_adc,endpoint_pca,kaon,muon,test,source_5_95,2907,-1.2840369106569671,0.09593345158304475,-1.4407755375694093,-1.144808335890845
mean_adc,endpoint_pca,kaon,muon,run_test,all,1920,-1.3951186324049876,0.03592584185813852,-1.643249712970148,-1.2070764921714259
mean_adc,endpoint_pca,kaon,muon,run_test,source_5_95,1919,-1.397941694752558,0.034752373023510565,-1.6450719355535268,-1.214126794616134
mean_adc,endpoint_pca,muon,proton,test,all,3866,-2.64221123148022,-0.16124739246998127,-2.7678525884248537,-2.5172355705171037
mean_adc,endpoint_pca,muon,proton,test,source_5_95,419,-1.7053311774417974,0.2868438181589795,-2.3122629699092916,-1.1974528348655624
mean_adc,endpoint_pca,muon,proton,run_test,all,2147,-2.8173498874359315,-0.23370401143955338,-2.990195315235428,-2.6528148042374733
mean_adc,endpoint_pca,muon,proton,run_test,source_5_95,209,-1.8158562974536032,0.20668673431831328,-2.7194067187226487,-1.0614043433052176
mean_adc,endpoint_pca,muon,kaon,test,all,2470,-0.313585314683821,0.40919216290744664,-0.3589038200663171,-0.2778124345033358
mean_adc,endpoint_pca,muon,kaon,test,source_5_95,1169,-1.4252473139511852,0.2639943355799315,-1.6718241162065675,-1.2256232101107714
mean_adc,endpoint_pca,muon,kaon,run_test,all,1772,-0.312704252234866,0.41652692906234473,-0.3587697837810739,-0.2755887850889149
mean_adc,endpoint_pca,muon,kaon,run_test,source_5_95,847,-1.4097416968978433,0.25608202911038574,-1.7589435415291228,-1.1848510496837144
mean_adc,endpoint_pca,muon,muon,test,all,2931,0.211747454909755,0.5110497225904752,0.18695147530929834,0.23292286620339114
mean_adc,endpoint_pca,muon,muon,test,source_5_95,2625,0.1519410282166308,0.4530872778513445,0.11096868785745975,0.18122056208757886
mean_adc,endpoint_pca,muon,muon,run_test,all,1920,0.22850868632786114,0.5206727124325259,0.20000703657481783,0.25865690437981753
mean_adc,endpoint_pca,muon,muon,run_test,source_5_95,1761,0.17335411136390155,0.4648126447078437,0.13560586621333207,0.21123577522192347
median_adc,vae_s0,proton,proton,test,all,3866,0.18966140202279358,0.5167859038037002,0.16913374841745754,0.20561777959337782
median_adc,vae_s0,proton,proton,test,source_5_95,3465,0.19318408292027534,0.5005178539314723,0.16138969079929058,0.22565480653424802
median_adc,vae_s0,proton,proton,run_test,all,2147,0.20637154620588483,0.5314701308402571,0.17740320610360127,0.23860969413899444
median_adc,vae_s0,proton,proton,run_test,source_5_95,1996,0.23455866494329713,0.5264943373187277,0.19323360749379884,0.27660980561004467
median_adc,vae_s0,proton,kaon,test,all,2470,-0.7720130271408707,0.24000654969107635,-0.8774205073670834,-0.677003966479289
median_adc,vae_s0,proton,kaon,test,source_5_95,1067,-0.29856790869970884,0.24405423885467317,-0.42643023160866217,-0.18712247307794355
median_adc,vae_s0,proton,kaon,run_test,all,1772,-0.728042114814563,0.2789304922962942,-0.8492982984132257,-0.6133338788946138
median_adc,vae_s0,proton,kaon,run_test,source_5_95,766,-0.21171611932302237,0.2394671486613026,-0.3482973213989477,-0.09407990966138156
median_adc,vae_s0,proton,muon,test,all,2931,-44.351073059477635,0.21936900013051708,-48.9196148354659,-40.607917797163
median_adc,vae_s0,proton,muon,run_test,all,1920,-68.97550569450685,0.17557881874550368,-77.47147572834587,-59.6892153362333
median_adc,vae_s0,kaon,proton,test,all,3866,-3.6132613212581806,0.36437323564934637,-3.943394573821239,-3.2765950503402363
median_adc,vae_s0,kaon,proton,test,source_5_95,2778,-3.474218876645401,0.3402514364132868,-3.8636006956659132,-3.1268435811022
median_adc,vae_s0,kaon,proton,run_test,all,2147,-4.21371463468368,0.3700467401385038,-4.905787466334215,-3.576741478018913
median_adc,vae_s0,kaon,proton,run_test,source_5_95,1556,-5.66895283630265,0.3500133018474437,-6.589192796531244,-4.818219019702464
median_adc,vae_s0,kaon,kaon,test,all,2470,0.07619198551179496,0.2860006641719407,0.05682707911840233,0.0917662870460358
median_adc,vae_s0,kaon,kaon,test,source_5_95,2196,0.01597876300462653,0.21772757156209038,-0.012963877157722146,0.04378075587175478
median_adc,vae_s0,kaon,kaon,run_test,all,1772,0.06897750219467425,0.29430934822348526,0.04833799313490681,0.08823751671301099
median_adc,vae_s0,kaon,kaon,run_test,source_5_95,1619,0.05085170172116893,0.2561010398735292,0.02058488730980737,0.07574135456911772
median_adc,vae_s0,kaon,muon,test,all,2931,-9.379698900039122,0.26771769490445063,-10.39951538583916,-8.595578390708958
median_adc,vae_s0,kaon,muon,test,source_5_95,2506,-20.36068557483598,0.2512348869300157,-22.741307903955796,-18.167044197186115
median_adc,vae_s0,kaon,muon,run_test,all,1920,-14.60379598143024,0.22157257873099961,-16.458808392341382,-12.612620606158936
median_adc,vae_s0,kaon,muon,run_test,source_5_95,1676,-18.858741073938415,0.18420354459084284,-23.13884413055258,-16.24935117149748
median_adc,vae_s0,muon,proton,test,all,3866,-19.10132821224396,-0.1409172197716588,-20.38562996347884,-17.62323737187035
median_adc,vae_s0,muon,proton,test,source_5_95,34,-6.80125062810177,0.2765471576525884,-15.799636859425437,-3.580967180619406
median_adc,vae_s0,muon,proton,run_test,all,2147,-21.596171401529727,-0.13562608622912828,-24.72626881243604,-18.539966993648825
median_adc,vae_s0,muon,kaon,test,all,2470,-2.295536842446504,0.17992022853785067,-2.517540943870901,-2.0826375735806573
median_adc,vae_s0,muon,kaon,test,source_5_95,485,-8.798911152509884,-0.031029491438904738,-10.963811824511277,-7.316136958386294
median_adc,vae_s0,muon,kaon,run_test,all,1772,-2.9980325291219727,0.13736987388539823,-3.2910898621958875,-2.7695629686760848
median_adc,vae_s0,muon,kaon,run_test,source_5_95,338,-13.01708342781445,0.020338949424405114,-17.430179311861522,-9.852623045306853
median_adc,vae_s0,muon,muon,test,all,2931,0.21913625019663296,0.48108625231347374,0.191410679912925,0.2515163082928597
median_adc,vae_s0,muon,muon,test,source_5_95,2646,-0.00013160680663193425,0.3937203882659921,-0.06977797466969038,0.06305144413040478
median_adc,vae_s0,muon,muon,run_test,all,1920,0.17576539364690125,0.4268363740078951,0.1279465833008832,0.21809360585894388
median_adc,vae_s0,muon,muon,run_test,source_5_95,1816,0.02022808662583675,0.367174800768493,-0.030545689231021293,0.08770507649330297
median_adc,vae_s1,proton,proton,test,all,3866,0.29187804946673257,0.5993148316708529,0.2691725121378144,0.3139291115120424
median_adc,vae_s1,proton,proton,test,source_5_95,3465,0.24698408447215936,0.5562947910143994,0.21240788113457246,0.28256644465954217
median_adc,vae_s1,proton,proton,run_test,all,2147,0.2749437152410892,0.5760470663956685,0.23532728483135315,0.31169615626254255
median_adc,vae_s1,proton,proton,run_test,source_5_95,1996,0.2585394467693839,0.5606217038228187,0.20931949938091401,0.3107304560998115
median_adc,vae_s1,proton,kaon,test,all,2470,-0.7658929151063676,0.337311819570383,-0.9000399647805463,-0.6574329346597073
median_adc,vae_s1,proton,kaon,test,source_5_95,1067,-1.4666186837453523,0.17433963273006461,-1.793238473256034,-1.1905334027580663
median_adc,vae_s1,proton,kaon,run_test,all,1772,-0.7652550606108863,0.3321163459400358,-0.8880765188785971,-0.6155871566762956
median_adc,vae_s1,proton,kaon,run_test,source_5_95,766,-1.209890911791681,0.2028843201272656,-1.4836344689828391,-0.9688825293897907
median_adc,vae_s1,proton,muon,test,all,2931,-38.69786991947425,0.2696723681052116,-42.755287840678044,-35.330653103971564
median_adc,vae_s1,proton,muon,run_test,all,1920,-60.33190910431862,0.23765732222910188,-67.95213283911048,-52.40235561600619
median_adc,vae_s1,kaon,proton,test,all,3866,-3.6783001912350137,0.42235646856744763,-4.011726544641501,-3.342247481117088
median_adc,vae_s1,kaon,proton,test,source_5_95,2778,-3.5078644701423807,0.3979121780400683,-3.8775903929076816,-3.1591820365567616
median_adc,vae_s1,kaon,proton,run_test,all,2147,-4.291878495034986,0.40232951586590515,-4.981479750818744,-3.6535910127763014
median_adc,vae_s1,kaon,proton,run_test,source_5_95,1556,-5.771426129041786,0.3272606644271513,-6.763088488381399,-4.901865740049015
median_adc,vae_s1,kaon,kaon,test,all,2470,0.10255745958980589,0.34984383184787377,0.08336363864758307,0.11710005935245499
median_adc,vae_s1,kaon,kaon,test,source_5_95,2196,0.04991724700757416,0.2924590408777123,0.01831259806372111,0.07912999461156453
median_adc,vae_s1,kaon,kaon,run_test,all,1772,0.07682414648478986,0.31340372720084136,0.057294698682109936,0.09902261056289711
median_adc,vae_s1,kaon,kaon,run_test,source_5_95,1619,0.06158559948244968,0.29235885278535556,0.031044235895048903,0.09359449237445841
median_adc,vae_s1,kaon,muon,test,all,2931,-10.437442710087227,0.2831904587195424,-11.532173815445711,-9.572752735174422
median_adc,vae_s1,kaon,muon,test,source_5_95,2506,-23.03832299468403,0.25360095386579695,-25.66907129789809,-20.497897778091524
median_adc,vae_s1,kaon,muon,run_test,all,1920,-16.16892908194736,0.23569455888968277,-18.24231269596337,-13.993889739023018
median_adc,vae_s1,kaon,muon,run_test,source_5_95,1676,-21.033451119105994,0.1954489020504534,-25.685849698037945,-18.168097479671534
median_adc,vae_s1,muon,proton,test,all,3866,-15.880602014529835,-0.028191283866087092,-17.036773142008492,-14.630442521893995
median_adc,vae_s1,muon,proton,test,source_5_95,34,-4.148612330782806,0.41056973209909153,-10.259162344574907,-1.8391720021542493
median_adc,vae_s1,muon,proton,run_test,all,2147,-18.02816296356827,-0.020406360488683734,-20.6813893049148,-15.379351682734216
median_adc,vae_s1,muon,kaon,test,all,2470,-2.1373883913322205,0.20993903886503398,-2.3566980125947836,-1.9169710236893527
median_adc,vae_s1,muon,kaon,test,source_5_95,485,-8.6542196658352,-0.018695217374915026,-10.811861052963687,-6.914883989682686
median_adc,vae_s1,muon,kaon,run_test,all,1772,-2.8009300379807844,0.15273721930009992,-3.0590631498727254,-2.5940974153662895
median_adc,vae_s1,muon,kaon,run_test,source_5_95,338,-11.489153837384142,0.04870311162042746,-15.574901919447509,-8.296585755220978
median_adc,vae_s1,muon,muon,test,all,2931,0.22495851597198502,0.4543318148825722,0.1923332051859722,0.2608238192374149
median_adc,vae_s1,muon,muon,test,source_5_95,2646,-0.0667703156541759,0.3548573790753688,-0.12467634065995385,-0.009355582683007931
median_adc,vae_s1,muon,muon,run_test,all,1920,0.19987580748078926,0.44397993207825853,0.14146481449681564,0.2517508291191119
median_adc,vae_s1,muon,muon,run_test,source_5_95,1816,-0.024047461523223346,0.38002756862231607,-0.09682509402956958,0.05662309709637354
median_adc,vae_s2,proton,proton,test,all,3866,0.286420058141587,0.5845268310089288,0.26512301832297935,0.31028235277371363
median_adc,vae_s2,proton,proton,test,source_5_95,3465,0.22174602901017848,0.5361823667097664,0.18545293298850218,0.25818098271603707
median_adc,vae_s2,proton,proton,run_test,all,2147,0.24712560908960446,0.5475431012976945,0.20048835563794953,0.2847617381098217
median_adc,vae_s2,proton,proton,run_test,source_5_95,1996,0.20435535894802992,0.5276501157185356,0.15941606159566896,0.2567004761651782
median_adc,vae_s2,proton,kaon,test,all,2470,-1.0446964219674366,0.30733663279963985,-1.196258009771604,-0.9163260968304008
median_adc,vae_s2,proton,kaon,test,source_5_95,1067,-2.4423007089455457,0.07580731812650579,-2.8775322082570107,-2.0393908549012307
median_adc,vae_s2,proton,kaon,run_test,all,1772,-1.0834445970598008,0.31428033362385793,-1.2580950271039038,-0.9108675676182633
median_adc,vae_s2,proton,kaon,run_test,source_5_95,766,-2.0876139434176477,0.11057261081444042,-2.480203574336852,-1.6804725725263303
median_adc,vae_s2,proton,muon,test,all,2931,-42.12182443933879,0.20629275761993449,-46.37481803601791,-38.29715650574819
median_adc,vae_s2,proton,muon,run_test,all,1920,-65.31809226875856,0.1848639497300089,-73.34483286499012,-56.935213090111446
median_adc,vae_s2,kaon,proton,test,all,3866,-3.689864028569053,0.32959907269854866,-4.022725688987456,-3.3501557421629444
median_adc,vae_s2,kaon,proton,test,source_5_95,2778,-3.4620665262972423,0.35722066396651875,-3.8314466206881272,-3.1261065798013354
median_adc,vae_s2,kaon,proton,run_test,all,2147,-4.31418666704551,0.3174935602162722,-5.019924995811241,-3.6369975155930248
median_adc,vae_s2,kaon,proton,run_test,source_5_95,1556,-5.671866290946505,0.33755979981891904,-6.67072825689158,-4.778108902543425
median_adc,vae_s2,kaon,kaon,test,all,2470,0.11198973851373872,0.3579386162767355,0.0914327491521754,0.12784777974316477
median_adc,vae_s2,kaon,kaon,test,source_5_95,2196,0.059877352348825075,0.3008829859172382,0.026309152993207685,0.0920725719865053
median_adc,vae_s2,kaon,kaon,run_test,all,1772,0.08877538223007997,0.335353432460757,0.06463611677438705,0.11166657411169412
median_adc,vae_s2,kaon,kaon,run_test,source_5_95,1619,0.07925543656281231,0.3201196320746939,0.04451600231749168,0.11755791214332793
median_adc,vae_s2,kaon,muon,test,all,2931,-10.113021054550597,0.32215267417014093,-11.206195458833774,-9.268554194607368
median_adc,vae_s2,kaon,muon,test,source_5_95,2506,-22.41435282333574,0.28189306338911946,-25.031716544734586,-20.06082958410983
median_adc,vae_s2,kaon,muon,run_test,all,1920,-15.595276256692436,0.2560518040991376,-17.612911462384467,-13.444034448035682
median_adc,vae_s2,kaon,muon,run_test,source_5_95,1676,-20.311043951824008,0.21373807355930705,-24.870667510401766,-17.56024161676817
median_adc,vae_s2,muon,proton,test,all,3866,-17.315663857688996,-0.12171980818156419,-18.553292165566745,-15.961853379737878
median_adc,vae_s2,muon,proton,test,source_5_95,34,-3.4545731952494245,0.15133575592056125,-9.852713484038937,-1.5009872267664681
median_adc,vae_s2,muon,proton,run_test,all,2147,-19.745640481056284,-0.12845011057902198,-22.584817610277675,-17.09880056229936
median_adc,vae_s2,muon,kaon,test,all,2470,-1.42366781087336,0.19164827667064585,-1.5730158471406233,-1.2810108798619828
median_adc,vae_s2,muon,kaon,test,source_5_95,485,-1.85861016936779,0.0691293611877021,-2.4405334153726943,-1.4669760702934975
median_adc,vae_s2,muon,kaon,run_test,all,1772,-1.883661901146358,0.13137193917469628,-2.0479859387556347,-1.7263829546423268
median_adc,vae_s2,muon,kaon,run_test,source_5_95,338,-3.0522329978776863,0.18818761270355036,-4.354546123323052,-2.1061577484773597
median_adc,vae_s2,muon,muon,test,all,2931,0.15061417631566176,0.41569614151881074,0.12975738093300418,0.17346830960103388
median_adc,vae_s2,muon,muon,test,source_5_95,2646,0.008928578141344734,0.3382727749125343,-0.03369620125251738,0.04314358958394876
median_adc,vae_s2,muon,muon,run_test,all,1920,0.1499425053580804,0.38172182268963434,0.11127518690652263,0.1878257199235367
median_adc,vae_s2,muon,muon,run_test,source_5_95,1816,0.009891849912183837,0.3134333168509069,-0.03635444672433322,0.056991783989388284
median_adc,ae_s0,proton,proton,test,all,3866,0.2835759739422513,0.5730553042062527,0.2631906674334751,0.30639033852737113
median_adc,ae_s0,proton,proton,test,source_5_95,3465,0.18452165589180158,0.5137100735398721,0.14658369350047556,0.22039973402224847
median_adc,ae_s0,proton,proton,run_test,all,2147,0.2364856944609789,0.5320618907654295,0.18885439812826507,0.27763141106108835
median_adc,ae_s0,proton,proton,run_test,source_5_95,1996,0.1800854632394524,0.5152883094430897,0.13988624382457665,0.2247433241312029
median_adc,ae_s0,proton,kaon,test,all,2470,-1.26817660193093,0.27527000383838046,-1.442039984429037,-1.1340311619627892
median_adc,ae_s0,proton,kaon,test,source_5_95,1067,-3.4054838751587004,0.04437063494784069,-4.00407190719809,-2.8983285993840786
median_adc,ae_s0,proton,kaon,run_test,all,1772,-1.3339789758654494,0.28614018487665455,-1.5131959767724001,-1.1344716885578083
median_adc,ae_s0,proton,kaon,run_test,source_5_95,766,-2.897751476348285,0.07976776984639665,-3.4545821350116106,-2.3873632469968533
median_adc,ae_s0,proton,muon,test,all,2931,-38.327038637231276,0.24256812824822163,-42.306587856738304,-34.87957528337043
median_adc,ae_s0,proton,muon,run_test,all,1920,-59.92100018276017,0.2198685648035937,-67.31148978535289,-52.300830995130916
median_adc,ae_s0,kaon,proton,test,all,3866,-3.8365126179444555,0.48232085150550774,-4.180896529251769,-3.491621727506579
median_adc,ae_s0,kaon,proton,test,source_5_95,2778,-3.725703308685029,0.41879576452140826,-4.107335915697792,-3.3596511983417776
median_adc,ae_s0,kaon,proton,run_test,all,2147,-4.473046213475581,0.4505139036754995,-5.187135583642427,-3.8149347732137144
median_adc,ae_s0,kaon,proton,run_test,source_5_95,1556,-6.064418775183878,0.37499898888291594,-7.066188608449038,-5.147649225808333
median_adc,ae_s0,kaon,kaon,test,all,2470,0.0737235829116335,0.3057192523672248,0.054425151724654085,0.0906084465997157
median_adc,ae_s0,kaon,kaon,test,source_5_95,2196,0.022234086366680117,0.24829070464223713,-0.0061474843685466575,0.049032190771434656
median_adc,ae_s0,kaon,kaon,run_test,all,1772,0.06476362588476758,0.306895141183961,0.04649244235944143,0.08484532217525655
median_adc,ae_s0,kaon,kaon,run_test,source_5_95,1619,0.053554504614050535,0.27672810750468607,0.0199098848847293,0.08241977611887873
median_adc,ae_s0,kaon,muon,test,all,2931,-9.755854204637401,0.3135620303323405,-10.786035150015675,-8.933914119928165
median_adc,ae_s0,kaon,muon,test,source_5_95,2506,-21.285427572022016,0.28834461590010735,-23.731263712821477,-18.93932515309549
median_adc,ae_s0,kaon,muon,run_test,all,1920,-15.139543907121379,0.26799659063500675,-17.076630400988293,-13.08042864546439
median_adc,ae_s0,kaon,muon,run_test,source_5_95,1676,-19.57987042483444,0.23332094752162616,-24.033246839126353,-16.877388567614346
median_adc,ae_s0,muon,proton,test,all,3866,-18.78708293396794,-0.12309565628169475,-20.08612556147926,-17.33029512393817
median_adc,ae_s0,muon,proton,test,source_5_95,34,-5.714279342361372,0.2181151701776424,-14.530738269477157,-2.5852081046624815
median_adc,ae_s0,muon,proton,run_test,all,2147,-21.320646566521916,-0.1306626186576299,-24.41489233106703,-18.363661856714124
median_adc,ae_s0,muon,kaon,test,all,2470,-1.8618005769279184,0.16876424571888743,-2.046636619114363,-1.6773997758014507
median_adc,ae_s0,muon,kaon,test,source_5_95,485,-5.1661847683556195,0.01586798478934604,-6.311676790235484,-4.192877788145605
median_adc,ae_s0,muon,kaon,run_test,all,1772,-2.4522217622640574,0.11504234388436115,-2.6718869838050066,-2.265267062192191
median_adc,ae_s0,muon,kaon,run_test,source_5_95,338,-7.677485522854628,0.10022699110845391,-10.463022262384067,-5.753484477397638
median_adc,ae_s0,muon,muon,test,all,2931,0.17772268648775147,0.47089732786144917,0.15405147910694048,0.20595379253275878
median_adc,ae_s0,muon,muon,test,source_5_95,2646,-0.012864418100938968,0.38944278807054555,-0.07572732416549856,0.03946714126626964
median_adc,ae_s0,muon,muon,run_test,all,1920,0.1709674713629168,0.4425200650897791,0.12375447766659138,0.21399928165392063
median_adc,ae_s0,muon,muon,run_test,source_5_95,1816,0.02406499146651997,0.3829680198368313,-0.03050252662150958,0.07787863054421888
median_adc,endpoint_pca,proton,proton,test,all,3866,0.604559911561823,0.700059958144059,0.5801956729584801,0.6371165534807522
median_adc,endpoint_pca,proton,proton,test,source_5_95,3465,0.33229045441265925,0.6111947023757581,0.29038249211610584,0.3760922199078474
median_adc,endpoint_pca,proton,proton,run_test,all,2147,0.4939469895898315,0.6751459164917057,0.4042821764154159,0.5766406061880779
median_adc,endpoint_pca,proton,proton,run_test,source_5_95,1996,0.2712774344679032,0.6332480659683165,0.13762648074581832,0.3702703692004464
median_adc,endpoint_pca,proton,kaon,test,all,2470,-0.7966805172900593,0.6549772113331274,-0.9724824842425632,-0.6282350157939075
median_adc,endpoint_pca,proton,kaon,test,source_5_95,1067,-6.738760847769578,0.15266209563177155,-7.8259311817446315,-5.765002789903742
median_adc,endpoint_pca,proton,kaon,run_test,all,1772,-1.1004469112331678,0.6358013681572974,-1.3329327015967325,-0.8776344046855761
median_adc,endpoint_pca,proton,kaon,run_test,source_5_95,766,-6.780573210926652,0.21115397423797147,-8.05201264711666,-5.519939363625022
median_adc,endpoint_pca,proton,muon,test,all,2931,-9.023726394174648,0.44845854942692287,-10.219889417382175,-8.125329241246808
median_adc,endpoint_pca,proton,muon,run_test,all,1920,-15.44180270993396,0.3826457252332178,-17.311513643931722,-13.298125683711282
median_adc,endpoint_pca,kaon,proton,test,all,3866,-0.173194251060236,0.5631920486455158,-0.24900039849625868,-0.0803130463497105
median_adc,endpoint_pca,kaon,proton,test,source_5_95,2778,-0.07195852080733478,0.5151604242763752,-0.17107198610928626,0.019591040682243297
median_adc,endpoint_pca,kaon,proton,run_test,all,2147,-0.3260838804081849,0.5386484207907987,-0.4945724779034822,-0.1792651956208793
median_adc,endpoint_pca,kaon,proton,run_test,source_5_95,1556,-0.6153049268017747,0.4473803024384559,-0.8691395393959492,-0.4067783330612793
median_adc,endpoint_pca,kaon,kaon,test,all,2470,0.61661134470314,0.8107007695036774,0.5842366550980694,0.6480036660934226
median_adc,endpoint_pca,kaon,kaon,test,source_5_95,2196,0.5449367487661687,0.7687649352252789,0.510742233931948,0.5788004262072736
median_adc,endpoint_pca,kaon,kaon,run_test,all,1772,0.544910254865145,0.7777508470148937,0.5113889203989604,0.5831004325764743
median_adc,endpoint_pca,kaon,kaon,run_test,source_5_95,1619,0.49498548351254257,0.7465603763662797,0.45053942397616553,0.5381612089843284
median_adc,endpoint_pca,kaon,muon,test,all,2931,-0.5865375980219456,0.46401045741763985,-0.765050804749177,-0.43715275290612954
median_adc,endpoint_pca,kaon,muon,test,source_5_95,2506,-2.7025674813776335,0.3288695037955595,-3.1728542174587924,-2.3108362200312285
median_adc,endpoint_pca,kaon,muon,run_test,all,1920,-1.560013896226348,0.45892685478030515,-1.8997853125046282,-1.2408870107889074
median_adc,endpoint_pca,kaon,muon,run_test,source_5_95,1676,-2.4538465890330055,0.39992561328982756,-3.1598475008407214,-1.9686829459202018
median_adc,endpoint_pca,muon,proton,test,all,3866,-8.606710365983238,0.009160547993474794,-9.228489430451505,-7.90342730516322
median_adc,endpoint_pca,muon,proton,test,source_5_95,34,-4.604934222816152,0.1756051263797319,-15.26860135895619,-1.496293150629675
median_adc,endpoint_pca,muon,proton,run_test,all,2147,-10.018213275765296,-0.04819626378670877,-11.489265049213271,-8.68127126995409
median_adc,endpoint_pca,muon,kaon,test,all,2470,-0.21395094547471927,0.6630388950997035,-0.2968100924948241,-0.14243448920359397
median_adc,endpoint_pca,muon,kaon,test,source_5_95,485,-2.028125939068917,0.25065073504225693,-2.6837881169109354,-1.5810749119004401
median_adc,endpoint_pca,muon,kaon,run_test,all,1772,-0.5149875691558838,0.5975403816381838,-0.5923907440096263,-0.4300588474645037
median_adc,endpoint_pca,muon,kaon,run_test,source_5_95,338,-2.5232390201768107,0.2914203067487326,-3.5548438163008615,-1.6378170895127477
median_adc,endpoint_pca,muon,muon,test,all,2931,0.39676700601839754,0.5515841427095096,0.3582838105587001,0.4317416407583851
median_adc,endpoint_pca,muon,muon,test,source_5_95,2646,0.04988816764805859,0.4439605579537307,-0.009747186338078062,0.10991404761293552
median_adc,endpoint_pca,muon,muon,run_test,all,1920,0.3068877992110144,0.5240112764902956,0.2457750867778611,0.36379422782489507
median_adc,endpoint_pca,muon,muon,run_test,source_5_95,1816,0.05477098375747669,0.4668688354163576,-0.0072046695632103355,0.13253753525371698
solidity,vae_s0,proton,proton,test,all,3866,0.39137182315319374,0.6236193563860374,0.36765359782145907,0.415280590129024
solidity,vae_s0,proton,proton,test,source_5_95,3490,0.2020407314264535,0.5450628346757157,0.16522309769387233,0.23767377929561143
solidity,vae_s0,proton,proton,run_test,all,2147,0.36865856953130716,0.6059326226163301,0.3327393582373546,0.39819019244902426
solidity,vae_s0,proton,proton,run_test,source_5_95,1936,0.21561846639152527,0.5442144076498419,0.16811846330481253,0.2688690529005874
solidity,vae_s0,proton,kaon,test,all,2470,0.01860430421656112,0.752694245611007,-0.04072441002038888,0.07125144341831285
solidity,vae_s0,proton,kaon,test,source_5_95,914,0.005108560780363924,0.3991398547356024,-0.07749434374047032,0.08570103774182275
solidity,vae_s0,proton,kaon,run_test,all,1772,-0.020110881981497908,0.7521198050453997,-0.0951506893138834,0.048256253419420705
solidity,vae_s0,proton,kaon,run_test,source_5_95,608,0.027724259735225742,0.4378272094768535,-0.06355693264484716,0.12197511157889752
solidity,vae_s0,proton,muon,test,all,2931,-4.442299027136737,0.5174214005075639,-4.7064229304617395,-4.150480119543012
solidity,vae_s0,proton,muon,test,source_5_95,550,-6.476385705281461,0.19123389438702879,-7.818556899216679,-5.385947780592129
solidity,vae_s0,proton,muon,run_test,all,1920,-4.031721995351624,0.5546297246988185,-4.388668792345388,-3.7383366628754104
solidity,vae_s0,proton,muon,run_test,source_5_95,388,-5.982078139206725,0.3108729902906119,-7.637201766510604,-4.729600781292173
solidity,vae_s0,kaon,proton,test,all,3866,-0.6037190930198293,0.5955154957791031,-0.70282894296697,-0.4930884510117643
solidity,vae_s0,kaon,proton,test,source_5_95,2790,-0.5543500772109846,0.48473453691246965,-0.7145621300668357,-0.42139346427381236
solidity,vae_s0,kaon,proton,run_test,all,2147,-0.613923220732081,0.5804272383762236,-0.7723254165690748,-0.4787266745945651
solidity,vae_s0,kaon,proton,run_test,source_5_95,1528,-0.5868393448334301,0.46440383997243584,-0.7988424439784721,-0.35655252647065383
solidity,vae_s0,kaon,kaon,test,all,2470,0.5578701860053135,0.7655859618836408,0.5357947984413497,0.5784091493375311
solidity,vae_s0,kaon,kaon,test,source_5_95,2249,0.5101312134016052,0.7292564631939374,0.48041843692793823,0.5348012964845157
solidity,vae_s0,kaon,kaon,run_test,all,1772,0.5595776937543235,0.7560727876315353,0.5332802129594376,0.5874177741069263
solidity,vae_s0,kaon,kaon,run_test,source_5_95,1611,0.47978221910591057,0.7043338966337186,0.44568043842682,0.5188761203453044
solidity,vae_s0,kaon,muon,test,all,2931,-0.6290484729057628,0.5183047723792414,-0.7216418238066712,-0.5332781594432195
solidity,vae_s0,kaon,muon,test,source_5_95,2931,-0.6290484729057628,0.5183047723792414,-0.7216418238066712,-0.5332781594432195
solidity,vae_s0,kaon,muon,run_test,all,1920,-0.47128386813203904,0.5555190698972086,-0.5836110274689417,-0.3671051280184328
solidity,vae_s0,kaon,muon,run_test,source_5_95,1920,-0.47128386813203904,0.5555190698972086,-0.5836110274689417,-0.3671051280184328
solidity,vae_s0,muon,proton,test,all,3866,-5.437183901686922,0.4311197383871801,-5.8517402319064855,-5.002263230178057
solidity,vae_s0,muon,proton,test,source_5_95,475,-1.8081840162020617,0.42753559251815326,-2.5263930869626816,-1.4317860547200827
solidity,vae_s0,muon,proton,run_test,all,2147,-5.426715183365023,0.43778985947124893,-6.113848755550241,-4.940286998624803
solidity,vae_s0,muon,proton,run_test,source_5_95,251,-1.4669775343615696,0.41983380762663625,-2.129948283325521,-0.960082038044314
solidity,vae_s0,muon,kaon,test,all,2470,0.2367126956547082,0.7059709047948953,0.20476974904591733,0.27143464892502595
solidity,vae_s0,muon,kaon,test,source_5_95,1228,-0.47987798274565363,0.47171770728690054,-0.5978361917674789,-0.3719167134937456
solidity,vae_s0,muon,kaon,run_test,all,1772,0.2433320612452552,0.6840784049075264,0.20544091094180547,0.27721021039805854
solidity,vae_s0,muon,kaon,run_test,source_5_95,901,-0.49933042941563466,0.43253641966345996,-0.6444690159434118,-0.3478461004689233
solidity,vae_s0,muon,muon,test,all,2931,0.2929898779996921,0.5357161178113989,0.26317029402416153,0.32581605991155266
solidity,vae_s0,muon,muon,test,source_5_95,2640,0.17357040021099712,0.47289493700897783,0.13449784463383624,0.21842458179813096
solidity,vae_s0,muon,muon,run_test,all,1920,0.3435998850251415,0.5800332417896162,0.309417010374792,0.3771788386175476
solidity,vae_s0,muon,muon,run_test,source_5_95,1720,0.24384614277758987,0.5120289048231831,0.19003734427829327,0.2966078996128218
solidity,vae_s1,proton,proton,test,all,3866,0.4744760397146067,0.6579658311917821,0.44365152415050246,0.5037474891748916
solidity,vae_s1,proton,proton,test,source_5_95,3490,0.22432566739202597,0.5818727200953764,0.18204294702294313,0.26838940567332104
solidity,vae_s1,proton,proton,run_test,all,2147,0.42683042461306875,0.6305497363992026,0.37970094073828314,0.46779172100925664
solidity,vae_s1,proton,proton,run_test,source_5_95,1936,0.20131821842041853,0.5727834488455535,0.13701164359594525,0.2634349042724167
solidity,vae_s1,proton,kaon,test,all,2470,0.14492119092597888,0.7263800932760748,0.09762351096259994,0.1932215752557846
solidity,vae_s1,proton,kaon,test,source_5_95,914,-0.2380082033601738,0.3578944855508655,-0.3707386242627467,-0.11591754690276423
solidity,vae_s1,proton,kaon,run_test,all,1772,0.11667370932085974,0.7207484866909557,0.04177460669317572,0.19367785752828628
solidity,vae_s1,proton,kaon,run_test,source_5_95,608,-0.2300908082900721,0.432398954552774,-0.3872677543112801,-0.07381480958376689
solidity,vae_s1,proton,muon,test,all,2931,-5.669395723677619,0.5357173009797057,-6.005721428596781,-5.295473809485091
solidity,vae_s1,proton,muon,test,source_5_95,550,-10.608341614707488,0.17065058967888397,-12.859030370087215,-8.941042454915683
solidity,vae_s1,proton,muon,run_test,all,1920,-5.104229526419334,0.5671773660420371,-5.523317637640324,-4.747542374219468
solidity,vae_s1,proton,muon,run_test,source_5_95,388,-9.85222424971442,0.30160674030114076,-12.280882654143655,-7.9708575186808535
solidity,vae_s1,kaon,proton,test,all,3866,-0.3918268385386956,0.600921267636481,-0.4757654531341849,-0.29980326600885415
solidity,vae_s1,kaon,proton,test,source_5_95,2790,-0.33405346975547756,0.5301128958128785,-0.4700573292182245,-0.218070882070325
solidity,vae_s1,kaon,proton,run_test,all,2147,-0.469518379409128,0.5672772712739284,-0.6122934879909184,-0.3510537578602764
solidity,vae_s1,kaon,proton,run_test,source_5_95,1528,-0.4112593896629899,0.5026050359786229,-0.5926033518795825,-0.21801994447048353
solidity,vae_s1,kaon,kaon,test,all,2470,0.5678534579452568,0.7794530139734016,0.5459065887825401,0.5900880502866751
solidity,vae_s1,kaon,kaon,test,source_5_95,2249,0.5252877543750464,0.7498612254582797,0.4955696799680104,0.5498625405114252
solidity,vae_s1,kaon,kaon,run_test,all,1772,0.5623651699598117,0.7708459779450043,0.5339065912853862,0.5910461687064199
solidity,vae_s1,kaon,kaon,run_test,source_5_95,1611,0.4863758994733086,0.7268974370167693,0.4471952792980376,0.524101343988715
solidity,vae_s1,kaon,muon,test,all,2931,-0.4973988618006058,0.5219609071638577,-0.5910383676042164,-0.41069694201653933
solidity,vae_s1,kaon,muon,test,source_5_95,2931,-0.4973988618006058,0.5219609071638577,-0.5910383676042164,-0.41069694201653933
solidity,vae_s1,kaon,muon,run_test,all,1920,-0.37049483686393647,0.5473434968936417,-0.47024307472785465,-0.2879447427024613
solidity,vae_s1,kaon,muon,run_test,source_5_95,1920,-0.37049483686393647,0.5473434968936417,-0.47024307472785465,-0.2879447427024613
solidity,vae_s1,muon,proton,test,all,3866,-5.222036996178943,0.49940128325254063,-5.602927723190398,-4.816132318554267
solidity,vae_s1,muon,proton,test,source_5_95,475,-2.3954537766145974,0.5597618394459716,-3.1736778580994205,-1.9477786308667822
solidity,vae_s1,muon,proton,run_test,all,2147,-5.261760101917865,0.481337719858227,-5.899600693727889,-4.798622944741287
solidity,vae_s1,muon,proton,run_test,source_5_95,251,-1.9426940994052408,0.49461809903244164,-2.7048481055390687,-1.356953015956116
solidity,vae_s1,muon,kaon,test,all,2470,0.1879391188462225,0.7224390790813728,0.15472583917220226,0.22511062643032212
solidity,vae_s1,muon,kaon,test,source_5_95,1228,-0.8239564796430812,0.5186578268241435,-0.9783372366500811,-0.6849648104360807
solidity,vae_s1,muon,kaon,run_test,all,1772,0.18441041673477865,0.7074264256649161,0.13014074412673582,0.22986507036698864
solidity,vae_s1,muon,kaon,run_test,source_5_95,901,-0.9149667801915025,0.4477482111114118,-1.1317359767144504,-0.7157772039281632
solidity,vae_s1,muon,muon,test,all,2931,0.31717850501191636,0.5370197535909841,0.28775298290593065,0.34774238517955414
solidity,vae_s1,muon,muon,test,source_5_95,2640,0.19194557240975074,0.4696260030151249,0.1583556394708843,0.23086787118755556
solidity,vae_s1,muon,muon,run_test,all,1920,0.3554816542843481,0.5724495028888625,0.3206425857801695,0.3903952713427672
solidity,vae_s1,muon,muon,run_test,source_5_95,1720,0.25157150127989947,0.5016589370380462,0.20367007954774066,0.28990958201082795
solidity,vae_s2,proton,proton,test,all,3866,0.40271067070400834,0.6175483924050743,0.3726488775761677,0.43319343053290704
solidity,vae_s2,proton,proton,test,source_5_95,3490,0.19883642477535668,0.5420859603416502,0.1602449278917,0.23725193655953494
solidity,vae_s2,proton,proton,run_test,all,2147,0.38358391342361986,0.5943427647602045,0.3407129283240726,0.41792330509033965
solidity,vae_s2,proton,proton,run_test,source_5_95,1936,0.2033255693762036,0.5322662602951607,0.15546440890680435,0.2565782613503549
solidity,vae_s2,proton,kaon,test,all,2470,-0.17033937944293243,0.6842581244016591,-0.23432582834484814,-0.10165188953819052
solidity,vae_s2,proton,kaon,test,source_5_95,914,-0.05048033052096357,0.35540613319088626,-0.13491055805389346,0.04174709625381001
solidity,vae_s2,proton,kaon,run_test,all,1772,-0.22434278569333377,0.6847056818151355,-0.3169879891683523,-0.1374269956826356
solidity,vae_s2,proton,kaon,run_test,source_5_95,608,0.034170725530464185,0.4595470632782603,-0.07830222180401074,0.13627115126518488
solidity,vae_s2,proton,muon,test,all,2931,-4.415024198793272,0.5387686894036069,-4.698544902722464,-4.116624680663713
solidity,vae_s2,proton,muon,test,source_5_95,550,-6.28988822575704,0.1599929676702162,-7.70724785215974,-5.24672726019926
solidity,vae_s2,proton,muon,run_test,all,1920,-3.949731017728359,0.5728915060469579,-4.300352461763491,-3.647896291378858
solidity,vae_s2,proton,muon,run_test,source_5_95,388,-5.754569862114532,0.2737740924245982,-7.328947406703439,-4.474575808814003
solidity,vae_s2,kaon,proton,test,all,3866,-0.6352638004352058,0.5680361874520101,-0.7389511964481382,-0.5273747765194391
solidity,vae_s2,kaon,proton,test,source_5_95,2790,-0.6357400066531638,0.44962440671345316,-0.7935293884815867,-0.49694558882491235
solidity,vae_s2,kaon,proton,run_test,all,2147,-0.6737202129690782,0.5483774468693886,-0.8374947041645295,-0.5338277696339282
solidity,vae_s2,kaon,proton,run_test,source_5_95,1528,-0.6667068859257277,0.4432470658819405,-0.8836164216076294,-0.43034170318085724
solidity,vae_s2,kaon,kaon,test,all,2470,0.5470530931531576,0.7660698934836153,0.5227543520236112,0.5669079389390551
solidity,vae_s2,kaon,kaon,test,source_5_95,2249,0.5052687469121222,0.7329709977158614,0.4757498633279621,0.5285193514415332
solidity,vae_s2,kaon,kaon,run_test,all,1772,0.5565446872544924,0.7651415754490983,0.5314372280418574,0.5828385940139247
solidity,vae_s2,kaon,kaon,run_test,source_5_95,1611,0.4846945070006877,0.717408450236927,0.45105032261072736,0.5189057287643897
solidity,vae_s2,kaon,muon,test,all,2931,-0.6115911245247967,0.5077663785487794,-0.718173784240698,-0.5168136658164035
solidity,vae_s2,kaon,muon,test,source_5_95,2931,-0.6115911245247967,0.5077663785487794,-0.718173784240698,-0.5168136658164035
solidity,vae_s2,kaon,muon,run_test,all,1920,-0.468329627456195,0.5335951646172864,-0.579752567156669,-0.366740857468209
solidity,vae_s2,kaon,muon,run_test,source_5_95,1920,-0.468329627456195,0.5335951646172864,-0.579752567156669,-0.366740857468209
solidity,vae_s2,muon,proton,test,all,3866,-5.375172683818682,0.4180491778518764,-5.792357654060817,-4.946094674277642
solidity,vae_s2,muon,proton,test,source_5_95,475,-2.1734890133043536,0.49907758973009597,-2.962986411399303,-1.759680886753603
solidity,vae_s2,muon,proton,run_test,all,2147,-5.390212366126484,0.42760441686835066,-6.064884671301325,-4.881714755449122
solidity,vae_s2,muon,proton,run_test,source_5_95,251,-1.9731845049427394,0.4217408461392525,-2.7187191650046985,-1.3260861028571336
solidity,vae_s2,muon,kaon,test,all,2470,0.23180890035792978,0.6602947645614476,0.20059633070175695,0.26170009579114545
solidity,vae_s2,muon,kaon,test,source_5_95,1228,-0.5103930597372859,0.46497523243189,-0.6382499113886823,-0.39043628937448843
solidity,vae_s2,muon,kaon,run_test,all,1772,0.24457791795051387,0.6448527320857538,0.20643080746554077,0.27553444714875436
solidity,vae_s2,muon,kaon,run_test,source_5_95,901,-0.513381424754292,0.4089069466216808,-0.666164546670831,-0.381189111923367
solidity,vae_s2,muon,muon,test,all,2931,0.32113415600054496,0.5448999601881173,0.2936807070259762,0.35270757397968305
solidity,vae_s2,muon,muon,test,source_5_95,2640,0.19813633194796643,0.4792020420008773,0.15984314607213598,0.23825973261902184
solidity,vae_s2,muon,muon,run_test,all,1920,0.3586167970124541,0.5831054099135768,0.3234997730978745,0.39341100520499356
solidity,vae_s2,muon,muon,run_test,source_5_95,1720,0.2551221725638695,0.5156871287633994,0.20559984189850003,0.30547893763046785
solidity,ae_s0,proton,proton,test,all,3866,0.4414139916654436,0.6354424599831512,0.41529028251350364,0.46605426460610777
solidity,ae_s0,proton,proton,test,source_5_95,3490,0.2108735341125525,0.5561229926845549,0.1702009396238596,0.24843335660654609
solidity,ae_s0,proton,proton,run_test,all,2147,0.4001279787678932,0.6051901962826067,0.3632256030634605,0.43400111525852464
solidity,ae_s0,proton,proton,run_test,source_5_95,1936,0.18873382820329132,0.5376537051638983,0.13347960527057667,0.2453396973929125
solidity,ae_s0,proton,kaon,test,all,2470,0.1823907214496715,0.7613018039947621,0.1387625896648411,0.22633668046771885
solidity,ae_s0,proton,kaon,test,source_5_95,914,-0.08764776531956442,0.3839644603084268,-0.2031442307167098,0.022849675102322747
solidity,ae_s0,proton,kaon,run_test,all,1772,0.1584354782318328,0.765791754380025,0.09772600582692337,0.22289544317569152
solidity,ae_s0,proton,kaon,run_test,source_5_95,608,-0.12336604559505404,0.4188064534454354,-0.26445912526964377,-0.015094868702774725
solidity,ae_s0,proton,muon,test,all,2931,-4.585120853862927,0.5338793383934874,-4.862571158097771,-4.27827029247862
solidity,ae_s0,proton,muon,test,source_5_95,550,-6.884191407922316,0.16752109473539958,-8.425843058759652,-5.73830991305521
solidity,ae_s0,proton,muon,run_test,all,1920,-4.128024687923586,0.5663153233032744,-4.481200454161482,-3.831613800517676
solidity,ae_s0,proton,muon,run_test,source_5_95,388,-6.427469629887754,0.2826715887801414,-8.159114785090306,-5.081235756791435
solidity,ae_s0,kaon,proton,test,all,3866,-0.4619526678567414,0.5961197983792116,-0.5581535227433495,-0.3590614941512217
solidity,ae_s0,kaon,proton,test,source_5_95,2790,-0.43223171747197386,0.48699035347777886,-0.5816701570413688,-0.3131720853229138
solidity,ae_s0,kaon,proton,run_test,all,2147,-0.4941310924956286,0.5720730642231213,-0.6470249402882923,-0.3627452069587396
solidity,ae_s0,kaon,proton,run_test,source_5_95,1528,-0.4860157620008285,0.45618676187268486,-0.6760211011865573,-0.26422589240795985
solidity,ae_s0,kaon,kaon,test,all,2470,0.5856476599482988,0.7921164535758739,0.5643808528703134,0.6054081198209496
solidity,ae_s0,kaon,kaon,test,source_5_95,2249,0.5483623226560373,0.7640905747919309,0.5183257155995281,0.5719973521449492
solidity,ae_s0,kaon,kaon,run_test,all,1772,0.5945670963269717,0.7913044056257127,0.5692242509238896,0.6210905141833792
solidity,ae_s0,kaon,kaon,run_test,source_5_95,1611,0.5229829487016464,0.7472974947514034,0.4886526681168633,0.558510137279666
solidity,ae_s0,kaon,muon,test,all,2931,-0.7713092771087875,0.526552753380077,-0.8762746609187801,-0.6755057184782786
solidity,ae_s0,kaon,muon,test,source_5_95,2931,-0.7713092771087875,0.526552753380077,-0.8762746609187801,-0.6755057184782786
solidity,ae_s0,kaon,muon,run_test,all,1920,-0.6069406810235858,0.5506731399666719,-0.7237923194590556,-0.505151966518983
solidity,ae_s0,kaon,muon,run_test,source_5_95,1920,-0.6069406810235858,0.5506731399666719,-0.7237923194590556,-0.505151966518983
solidity,ae_s0,muon,proton,test,all,3866,-4.752680784205209,0.5160054132224167,-5.110458999344733,-4.369809178299288
solidity,ae_s0,muon,proton,test,source_5_95,475,-1.729895893688437,0.5351544908436394,-2.4778239478706765,-1.3428031578351096
solidity,ae_s0,muon,proton,run_test,all,2147,-4.7546460859153274,0.5135659724490099,-5.322402865355182,-4.305066900548438
solidity,ae_s0,muon,proton,run_test,source_5_95,251,-1.318873420419989,0.4999119711629672,-1.9512212782528304,-0.8461891945556008
solidity,ae_s0,muon,kaon,test,all,2470,0.24473715329021672,0.7680970531462712,0.21255983161627828,0.2844137572923451
solidity,ae_s0,muon,kaon,test,source_5_95,1228,-0.7145387590133965,0.5347907815712272,-0.8630633751985081,-0.5700617311394801
solidity,ae_s0,muon,kaon,run_test,all,1772,0.25699370073945027,0.7566445818826085,0.20569543049568728,0.2966401116332038
solidity,ae_s0,muon,kaon,run_test,source_5_95,901,-0.6648353222522323,0.5167255074225647,-0.8630686078229493,-0.5114720837568467
solidity,ae_s0,muon,muon,test,all,2931,0.31390438705182877,0.5380029367012225,0.28288708589729056,0.3451772344993381
solidity,ae_s0,muon,muon,test,source_5_95,2640,0.19506063751640534,0.47301469046301853,0.16110107852381705,0.23554410910924212
solidity,ae_s0,muon,muon,run_test,all,1920,0.3524266189387816,0.5725656629952426,0.3153733603092725,0.38644480735657066
solidity,ae_s0,muon,muon,run_test,source_5_95,1720,0.25028567033137816,0.5020610833686545,0.19865864537974023,0.29756839096804244
solidity,endpoint_pca,proton,proton,test,all,3866,0.4881467437641098,0.6442600660702829,0.4597464084201349,0.5115114458632001
solidity,endpoint_pca,proton,proton,test,source_5_95,3490,0.25890218081751826,0.5595946290034662,0.22576982571968432,0.29051300232408317
solidity,endpoint_pca,proton,proton,run_test,all,2147,0.5011569587882982,0.6576101656669258,0.45958837586301937,0.5339720024981217
solidity,endpoint_pca,proton,proton,run_test,source_5_95,1936,0.2889751929421118,0.5829046207468868,0.23959382850639965,0.3484621247284645
solidity,endpoint_pca,proton,kaon,test,all,2470,0.3960877165173763,0.815089953089335,0.35892779900038396,0.4331947630572688
solidity,endpoint_pca,proton,kaon,test,source_5_95,914,0.11053771172807969,0.5052437497409064,0.025082759196109125,0.1916142542756307
solidity,endpoint_pca,proton,kaon,run_test,all,1772,0.34906591958195876,0.8009096876039578,0.281608628760992,0.4061291253748297
solidity,endpoint_pca,proton,kaon,run_test,source_5_95,608,0.056290659648235764,0.47245327073862575,-0.05277635164503337,0.1696537551940912
solidity,endpoint_pca,proton,muon,test,all,2931,-5.103649013685814,0.45011653906169397,-5.423072119228743,-4.756978566700453
solidity,endpoint_pca,proton,muon,test,source_5_95,550,-7.461049170224763,0.011466700566102547,-8.945500076966024,-6.209224719942222
solidity,endpoint_pca,proton,muon,run_test,all,1920,-4.555642297608458,0.5194582667765083,-4.924980043776679,-4.226788722399526
solidity,endpoint_pca,proton,muon,run_test,source_5_95,388,-6.930848768047708,0.1024661858094317,-8.69900768595646,-5.734654957450652
solidity,endpoint_pca,kaon,proton,test,all,3866,0.11985792894914016,0.6109130318395836,0.05522113935870064,0.18295452313266108
solidity,endpoint_pca,kaon,proton,test,source_5_95,2790,0.10382673380983098,0.5042097062845552,0.015201051796799057,0.18147618992284853
solidity,endpoint_pca,kaon,proton,run_test,all,2147,0.14154635168292706,0.6250086095006213,0.04918997182450788,0.20815224431063173
solidity,endpoint_pca,kaon,proton,run_test,source_5_95,1528,0.10296573780382212,0.4935656957462506,-0.0036389470265091373,0.2251781590675876
solidity,endpoint_pca,kaon,kaon,test,all,2470,0.7082089532665639,0.8567883062608791,0.689883179806306,0.7246055139645632
solidity,endpoint_pca,kaon,kaon,test,source_5_95,2249,0.6795701299705859,0.8356382936598784,0.6596679228764544,0.6991614830280687
solidity,endpoint_pca,kaon,kaon,run_test,all,1772,0.7013775221283207,0.8494430239359703,0.6776420914553101,0.7217253336866319
solidity,endpoint_pca,kaon,kaon,run_test,source_5_95,1611,0.6548472521942319,0.8229528550330576,0.6256904561789111,0.679367187146885
solidity,endpoint_pca,kaon,muon,test,all,2931,-0.5659426062205988,0.4379075882500745,-0.6673539708996306,-0.47129890662871293
solidity,endpoint_pca,kaon,muon,test,source_5_95,2931,-0.5659426062205988,0.4379075882500745,-0.6673539708996306,-0.47129890662871293
solidity,endpoint_pca,kaon,muon,run_test,all,1920,-0.4059355835615994,0.4949839177808512,-0.49952159934158225,-0.32305104689315756
solidity,endpoint_pca,kaon,muon,run_test,source_5_95,1920,-0.4059355835615994,0.4949839177808512,-0.49952159934158225,-0.32305104689315756
solidity,endpoint_pca,muon,proton,test,all,3866,-0.756244254456228,0.5600620115414413,-0.8775557251667638,-0.6523013087117909
solidity,endpoint_pca,muon,proton,test,source_5_95,475,-0.8674976887040766,0.2984653368342674,-1.3336786232089675,-0.5503105728294391
solidity,endpoint_pca,muon,proton,run_test,all,2147,-0.7665401766495625,0.553924686175529,-0.9442901415746375,-0.6319696068151274
solidity,endpoint_pca,muon,proton,run_test,source_5_95,251,-1.0962727683258335,0.20397875166002655,-1.6916630103301251,-0.6446278920003515
solidity,endpoint_pca,muon,kaon,test,all,2470,0.3084701743746162,0.5987456927738145,0.2670773999988854,0.34740532715116673
solidity,endpoint_pca,muon,kaon,test,source_5_95,1228,-0.8079142879945997,0.3890303686516516,-0.9805215417969788,-0.6506245692917533
solidity,endpoint_pca,muon,kaon,run_test,all,1772,0.26829596564666536,0.5862164439016254,0.19905445510974198,0.33218550305766953
solidity,endpoint_pca,muon,kaon,run_test,source_5_95,901,-0.8281295277742751,0.4288416172225489,-1.057336840430442,-0.6320723833818438
solidity,endpoint_pca,muon,muon,test,all,2931,0.3045497991833448,0.5077015953566627,0.27674009881010203,0.33912603421021165
solidity,endpoint_pca,muon,muon,test,source_5_95,2640,0.17622997473717172,0.4406950813422784,0.14015930560213702,0.2163445411555519
solidity,endpoint_pca,muon,muon,run_test,all,1920,0.3485207089981698,0.5571831226760857,0.31802725150686584,0.3781449774829769
solidity,endpoint_pca,muon,muon,run_test,source_5_95,1720,0.24443161014299652,0.4863320526201959,0.1847879896974167,0.2848935606150778
bragg_rise_slope,vae_s0,proton,proton,test,all,3866,0.2666968763810752,0.6491181974904935,0.2397625108897659,0.29373122296774273
bragg_rise_slope,vae_s0,proton,proton,test,source_5_95,3418,0.4230290280617022,0.6907526568449484,0.3882676757569538,0.4567156236927367
bragg_rise_slope,vae_s0,proton,proton,run_test,all,2147,0.20662938807623132,0.6617355178015272,0.16341678434500076,0.2649355149886684
bragg_rise_slope,vae_s0,proton,proton,run_test,source_5_95,1913,0.4394584628083734,0.6961463453344195,0.3884545768727421,0.4762505971159199
bragg_rise_slope,vae_s0,proton,kaon,test,all,2470,0.012860840780047789,0.05062496288253603,-0.04143204701825207,0.05298061013524959
bragg_rise_slope,vae_s0,proton,kaon,test,source_5_95,1275,-0.23349229472292388,0.28537138318071387,-0.3505134545429947,-0.14450172912983827
bragg_rise_slope,vae_s0,proton,kaon,run_test,all,1772,0.006001121781685992,0.019300722745713934,-0.052664976930246826,0.04813343478015434
bragg_rise_slope,vae_s0,proton,kaon,run_test,source_5_95,911,-0.23869353096303136,0.2511592774895103,-0.3750094053961597,-0.10840818315941332
bragg_rise_slope,vae_s0,proton,muon,test,all,2931,-338.16269710318454,-0.0741157485465341,-407.744982352485,-292.1140537013165
bragg_rise_slope,vae_s0,proton,muon,run_test,all,1920,-287.45891991491783,-0.09071401895182804,-361.9450994462901,-233.9083498060912
bragg_rise_slope,vae_s0,kaon,proton,test,all,3866,0.1350904099463105,0.5879301930124767,0.11687764256473726,0.15803895424956793
bragg_rise_slope,vae_s0,kaon,proton,test,source_5_95,3523,0.25955951043504366,0.5640754217828525,0.23309884499454595,0.2937194566652936
bragg_rise_slope,vae_s0,kaon,proton,run_test,all,2147,0.08276446548795169,0.6066780685214611,0.054227473469606526,0.12264860637771118
bragg_rise_slope,vae_s0,kaon,proton,run_test,source_5_95,1940,0.2908731032771923,0.5922815888850624,0.2547667992180574,0.32513980626580524
bragg_rise_slope,vae_s0,kaon,kaon,test,all,2470,0.06421733249295991,0.1912206453056666,0.04478620149875638,0.08322745324645488
bragg_rise_slope,vae_s0,kaon,kaon,test,source_5_95,2168,-0.12017807898709809,0.11270777202733223,-0.18409209128915777,-0.06055856623371348
bragg_rise_slope,vae_s0,kaon,kaon,run_test,all,1772,0.06121106136353449,0.13574300533462724,0.040455987579582554,0.08345956307843987
bragg_rise_slope,vae_s0,kaon,kaon,run_test,source_5_95,1551,-0.12979683324552505,0.06206416813379999,-0.20534364597942317,-0.0632823144201188
bragg_rise_slope,vae_s0,kaon,muon,test,all,2931,-310.7640293777261,-0.34017649192798904,-375.14973612426763,-266.67726719975275
bragg_rise_slope,vae_s0,kaon,muon,test,source_5_95,2931,-310.7640293777261,-0.34017649192798904,-375.14973612426763,-266.67726719975275
bragg_rise_slope,vae_s0,kaon,muon,run_test,all,1920,-261.08043104390896,-0.31083614897627737,-330.0483484301519,-212.47784460876878
bragg_rise_slope,vae_s0,kaon,muon,run_test,source_5_95,1919,-278.72251214109156,-0.3109365770971477,-346.6020650908951,-234.33122108913867
bragg_rise_slope,vae_s0,muon,proton,test,all,3866,-1.8062308784893553,-0.5554323398441003,-1.9972778347975593,-1.598609118733468
bragg_rise_slope,vae_s0,muon,proton,run_test,all,2147,-1.279291989471802,-0.5752279659416416,-1.6504072295438075,-0.9949691859214705
bragg_rise_slope,vae_s0,muon,kaon,test,all,2470,-0.23179494420172797,-0.11312096049996309,-0.2898153784950859,-0.18150199134509581
bragg_rise_slope,vae_s0,muon,kaon,test,source_5_95,211,-6.955643803722711,0.13148145782501502,-9.307889069127343,-5.019504110087752
bragg_rise_slope,vae_s0,muon,kaon,run_test,all,1772,-0.25084075459759725,-0.0847333367793125,-0.30116072024460455,-0.20406369153485
bragg_rise_slope,vae_s0,muon,kaon,run_test,source_5_95,152,-11.450128986983586,-0.11132525509332347,-14.97052397124326,-8.267600267584807
bragg_rise_slope,vae_s0,muon,muon,test,all,2931,0.20990370455957008,0.42009744129505866,0.14071443638261003,0.2725612338515811
bragg_rise_slope,vae_s0,muon,muon,test,source_5_95,2672,-0.5047325584894031,0.3793494297245313,-0.6351762331509204,-0.3646175051033083
bragg_rise_slope,vae_s0,muon,muon,run_test,all,1920,0.24483639172932947,0.41831453608250213,0.16734964520406387,0.31940564489122886
bragg_rise_slope,vae_s0,muon,muon,run_test,source_5_95,1719,-0.5242448454847175,0.36603705115370017,-0.7180653735346361,-0.37107452021395937
bragg_rise_slope,vae_s1,proton,proton,test,all,3866,0.26660845065659666,0.6479983730396656,0.23897003918973742,0.29727414395469787
bragg_rise_slope,vae_s1,proton,proton,test,source_5_95,3418,0.41000774853628197,0.6853349614878262,0.3737137622793025,0.4427705583981051
bragg_rise_slope,vae_s1,proton,proton,run_test,all,2147,0.2061215019261614,0.655392508546417,0.16395743422443224,0.2667474056019226
bragg_rise_slope,vae_s1,proton,proton,run_test,source_5_95,1913,0.4260186564704964,0.6868167391277801,0.36766466430235756,0.4643434102587391
bragg_rise_slope,vae_s1,proton,kaon,test,all,2470,-0.006469487087315429,0.02033199350889053,-0.06983733296998923,0.03975050580147132
bragg_rise_slope,vae_s1,proton,kaon,test,source_5_95,1275,-0.4278034923176537,0.2614865806462445,-0.5851888083464344,-0.301638431283612
bragg_rise_slope,vae_s1,proton,kaon,run_test,all,1772,-0.008891424934592163,-0.011860522006578791,-0.07875889092877715,0.04276126912043106
bragg_rise_slope,vae_s1,proton,kaon,run_test,source_5_95,911,-0.46146083418945283,0.23440949540955316,-0.6902901641889193,-0.27429249307193376
bragg_rise_slope,vae_s1,proton,muon,test,all,2931,-397.8497803908006,-0.1767440729313163,-476.2172201838302,-340.0894918757394
bragg_rise_slope,vae_s1,proton,muon,run_test,all,1920,-329.9754269466296,-0.20836635740612244,-419.0606885751747,-268.9217700972842
bragg_rise_slope,vae_s1,kaon,proton,test,all,3866,0.09839319044274497,0.5814521328208961,0.08232331305932238,0.11877668901262123
bragg_rise_slope,vae_s1,kaon,proton,test,source_5_95,3523,0.22992424340313022,0.5529995138653699,0.20689198765358824,0.25701176993813246
bragg_rise_slope,vae_s1,kaon,proton,run_test,all,2147,0.05287557113950225,0.610055207044039,0.02393312333587016,0.08596969347230636
bragg_rise_slope,vae_s1,kaon,proton,run_test,source_5_95,1940,0.25499010690095425,0.5885770300314898,0.22593525497196837,0.2870959844388114
bragg_rise_slope,vae_s1,kaon,kaon,test,all,2470,0.05941190282357989,0.18079159546283446,0.03849674746821467,0.07979944752597612
bragg_rise_slope,vae_s1,kaon,kaon,test,source_5_95,2168,-0.13243559498608426,0.09977784495995566,-0.19187563249760153,-0.07494525616061731
bragg_rise_slope,vae_s1,kaon,kaon,run_test,all,1772,0.05598201661316926,0.1354556570836893,0.03529224800857213,0.07607575025876706
bragg_rise_slope,vae_s1,kaon,kaon,run_test,source_5_95,1551,-0.15547351749610816,0.05494663644275542,-0.2442829878003298,-0.08934222062048221
bragg_rise_slope,vae_s1,kaon,muon,test,all,2931,-362.59663917553047,-0.3446371208392604,-435.73365912624865,-309.7671404315525
bragg_rise_slope,vae_s1,kaon,muon,test,source_5_95,2931,-362.59663917553047,-0.3446371208392604,-435.73365912624865,-309.7671404315525
bragg_rise_slope,vae_s1,kaon,muon,run_test,all,1920,-301.058007173815,-0.35346165151338305,-381.93607553102225,-245.45942208423327
bragg_rise_slope,vae_s1,kaon,muon,run_test,source_5_95,1919,-321.4254606507312,-0.3537101978208345,-400.502558519134,-270.5204361240319
bragg_rise_slope,vae_s1,muon,proton,test,all,3866,-1.821371580296768,-0.5681257950045332,-2.0157671495916976,-1.612009495880646
bragg_rise_slope,vae_s1,muon,proton,run_test,all,2147,-1.2881111595414456,-0.586729565815399,-1.6616368539629025,-1.0019358663856142
bragg_rise_slope,vae_s1,muon,kaon,test,all,2470,-0.23134798079651242,-0.09111559468298522,-0.28823443691450834,-0.17960971322197974
bragg_rise_slope,vae_s1,muon,kaon,test,source_5_95,211,-6.0666789233151235,0.17388127387233174,-7.982766934535038,-4.4173217040593755
bragg_rise_slope,vae_s1,muon,kaon,run_test,all,1772,-0.25158294135392345,-0.06457961449086047,-0.30264361989833605,-0.20610364798956973
bragg_rise_slope,vae_s1,muon,kaon,run_test,source_5_95,152,-9.578176694169077,-0.10763468859136543,-12.356272955898303,-7.079189020218867
bragg_rise_slope,vae_s1,muon,muon,test,all,2931,0.21805577919046626,0.39100381937579903,0.1465503609599038,0.27918189127028253
bragg_rise_slope,vae_s1,muon,muon,test,source_5_95,2672,-0.49583395571520983,0.3395641996773691,-0.5997643852989791,-0.35945772958280525
bragg_rise_slope,vae_s1,muon,muon,run_test,all,1920,0.26956680430835056,0.4257931334209888,0.19185325799354427,0.34067936266218934
bragg_rise_slope,vae_s1,muon,muon,run_test,source_5_95,1719,-0.44415718590441244,0.36258849025563594,-0.6180394092122435,-0.30117543664679836
bragg_rise_slope,vae_s2,proton,proton,test,all,3866,0.2649010440107503,0.6493232117907474,0.23800724699594483,0.29247789386224676
bragg_rise_slope,vae_s2,proton,proton,test,source_5_95,3418,0.4120676512573007,0.6895762224897194,0.37789743404343146,0.44860124166043375
bragg_rise_slope,vae_s2,proton,proton,run_test,all,2147,0.20155835984402004,0.6599797393516003,0.16214639878365206,0.25917481211982374
bragg_rise_slope,vae_s2,proton,proton,run_test,source_5_95,1913,0.43562065740437084,0.69682771054094,0.3833960341398368,0.471357540044953
bragg_rise_slope,vae_s2,proton,kaon,test,all,2470,-0.049397258814657174,-0.004637353993252629,-0.11657379736255029,0.004804166088610476
bragg_rise_slope,vae_s2,proton,kaon,test,source_5_95,1275,-0.44016220469620726,0.2671279864731039,-0.589042854552999,-0.33052024407323544
bragg_rise_slope,vae_s2,proton,kaon,run_test,all,1772,-0.05193284562423495,-0.01667099075623257,-0.13436824199940856,0.012774001284334426
bragg_rise_slope,vae_s2,proton,kaon,run_test,source_5_95,911,-0.41304154370273083,0.26985696001381476,-0.6151840715517546,-0.26167841153756066
bragg_rise_slope,vae_s2,proton,muon,test,all,2931,-337.7546038813257,-0.0650048942554096,-407.23017169378,-291.4926968021024
bragg_rise_slope,vae_s2,proton,muon,run_test,all,1920,-283.8028321497685,-0.0738717783940371,-359.6095229077257,-230.96385691802956
bragg_rise_slope,vae_s2,kaon,proton,test,all,3866,0.07021086419198941,0.5656283016869444,0.05254129586488447,0.08927010662196284
bragg_rise_slope,vae_s2,kaon,proton,test,source_5_95,3523,0.19714388871336097,0.5447097015485093,0.17319006978627244,0.22269779064310527
bragg_rise_slope,vae_s2,kaon,proton,run_test,all,2147,0.025184025133111687,0.5862906859969249,-0.0028454732757608,0.05777362336469065
bragg_rise_slope,vae_s2,kaon,proton,run_test,source_5_95,1940,0.23383629819994967,0.5839371076209388,0.205560145634186,0.26728145382190566
bragg_rise_slope,vae_s2,kaon,kaon,test,all,2470,0.06392117617834381,0.21180039907478876,0.04732778804909886,0.08071852510489287
bragg_rise_slope,vae_s2,kaon,kaon,test,source_5_95,2168,-0.09901037226267273,0.12609019901939442,-0.15370043982462595,-0.04179369986953236
bragg_rise_slope,vae_s2,kaon,kaon,run_test,all,1772,0.052999870428766194,0.17569370113245186,0.03311759399566826,0.07028655968290973
bragg_rise_slope,vae_s2,kaon,kaon,run_test,source_5_95,1551,-0.07579190532153546,0.11350046217111716,-0.14503079654616702,-0.009429994449334582
bragg_rise_slope,vae_s2,kaon,muon,test,all,2931,-300.30167301481146,-0.2505407878831496,-362.43934977030614,-257.11228152850873
bragg_rise_slope,vae_s2,kaon,muon,test,source_5_95,2931,-300.30167301481146,-0.2505407878831496,-362.43934977030614,-257.11228152850873
bragg_rise_slope,vae_s2,kaon,muon,run_test,all,1920,-251.31272608761756,-0.24958629437968552,-319.41423810806003,-204.88693619474387
bragg_rise_slope,vae_s2,kaon,muon,run_test,source_5_95,1919,-268.34195375452543,-0.25054079315958194,-334.3680834218188,-224.30633874689627
bragg_rise_slope,vae_s2,muon,proton,test,all,3866,-1.8124944233582898,-0.5485248481162264,-2.0037469769707523,-1.6022708995689219
bragg_rise_slope,vae_s2,muon,proton,run_test,all,2147,-1.2812355940091398,-0.5648412614243358,-1.6543348260532327,-0.9961003225106988
bragg_rise_slope,vae_s2,muon,kaon,test,all,2470,-0.2202203089190291,-0.09265452816357447,-0.2761611680788544,-0.1719752511017157
bragg_rise_slope,vae_s2,muon,kaon,test,source_5_95,211,-5.595271029664034,0.18848635045541062,-7.3800570201079285,-4.1669838555848235
bragg_rise_slope,vae_s2,muon,kaon,run_test,all,1772,-0.2369635574356821,-0.0696566538110594,-0.28407770047877984,-0.19191793537199944
bragg_rise_slope,vae_s2,muon,kaon,run_test,source_5_95,152,-8.918677301503696,-0.058174263082716525,-11.664761033060602,-6.304831147417426
bragg_rise_slope,vae_s2,muon,muon,test,all,2931,0.22571247423083052,0.4171662226240048,0.1500469285586742,0.2869724203321356
bragg_rise_slope,vae_s2,muon,muon,test,source_5_95,2672,-0.40562771850652846,0.37969635785124245,-0.5340811727220783,-0.2746833133018378
bragg_rise_slope,vae_s2,muon,muon,run_test,all,1920,0.23410337287139982,0.41300602566352684,0.16083663872761977,0.30194256288196747
bragg_rise_slope,vae_s2,muon,muon,run_test,source_5_95,1719,-0.5005907238668705,0.36295199538141,-0.6714452429146363,-0.3164499873986461
bragg_rise_slope,ae_s0,proton,proton,test,all,3866,0.2733499792778181,0.6540770130244391,0.24652340232919492,0.3031954253480918
bragg_rise_slope,ae_s0,proton,proton,test,source_5_95,3418,0.41067276757156723,0.6876531741408661,0.3797284017294065,0.4456212282568391
bragg_rise_slope,ae_s0,proton,proton,run_test,all,2147,0.21524571808222426,0.657188405102843,0.17525269199973292,0.2719570288794978
bragg_rise_slope,ae_s0,proton,proton,run_test,source_5_95,1913,0.4208095862855389,0.6889412886954142,0.3629106149420872,0.4581368331436412
bragg_rise_slope,ae_s0,proton,kaon,test,all,2470,-0.17754799327027126,-0.08278875337422643,-0.28587483124672697,-0.0940437628502035
bragg_rise_slope,ae_s0,proton,kaon,test,source_5_95,1275,-0.6445898553626022,0.21484199370609108,-0.8218339897532088,-0.5174506218288211
bragg_rise_slope,ae_s0,proton,kaon,run_test,all,1772,-0.17438628170249815,-0.08493397265154205,-0.29046507005015887,-0.07342837633909197
bragg_rise_slope,ae_s0,proton,kaon,run_test,source_5_95,911,-0.5324472552360993,0.2366166143637401,-0.7265685993170095,-0.39015052588842475
bragg_rise_slope,ae_s0,proton,muon,test,all,2931,-318.2470751922645,-0.007741601861859691,-383.3718109604627,-273.8815197970592
bragg_rise_slope,ae_s0,proton,muon,run_test,all,1920,-272.4924821095646,-0.00465677006205785,-346.57609983273045,-220.346649169556
bragg_rise_slope,ae_s0,kaon,proton,test,all,3866,0.09252441648308651,0.5924508088096612,0.07465050690931471,0.11130941650142862
bragg_rise_slope,ae_s0,kaon,proton,test,source_5_95,3523,0.2409086302047465,0.5743148250901958,0.2167667935151088,0.26872333451373887
bragg_rise_slope,ae_s0,kaon,proton,run_test,all,2147,0.04032991035943567,0.6077706909201838,0.012806950232161144,0.07329060975007781
bragg_rise_slope,ae_s0,kaon,proton,run_test,source_5_95,1940,0.2634283735902566,0.6015411312416654,0.22991209094444157,0.2962971204009748
bragg_rise_slope,ae_s0,kaon,kaon,test,all,2470,0.07138701391224878,0.20496754983782828,0.05336739807671343,0.09303394415904662
bragg_rise_slope,ae_s0,kaon,kaon,test,source_5_95,2168,-0.08893165206278408,0.11518676448006766,-0.15056571250679285,-0.03754769099270644
bragg_rise_slope,ae_s0,kaon,kaon,run_test,all,1772,0.06918561564455061,0.17483364495356313,0.049970420818795686,0.08870391321323666
bragg_rise_slope,ae_s0,kaon,kaon,run_test,source_5_95,1551,-0.0849812934046521,0.09677689203655115,-0.15745888214871784,-0.022240321220540652
bragg_rise_slope,ae_s0,kaon,muon,test,all,2931,-300.8787800415099,-0.33729410532836274,-363.19050433571925,-258.6560900912226
bragg_rise_slope,ae_s0,kaon,muon,test,source_5_95,2931,-300.8787800415099,-0.33729410532836274,-363.19050433571925,-258.6560900912226
bragg_rise_slope,ae_s0,kaon,muon,run_test,all,1920,-253.07379843265684,-0.3062182362788184,-320.00121996082123,-206.0009690352023
bragg_rise_slope,ae_s0,kaon,muon,run_test,source_5_95,1919,-270.2211545291495,-0.30730360695226533,-334.00872988696244,-227.1281236413784
bragg_rise_slope,ae_s0,muon,proton,test,all,3866,-1.8693928545991385,-0.5441500759829492,-2.068718859633977,-1.652692987675929
bragg_rise_slope,ae_s0,muon,proton,run_test,all,2147,-1.3194542501943203,-0.5556848686329084,-1.7040031089817014,-1.025811880990001
bragg_rise_slope,ae_s0,muon,kaon,test,all,2470,-0.23227106061781977,-0.10364110040667113,-0.2898411112798781,-0.18201734790391705
bragg_rise_slope,ae_s0,muon,kaon,test,source_5_95,211,-7.227621428696683,0.162979522489493,-9.495862702577787,-5.477053451359631
bragg_rise_slope,ae_s0,muon,kaon,run_test,all,1772,-0.2502018593995192,-0.08003422289955045,-0.3000785834771019,-0.2030174722976469
bragg_rise_slope,ae_s0,muon,kaon,run_test,source_5_95,152,-11.859521771109039,-0.07186353105201647,-15.361069671474747,-8.726084431720876
bragg_rise_slope,ae_s0,muon,muon,test,all,2931,0.22832466282376573,0.4052256111613919,0.15205186631543915,0.2901300499945115
bragg_rise_slope,ae_s0,muon,muon,test,source_5_95,2672,-0.4915591576985485,0.3558939996915787,-0.6279599788121805,-0.3558082005224471
bragg_rise_slope,ae_s0,muon,muon,run_test,all,1920,0.2400112207529974,0.42051177178596233,0.16256032829531247,0.3131003617086228
bragg_rise_slope,ae_s0,muon,muon,run_test,source_5_95,1719,-0.5010564852707917,0.36519047974757834,-0.6987884230242444,-0.3341410770223817
bragg_rise_slope,endpoint_pca,proton,proton,test,all,3866,0.3809885115727515,0.6754486474778975,0.3378779002088496,0.4232625377965624
bragg_rise_slope,endpoint_pca,proton,proton,test,source_5_95,3418,0.4057231023791841,0.707063473365768,0.3567630374663973,0.4487412060710869
bragg_rise_slope,endpoint_pca,proton,proton,run_test,all,2147,0.3985007849780837,0.6766999941355759,0.29250856178115137,0.4929211337753397
bragg_rise_slope,endpoint_pca,proton,proton,run_test,source_5_95,1913,0.34044292966336,0.702501637429437,0.24126135104712274,0.42433844008926475
bragg_rise_slope,endpoint_pca,proton,kaon,test,all,2470,0.03359905829113452,0.46732620761506627,-0.13235940780296457,0.1544520358649813
bragg_rise_slope,endpoint_pca,proton,kaon,test,source_5_95,1275,-1.4374933922946411,0.42320030013452214,-1.8259064131242275,-1.151013923521838
bragg_rise_slope,endpoint_pca,proton,kaon,run_test,all,1772,0.004837823292834109,0.4766853596047815,-0.16931697631529613,0.1333194581776406
bragg_rise_slope,endpoint_pca,proton,kaon,run_test,source_5_95,911,-1.8657419978757894,0.43342815685672,-2.358832791161257,-1.4155865721648793
bragg_rise_slope,endpoint_pca,proton,muon,test,all,2931,-86.88429263936727,0.4184461696254993,-107.11685927070091,-72.59133309928207
bragg_rise_slope,endpoint_pca,proton,muon,run_test,all,1920,-76.73742842157606,0.43694348977145436,-91.64517566840624,-60.65436488519143
bragg_rise_slope,endpoint_pca,kaon,proton,test,all,3866,0.3418828239412457,0.665852939151966,0.3046893340572119,0.37587927080047184
bragg_rise_slope,endpoint_pca,kaon,proton,test,source_5_95,3523,0.21797393163216905,0.6388845895196339,0.16039079226045197,0.27819841084801733
bragg_rise_slope,endpoint_pca,kaon,proton,run_test,all,2147,0.3566994420510978,0.6759829062231281,0.28211180277480885,0.4261484119181579
bragg_rise_slope,endpoint_pca,kaon,proton,run_test,source_5_95,1940,0.2055877529902207,0.6453675845583681,0.11696636181884817,0.2996263453468093
bragg_rise_slope,endpoint_pca,kaon,kaon,test,all,2470,0.285869054719874,0.5792676735085247,0.20387733988503673,0.37473864598752227
bragg_rise_slope,endpoint_pca,kaon,kaon,test,source_5_95,2168,-0.051478029871707465,0.5715937865060062,-0.1727139435785824,0.055456915159479744
bragg_rise_slope,endpoint_pca,kaon,kaon,run_test,all,1772,0.2964492122411866,0.5675002263405304,0.21308242951972223,0.3652575491025882
bragg_rise_slope,endpoint_pca,kaon,kaon,run_test,source_5_95,1551,-0.09547837795821823,0.5620965168957796,-0.2513954787434003,0.015432877703215088
bragg_rise_slope,endpoint_pca,kaon,muon,test,all,2931,-94.70976357789377,0.3830153039675634,-116.2945666848022,-82.08728859979865
bragg_rise_slope,endpoint_pca,kaon,muon,test,source_5_95,2931,-94.70976357789377,0.3830153039675634,-116.2945666848022,-82.08728859979865
bragg_rise_slope,endpoint_pca,kaon,muon,run_test,all,1920,-78.56038382815498,0.4040127421773931,-99.742434787314,-65.04724855343802
bragg_rise_slope,endpoint_pca,kaon,muon,run_test,source_5_95,1919,-84.04537808526666,0.40338819117697394,-101.74639588670158,-70.21480778994774
bragg_rise_slope,endpoint_pca,muon,proton,test,all,3866,-1.4635543213128042,-0.408299996454738,-1.6177191361413878,-1.2961811082078774
bragg_rise_slope,endpoint_pca,muon,proton,run_test,all,2147,-1.037653203172228,-0.4354751938966028,-1.3422364450255406,-0.808725770091756
bragg_rise_slope,endpoint_pca,muon,kaon,test,all,2470,-0.14229563393567024,0.19968091886435482,-0.179795788200077,-0.110011369348376
bragg_rise_slope,endpoint_pca,muon,kaon,test,source_5_95,211,-3.616919440406698,0.33996499789220885,-5.39877663909404,-2.1176026508244217
bragg_rise_slope,endpoint_pca,muon,kaon,run_test,all,1772,-0.1517700955678858,0.1998092664113998,-0.18603642313372015,-0.122155210105866
bragg_rise_slope,endpoint_pca,muon,kaon,run_test,source_5_95,152,-6.4032730656903425,0.21804071925040494,-9.49862703146301,-4.113528678580035
bragg_rise_slope,endpoint_pca,muon,muon,test,all,2931,0.4253878674875988,0.5063279995583839,0.3532694168491736,0.4883775752074817
bragg_rise_slope,endpoint_pca,muon,muon,test,source_5_95,2672,-0.036609393502232246,0.4671205065121463,-0.1225066112090659,0.04377856781157063
bragg_rise_slope,endpoint_pca,muon,muon,run_test,all,1920,0.5053481175079148,0.5309018502880452,0.4056495841642055,0.5907228746646938
bragg_rise_slope,endpoint_pca,muon,muon,run_test,source_5_95,1719,0.0643282001888893,0.49008951187628985,-0.04391942299658737,0.14810308274844042
