row,species,lambda_max,spectral_pr,lead_charge_cos2,lead_topology_cos2,eig1,eig2,eig3,eig4,eig5,eig6,eig7,eig8
7561,proton,14054.59565028411,2.523054297119664,0.10719699919766332,0.03801573067029493,14054.59565028411,3582.914291667804,2653.0938410508634,1135.1555393014376,921.3507504170817,499.6273142264761,452.63312299368397,264.32500613101547
15111,kaon,10999.832737481971,3.649770591947346,0.13937905122919153,0.37349880292018867,10999.832737481971,4119.13834943734,3150.628881537657,2427.970372876268,1164.3690610032195,1011.8566836650505,656.5388668108056,388.03026995192477
9565,proton,5963.569464832972,3.3676527941846777,0.009753199689804277,0.0693197934619884,5963.569464832972,3793.077759400133,1828.657894526123,652.1405650373133,477.64557706132143,456.86890081681355,230.22803574826543,110.93309650909274
3520,proton,12283.123895820012,2.6583432667956863,0.1279941998919207,0.018242664622242468,12283.123895820012,3918.9543636261233,2406.841755392693,878.9677565796577,705.797829491944,582.3377511018692,459.17274828689114,266.7559058784398
17357,kaon,12665.380393476864,2.4060861361389025,0.10983436259186276,4.951663477937712e-07,12665.380393476864,3718.766312491477,1559.6694179683088,1195.3091722342626,668.6159005364175,458.7095658812104,280.8595458364589,198.68799545285813
1332,proton,6289.004454802868,2.9973680409541505,0.1003958072278298,0.00791940300183211,6289.004454802868,2599.496144486889,1352.3874127867077,643.8467372995826,556.4370109494853,303.74234280260157,259.86587274698405,118.70084738386673
735,proton,8693.726647796042,2.925134748161481,0.025231611574944465,0.2642045140558185,8693.726647796042,3810.196280958872,2286.889025094672,762.67163432837,485.49411368022373,348.65790400183033,250.91142894080104,149.6761995901466
8938,proton,9294.144454559193,2.683954451150449,0.1425072729700435,0.014957919880457934,9294.144454559193,2802.613085149868,1484.8745447312294,1010.302103367827,790.0943027849574,472.43715618402473,272.33267866885745,124.2556412781393
9181,proton,6804.674806041739,2.867412655942684,0.020529567209202276,0.2838483227531761,6804.674806041739,2267.0495145446303,1246.7042079917308,759.4503747964833,581.8251100537137,478.4894702802739,189.0526193163635,138.87422164601833
1186,proton,4090.296306243279,3.5304068829006083,0.034278505903635015,0.0026180394979603123,4090.296306243279,2100.625772914284,1535.2776017499525,673.6209900304376,431.07685956681655,269.1375775383991,108.21364763880442,39.78069147518479
524,proton,4637.466234392311,3.7432409924264816,0.07502737486820027,0.002482261782462352,4637.466234392311,2704.862304167154,1809.1098161761927,892.8334999701294,591.7180395233968,244.67001456095815,168.37716933379087,123.33796577051561
16193,kaon,11446.265059364665,2.9475374485294346,0.030181813545139394,0.0028404096280217938,11446.265059364665,3473.1389473847153,1977.9463590702944,1477.1053437279975,1302.7478270480708,593.4544398422271,515.630886843974,353.42968682163576
15578,kaon,13325.552036336776,3.7124663545583845,0.4345017792827107,0.20309291180575853,13325.552036336776,7351.675297196771,4912.961324297666,2043.0097012706713,1472.5452127776832,1019.9647283695056,689.8788131734002,481.6382663519299
6576,proton,8262.109608451705,3.348007532381118,0.0001109252423154857,0.13010960408336578,8262.109608451705,3005.7670803435103,2535.620338867952,1770.570310524293,950.5411758204024,265.02116370212525,244.3530335373234,121.84241234388712
23888,muon,16981.91837930498,1.7075927603113734,0.02804927429684061,0.11928508358672053,16981.91837930498,2493.3485317969403,1353.5278473653993,974.7208027856183,284.7619031868784,252.71882430762352,108.3348271320373,91.59698541701442
6999,proton,4129.751073880954,3.4661483939764923,2.053957320673818e-05,0.03098731946534923,4129.751073880954,2974.119043873457,1525.1843167777904,498.71516567909396,318.8147075707752,251.206067904591,207.65789597958164,66.24923376986037
8710,proton,15405.549950861798,2.6029568845414417,0.034666982471052606,0.003436070423446195,15405.549950861798,4680.432822478038,2759.9715456140043,1345.3386199135077,916.8951259627081,670.5666778988755,471.1259236733422,272.80978236946754
19099,muon,5742.583948031397,2.359351096738772,0.11566968563802661,0.019538098644881666,5742.583948031397,2118.490858062336,839.7948443409485,323.66541137089104,197.65164918901306,130.99387316829316,98.35805718274393,59.97072618966115
3720,proton,9954.883469430066,2.6647398916363056,0.07205197584074649,0.0184145331474007,9954.883469430066,4846.962343091278,1070.9681947176036,997.5285854000448,541.6517917862844,473.5475534772098,247.0418018912199,142.5885880839561
24581,muon,5201.370975639116,2.635384224258454,0.027762576879330234,0.1493998821938034,5201.370975639116,1822.335305263961,927.4997159439343,455.5657441594819,317.5598314308952,237.7984054106171,121.3008267270355,44.71916784204849
1705,proton,11343.056279584363,2.41922593275456,0.06656816616669664,0.01682925765240522,11343.056279584363,2771.8770710351523,1576.1343639202696,982.1845974658621,665.113281335643,555.9269118404039,386.137861439691,170.8573796226729
19662,muon,7587.770657901477,2.4619596415177223,0.0005973092196376524,0.1799730966468577,7587.770657901477,1725.3172176757355,1374.539711097146,661.0832754706588,487.12392102056975,422.7366043436907,136.00741469942912,91.08042162439423
4486,proton,3060.485558802223,3.775328301815347,0.043465988260524245,0.045547239798140585,3060.485558802223,2268.916242743388,1060.3424958797464,629.2057527436532,339.9066381515527,270.5127909151973,130.36702273477843,71.77838446571353
3216,proton,3340.056692068664,4.006332660136773,0.001252282994878444,0.022019026304170086,3340.056692068664,2300.190239582366,1235.270375538243,616.6336768478295,464.9000788903327,312.9912252022819,237.28181267874595,159.5111654557108
12383,kaon,7343.749488910422,4.190761534536993,0.2153781721205008,0.1501763331897573,7343.749488910422,3584.213620856664,2963.5900050500536,1835.9025949923987,1210.4133383599392,811.0970084934467,546.7256818301407,171.9272712119351
15651,kaon,10287.420183987331,2.999051767675923,0.005282744693993479,0.005607899269493638,10287.420183987331,4590.839989583912,1903.195570500019,1372.1813452409033,878.3336250082965,561.2755070559584,292.16617158390346,131.48920883269327
27450,muon,8881.680565387385,2.3031362412888217,0.07128933567229898,0.06969898077926781,8881.680565387385,2816.0538270357665,1523.4888622328326,450.26403906947974,348.8394574772103,189.16796435187706,102.6292820060458,45.79144360902693
4936,proton,15694.834316872611,3.2009869353321987,0.09630418399829148,0.02582915882626062,15694.834316872611,6766.41342524344,3653.1057041187237,2255.981832643766,1409.0935335273848,941.8030011295319,642.4924469606723,337.0033923405981
22194,muon,5821.391756532931,2.7749445683384364,0.03354783131535409,0.40222849317728776,5821.391756532931,2132.657432713614,1223.923967990355,731.764754999874,288.28201399335745,281.3348612307311,78.90362569612105,61.5761297676564
15036,kaon,6678.752362194935,4.39686442206354,0.026032257027273676,0.24847130041265986,6678.752362194935,3833.244580175935,2842.581050572996,2332.372881968493,809.6583048399863,653.3114764127704,549.413793141119,381.1355355202687
10947,kaon,7721.433816898852,4.433075981582331,0.010083737371235654,0.27545898866069235,7721.433816898852,4443.493581793644,2181.648677681212,1733.9523348925725,1476.9100583062016,1149.330332049878,874.6559372215138,585.2668077732676
24764,muon,14845.965213521498,2.726466103132624,0.04138903845268138,0.020834789802320078,14845.965213521498,5903.2362086448065,3110.2063456781534,1583.295514066094,891.0389818401305,437.70435017925246,198.7469208330139,84.49161702333852
7685,proton,11823.204457672386,2.19567341270521,0.13129339721477867,0.02671712033077402,11823.204457672386,2811.369619368987,1023.8506474883303,917.4624748439741,547.1395148781095,500.643534575655,342.03857413539725,199.7887510929547
18759,muon,8606.02548492077,2.817897467088424,0.11671105168341239,1.4220545637421866e-05,8606.02548492077,2661.577904419744,2146.2101077901693,1135.6500731458495,391.7762198542088,362.52383451522746,221.65589121495483,168.56932556717564
23155,muon,15262.09970442281,1.9767708859281614,0.06904505948377715,0.008901925687202305,15262.09970442281,3604.5259572251175,1577.8477769780445,846.9162754291337,394.4318835806334,229.9046432411515,206.304626976329,81.2219056391713
9203,proton,9107.600558082506,3.0111888029387566,0.04680812506381646,0.007137236738664607,9107.600558082506,2348.8848887994345,1767.4502190454418,1392.9989747783447,919.7848047407898,700.5583897965723,484.8714706460712,204.013562347921
24623,muon,12522.688180574674,2.296815530820801,0.0244889953397036,0.0648901793197468,12522.688180574674,3567.1192538070245,1484.6996249318158,1214.2573182219014,400.39226172750887,381.3714622808933,247.32036263476388,150.91015602705994
674,proton,13775.44238684692,2.2915331475491603,0.10217088597695521,0.000257775817868009,13775.44238684692,3015.487339637423,1700.3076319613538,1402.8836488322775,903.9421580032246,476.94494357043163,233.47087946661946,157.04780729245775
1988,proton,15161.708241729117,3.0075914455790382,0.13196114188494043,0.018428090478175688,15161.708241729117,5252.653927261951,3671.8576802510856,1775.0401133728412,999.6430689513704,945.3434326968289,670.4769094228866,364.72992190477134
18452,kaon,5447.603794167986,4.847391223761946,0.3226377919311163,0.09999505914527473,5447.603794167986,4243.041251230877,2283.3556593614876,1664.480842919259,1332.9743472391235,898.2086501800011,741.6197696575424,282.5595678760089
1626,proton,9440.426835034423,2.663374125643022,0.05099728407347173,0.03483982514829592,9440.426835034423,2480.8587027249846,1562.3514458903917,1041.384629735282,663.225105442113,508.7681432212128,454.99767370865715,145.681866098036
4473,proton,11777.805460210071,2.763970658158656,0.006696251891253712,0.024741972975516748,11777.805460210071,2992.0145394817655,2020.5986468931494,1779.4153722400738,1230.6025030487788,483.8867700292901,343.92571808852585,191.20456357456996
4408,proton,2833.474976272469,4.373398417162705,0.11574378830170155,1.4556308370191228e-05,2833.474976272469,2119.6273042247644,1403.8852921543003,887.6613449609014,490.511825148876,310.355058508573,163.63884949331634,63.37415650245119
9631,proton,2900.494545286731,3.893130693671498,0.07279012409326124,0.010567585876105073,2900.494545286731,2110.3470126420866,1078.1287974010675,626.1512463753066,457.33075151210426,230.4737057114,104.7541317078948,56.6136975646592
7072,proton,9632.297955865011,2.507123404921625,0.06485756922808757,6.25186738576004e-05,9632.297955865011,3976.5888074870504,1063.2538074197332,659.9257445220608,590.6573637759794,381.23248048593507,204.9404196844264,152.0800629236849
15155,kaon,5150.0396049326255,5.0593768384932,0.26492386447581157,0.23646701564400238,5150.0396049326255,3633.6705947953637,2875.9456268096774,1875.550053330595,1283.1761806924344,987.6435784322763,488.816087725737,305.8403542996785
18855,muon,5666.766230957599,2.745464901508633,0.007752889208300646,0.26225040856861864,5666.766230957599,1771.2345651712806,1327.509841974549,561.9144584656434,292.39686570929695,201.92367101078446,176.50231028824282,149.40890532139542
8451,proton,15933.018661327593,2.7459606292996845,0.0115964470757345,0.041486035063043825,15933.018661327593,4762.462854960188,3852.9064942011764,1770.6936031228997,816.7147381701013,683.6743864116962,396.6728112071622,288.64244102363386
25387,muon,15353.394796953959,1.8809881951309995,0.08839456709681509,0.003647472434561794,15353.394796953959,2983.9571630638966,1540.1095000793687,751.4927347932176,339.5950345956556,289.2886891112467,174.78349986627836,157.8873900443416
23243,muon,3973.293115132432,3.871288511570791,0.01164900865146349,0.3479643614043334,3973.293115132432,2438.41937624381,1333.0923500754504,974.1483096147615,463.94162692765207,321.9705134551623,177.34789334947143,120.89615012044233
7887,proton,6487.633196790132,2.9648151374252523,0.024472561756663656,0.10454202582480075,6487.633196790132,2970.7639862374335,1419.5215297631623,708.5048675215156,513.1493505199638,241.28126278387938,199.02510745092945,89.85624598043803
18600,kaon,7177.495261411072,4.514282896265665,5.667176814311304e-07,0.21511846584642128,7177.495261411072,3640.168483979161,2527.449917799383,1937.438477844089,1699.0523456125522,1069.0611537720238,580.737144563842,296.64284122898505
7950,proton,9741.742966410044,3.315147888927313,0.0033573072657681713,0.02741500008126688,9741.742966410044,4561.871512216216,2457.4526988109956,1882.3329589560292,943.7638701917681,408.6574118111578,296.87910641862504,183.62980798972967
946,proton,2729.8392836160237,3.100838202367823,0.14572841201714856,0.22912703021785533,2729.8392836160237,1434.4333573269416,605.2116894961877,459.5668603983161,141.32428915164104,131.04990257415136,77.1394353986962,26.277482697575397
6880,proton,9897.834449477135,3.325644755242363,0.14789627924910204,0.00029091198744675585,9897.834449477135,6408.341726453772,2289.1916011046437,1992.0345158173773,631.0545440967442,589.6549152828355,340.9156495402626,120.17434969063717
4619,proton,12582.685068037574,2.5471358638962847,0.014786160494761029,0.011719071946784017,12582.685068037574,3042.6953583798177,2055.600677534925,1162.4143473482798,847.3416379025172,689.1848762953917,543.2038808287037,170.06079045568063
19449,muon,7677.820285420856,2.4889918708681766,0.0542877887019723,0.002597593346316526,7677.820285420856,1692.7791260108986,1453.9138734969192,676.3639536964776,567.5799046982056,313.8892619855726,190.3887763462039,133.04953925674454
21682,muon,3143.874084325264,4.172242451804062,1.537155798903077e-05,0.09716697377401189,3143.874084325264,2594.867587018023,1480.4442870020425,861.088234743415,547.1479324567601,226.02826475411928,161.38126920943284,105.85455005544007
19613,muon,8564.902169871697,3.365956241073342,0.0004546272339487396,0.23120505171053973,8564.902169871697,3230.561130748891,1974.7978907664494,1490.3461064951414,824.4655757656486,762.2330361873916,402.4410696330026,292.3902554448436
22451,muon,13174.278533526414,2.156554048325686,0.06044914563363949,0.029783478105591874,13174.278533526414,3964.921486600264,1710.3256137523506,853.0009196724453,276.17718225808517,203.38398745411772,132.1519379394439,91.25371723252387
1223,proton,8480.817931018912,3.3273177675469143,0.0014552058294691255,0.009731577034143823,8480.817931018912,4248.101879940048,2428.5001569975266,1238.2512392977999,875.3412400337066,374.38070865467336,278.3027301934628,172.10193772539432
2084,proton,5786.182569077561,4.152481103967294,0.05604966003724703,0.002239576441495629,5786.182569077561,3915.604329670445,2666.03188594932,1495.7399999454078,725.0911306316644,497.3807842509577,356.9077551770923,223.65929604478757
16617,kaon,5457.727749637118,4.624666512293888,0.008611121430208344,0.018539643452357944,5457.727749637118,3347.977568143545,1944.9756606159954,1576.3295493737157,1192.8348866738543,1017.2759870445207,414.0203854628814,248.25637201579218
7336,proton,5961.349902996048,3.6261946778679808,0.04335048962661162,0.06297703963879837,5961.349902996048,2545.1214008479137,1917.0473445353591,1144.9637552847773,769.1165530288737,397.443058892796,267.42625398945904,170.16273275751263
23634,muon,14312.20348782232,1.934122954413448,0.10719824998226858,0.0021666158877362987,14312.20348782232,2862.4186074151644,1466.905610183899,826.9952489392227,436.3575503690404,296.4601489920991,141.78312205993228,104.7187924368295
3780,proton,13251.699350306168,2.4746082039133075,0.12131876362192621,0.003758579793209073,13251.699350306168,4480.130601545271,1574.1411334842699,1286.937947633597,644.4774150417838,498.0071731816401,379.4562392483548,168.04093888309913
17455,kaon,4441.718565274309,5.115651514889796,0.003936072368980994,0.05390044973914037,4441.718565274309,3376.393635730457,2724.492946457431,1595.8825753125777,1013.214032640823,726.8781130114486,586.2852883325553,392.73069809176957
18138,kaon,6867.358425237979,5.279415015380045,0.29644575436772536,0.5329300905222748,6867.358425237979,5465.081124073005,3609.587400663458,2845.8333101161616,1686.6401295461,1437.701088089106,887.1128693924829,666.2706352479245
4989,proton,7232.750080828078,3.11558722715529,0.009685161944423778,0.0769590462625643,7232.750080828078,3472.415865253526,1541.814309635422,904.3184922029263,592.888010408917,436.3710979965652,257.96142514556374,137.50051315588018
16263,kaon,9034.608807947265,4.236317350107003,0.06381508147991233,0.44654554475657754,9034.608807947265,5492.89391679306,3800.0941908049176,2372.1799980723927,1375.0899265233952,913.743596927635,563.2489591788968,366.2800541543842
22540,muon,5881.490392272372,3.0069257178883078,0.003407180856679107,0.18711384920489418,5881.490392272372,2509.6113580345764,1109.2246124322714,981.8143628674227,452.3005341529043,223.82922912624718,194.45971081509958,68.5333065942614
26482,muon,4403.693956268473,3.020980231077102,0.0005493105815124455,0.19218933603896285,4403.693956268473,1797.7530272511503,1044.5874576153612,424.7965707989881,301.99812220222947,237.92916027152015,179.5560035715613,141.62764053540147
5708,proton,5084.920642330822,3.6823276920159493,0.12979552615665807,0.20785676528418845,5084.920642330822,3829.4670056764844,1952.5640188216428,1236.6887492326296,418.4178778045128,244.90252256419518,181.24436979283448,86.24925726551137
25504,muon,6830.942400378474,2.523062742135131,0.016469644481026287,0.40041031593237925,6830.942400378474,2011.2734786374283,1386.4331130897333,652.6401990915646,342.0382137363894,208.5488933161181,102.34728324904735,54.57604173885143
18984,muon,3554.9502050247684,2.794449662519247,0.002099024957804091,0.21930865680240164,3554.9502050247684,1427.082487026971,989.0692694463986,258.17729833940507,183.99987186160726,100.5017358286017,78.48831265070017,46.43899206217863
21007,muon,9619.448025765714,1.9308947096546671,0.025812544969817677,0.2308375119586763,9619.448025765714,1651.966519588969,1249.0747735975176,499.7397070847374,287.7364915848449,200.9843342775478,125.34523745357336,66.57796625161623
21282,muon,5375.389184675052,4.229452976016183,0.001695903356701838,0.07354342131307383,5375.389184675052,2394.689354705397,1658.8394217795678,1454.2820812942646,1170.0970840256928,815.1330020243541,221.99580480533444,175.55599027523445
2462,proton,12236.939233967278,2.7008656734638996,0.016951413477237064,0.009239329315827232,12236.939233967278,2915.4427208090456,2531.547234098269,1437.1508259617183,880.8002570254179,567.4284996501473,500.5161576905067,239.2186652222715
12996,kaon,8764.244545958994,3.4813798877492563,0.15388198700685174,0.011088437234423789,8764.244545958994,4282.37723882665,1829.0324325687754,1620.5451180770463,780.4832287289647,691.362445473376,572.9677423170056,364.97577850663976
7094,proton,8843.714299350308,2.9411829597600745,0.06928036096261146,0.021185334527397515,8843.714299350308,5872.074541829149,1366.464287944363,875.009096940416,709.2546558975358,438.68343022567393,270.5646359065675,103.5620875377921
27559,muon,5391.62083915961,2.6805683949696544,0.0036676377027724002,0.2597347834410994,5391.62083915961,1640.9649805184822,1390.0601869402842,436.8385561167054,407.4837572048645,125.66237916589117,92.04013555040932,73.4043123176232
1233,proton,11186.370003946682,2.283327324430955,0.08694555162862709,0.006462634997222269,11186.370003946682,3963.3967455560055,1220.1277898040485,703.5826304820076,439.2912583244901,343.27505326350587,119.93736235732841,104.07314354006073
5908,proton,13988.298410955804,2.385500120448158,0.0010323867100886638,0.00827748095670199,13988.298410955804,3101.673015311365,1855.703340576048,1142.7287386314736,951.3080735578965,787.1526036905676,411.3641966855091,239.16146512834817
13389,kaon,10655.482263817326,3.8520777019537085,0.01723821440798465,0.3264457324011547,10655.482263817326,5100.842858154564,2963.8231906988585,2199.49216848657,1471.7867710963726,1059.05445580312,684.7567683147016,469.2318865518923
27627,muon,6029.396755547649,4.745871234579511,0.1479660747187554,0.4077553805464161,6029.396755547649,3592.3177193630986,2860.4281719493188,2308.0347319021025,1290.341040667526,783.2722897536162,445.2382023378699,299.681725315392
3666,proton,19570.828815010856,3.341382570142696,0.19671376882256134,0.01143020584567935,19570.828815010856,8351.819641225156,6793.356333686554,2513.327650205374,1963.9908750680308,1472.9879844407671,526.576295463866,151.16211089798057
23200,muon,12103.045445063733,2.1239644604502117,0.0809156786097656,0.0020695265829445766,12103.045445063733,3006.87536032975,1604.8330207420213,609.4720328853102,444.3441218215149,236.6097156684942,214.53417731423554,145.1872173863173
7341,proton,3275.2992948184815,3.792535059008609,0.018870537942483903,0.08534488459893369,3275.2992948184815,1610.5275562217914,1241.692269023851,640.7831232638157,483.5942592494015,263.6335055351131,112.61998131093826,62.078675781364
16634,kaon,10449.277814219671,3.8602394536557862,0.01405409128953068,0.10931763397196223,10449.277814219671,6973.440441645115,3145.5969992759447,1945.5450213288254,1316.2129278122763,883.3824268329332,744.5891242491168,520.8660321626583
12903,kaon,7938.242814495968,3.2213158046370975,0.1531973108813381,0.016529075009927847,7938.242814495968,3975.2224528714514,1715.2792714559234,1122.9455266481045,776.6941592577505,468.4068856878064,252.31670263568523,195.21187647288613
10402,proton,12722.312770177215,2.9072783145700654,0.0015892777585326588,0.07093618383876427,12722.312770177215,4883.556330884428,3233.326781785461,1628.4938116811186,750.3211806393698,398.86910576007017,341.49804539806024,135.09441196699376
24575,muon,7057.10820307309,2.678356317182198,0.01611658910531647,0.4237291113608872,7057.10820307309,2709.8176903921626,1605.8693559033097,638.4388343605711,353.99140211585535,173.86741094868964,93.28818263151113,76.3266451982604
8964,proton,12162.433145579278,3.3298173666666053,0.10142217441974986,0.038678131100112395,12162.433145579278,5666.911604419318,2780.179432327432,1703.7503225217545,1213.804831987861,990.7461721127063,552.5674221054921,315.04792569689414
24284,muon,9304.432098375082,3.356961078442747,0.0035270784666197653,0.22124923500661195,9304.432098375082,2955.991471062316,2362.645404173606,1909.3582293021748,1002.2138572014526,694.020152476222,380.208415557372,276.6054531029593
22835,muon,18906.4057934269,1.9923892842287576,0.03553322505667415,0.11146295297617674,18906.4057934269,3759.1453596536917,2063.4463344967453,1003.8230725753251,881.9813766788997,371.7396261389612,294.9160106467396,157.1511083385168
9015,proton,16652.015645193995,2.793332180687545,0.05131000895394334,0.0006419142021140434,16652.015645193995,5019.72046956396,3524.881590525126,1928.7427793611275,1136.726347486909,801.8367154080012,609.4936298925342,271.43213253742243
17221,kaon,8281.321422647365,3.4685262191062494,0.0010094318808563,0.05800142379059269,8281.321422647365,3773.2745271795843,1723.479357143715,1297.9612258540194,1087.7088181656732,595.9838347587472,514.1362463686643,334.14632490805616
13281,kaon,11407.710983072919,2.7168970372514107,0.09458632428037735,0.012693008637263763,11407.710983072919,3424.038636013127,2255.212532910667,1480.806285841657,656.7739052740559,490.4658818412015,300.433653869861,167.25312847298818
26292,muon,13014.225924802528,4.069700500124824,0.060354245341157624,0.010643026962030948,13014.225924802528,6146.462371610975,3634.392723521394,2935.3394862611617,2068.2561576913517,1844.0312220738665,1068.237675431387,408.61930124672057
27553,muon,7470.233055328333,2.652702471625828,0.03264250429940507,0.0077220517935585944,7470.233055328333,3383.5582227873842,1177.7475311493347,465.1720858930808,400.9862970719839,343.97304486108743,189.1311265326669,116.39588851667385
