method,reference,n_short,n_reference,median_distance,relative_to_self
vae,long_mip,5000,2470,2.21177778119259,5.0020435572570445
vae,kaon_window,5000,2470,1.5246479617947992,1.1262104403886972
vae,proton,5000,2470,2.2038982897645605,3.0821906256911213
ae,long_mip,5000,2470,2.175522343151304,5.613014299303576
ae,kaon_window,5000,2470,1.4793599295789535,1.1109224519430567
ae,proton,5000,2470,2.1941069138358618,3.3051314555115425
random,long_mip,5000,2470,1.91959350451927,2.0227712540353426
random,kaon_window,5000,2470,1.7794599534569921,1.0496954777314056
random,proton,5000,2470,1.7601538918691526,1.3337175741699476
