query,replicate,n_query,n_reference,fraction_short_closer,median_short_distance,median_long_mip_distance
kaon_window,0,2470,2470,0.7935222672064778,1.4049491445291824,1.960680167242879
proton,0,3866,2470,0.7234868080703569,1.4059137170791542,1.8801269237458864
kaon_window,1,2470,2470,0.8044534412955465,1.4126202523088112,1.965405892743708
proton,1,3866,2470,0.7454733574754268,1.39159360415649,1.8873579041284323
kaon_window,2,2470,2470,0.7995951417004049,1.4066620944600652,1.964199857171375
proton,2,3866,2470,0.7410760475944128,1.4029254697867475,1.9012398639387702
kaon_window,3,2470,2470,0.8016194331983806,1.4010047063446776,1.9742497883919796
proton,3,3866,2470,0.7157268494568029,1.417995696474299,1.8940620505641994
kaon_window,4,2470,2470,0.7967611336032389,1.4074762337457936,1.952223988426642
proton,4,3866,2470,0.7343507501293326,1.4042500885387454,1.8766675866905773
kaon_window,5,2470,2470,0.7955465587044535,1.3952654743986708,1.9633956465543
proton,5,3866,2470,0.7214174857734093,1.4126649380364658,1.8709508635362904
kaon_window,6,2470,2470,0.7906882591093117,1.402346353743258,1.9537600770920518
proton,6,3866,2470,0.7382307294361097,1.356271553790431,1.8836105249156176
kaon_window,7,2470,2470,0.8097165991902834,1.395601311596339,1.9495188357705695
proton,7,3866,2470,0.7765131919296431,1.3878338935182843,1.8728581401979778
kaon_window,8,2470,2470,0.8,1.4017129505822536,1.9615878266617834
proton,8,3866,2470,0.7291774443869633,1.4162242222065684,1.866709277268503
kaon_window,9,2470,2470,0.7939271255060729,1.402213888965269,1.9614143642818023
proton,9,3866,2470,0.726849456802897,1.3979376879574503,1.8729100731229953
