reference,replicate,n_short,n_reference,median_distance,q90_distance,reference_self_median,relative_to_self
long_mip,0,25488,2470,2.208452082001858,4.060894339069699,0.4471869657183954,4.938543050900492
kaon_window,0,25488,2470,1.5256506190204546,2.390079313983389,1.3537860306716623,1.1269510723666754
proton,0,25488,2470,2.2114579454960546,3.7991225930379864,0.7136635850873209,3.0987400670379865
long_mip,1,25488,2470,2.2204396014884056,4.074537085816819,0.4446516658802864,4.993660817828162
kaon_window,1,25488,2470,1.5256506190204546,2.390079313983389,1.3537860306716623,1.1269510723666754
proton,1,25488,2470,2.2239907879170078,3.807936308675199,0.7093841726822552,3.1351006599257323
long_mip,2,25488,2470,2.2015747645527814,4.060981383879563,0.447613760314099,4.918469805324785
kaon_window,2,25488,2470,1.5256506190204546,2.390079313983389,1.3537860306716623,1.1269510723666754
proton,2,25488,2470,2.2305947720908663,3.7588713071966895,0.7143615430031413,3.1225011955620596
long_mip,3,25488,2470,2.2035750238881873,4.059318753258365,0.44267221004990176,4.97789328957375
kaon_window,3,25488,2470,1.5256506190204546,2.390079313983389,1.3537860306716623,1.1269510723666754
proton,3,25488,2470,2.245985574746392,3.8083988350030062,0.701949717303158,3.199638833640837
long_mip,4,25488,2470,2.1985584427495093,4.0565904647858275,0.44304228057514283,4.962412255316611
kaon_window,4,25488,2470,1.5256506190204546,2.390079313983389,1.3537860306716623,1.1269510723666754
proton,4,25488,2470,2.2307995513259327,3.8074118214606343,0.7068443953171234,3.155998075538382
long_mip,5,25488,2470,2.2131734873753337,4.073514020611471,0.44503676569745615,4.973012699089873
kaon_window,5,25488,2470,1.5256506190204546,2.390079313983389,1.3537860306716623,1.1269510723666754
proton,5,25488,2470,2.2182683330960433,3.841201876116982,0.7130928786717827,3.1107705594085058
long_mip,6,25488,2470,2.1996271193915984,4.053053499273832,0.4476835833011795,4.913352201060715
kaon_window,6,25488,2470,1.5256506190204546,2.390079313983389,1.3537860306716623,1.1269510723666754
proton,6,25488,2470,2.2346287027888874,3.8482030186742637,0.6986021629120261,3.1987142631711127
long_mip,7,25488,2470,2.2077724205167373,4.0669575012366,0.44154311421565506,5.000128751726914
kaon_window,7,25488,2470,1.5256506190204546,2.390079313983389,1.3537860306716623,1.1269510723666754
proton,7,25488,2470,2.219297147311173,3.793526623179864,0.7124609781709114,3.114973613023321
long_mip,8,25488,2470,2.191596868704643,4.046316223209522,0.4495195044772231,4.875421081568864
kaon_window,8,25488,2470,1.5256506190204546,2.390079313983389,1.3537860306716623,1.1269510723666754
proton,8,25488,2470,2.2341776423552875,3.8145539901201713,0.7056934746430689,3.165932125821777
long_mip,9,25488,2470,2.198352928394213,4.065475569126623,0.44561215793090236,4.933332471451766
kaon_window,9,25488,2470,1.5256506190204546,2.390079313983389,1.3537860306716623,1.1269510723666754
proton,9,25488,2470,2.2212317597304114,3.7618178929991126,0.7085896364829939,3.1347223348555433
