plane,metric,mean,minimum,maximum
collection,tag_ari,0.30836735981178104,0.2946823046846971,0.3181152297241749
induction,tag_ari,0.2817696331911086,0.1910692940746665,0.4015853609072121
both,tag_ari,0.3518781455775775,0.339446609619235,0.3608340315433045
collection,mean_adc_r2,0.4095663462397658,0.4025962951703886,0.4211133752153165
induction,mean_adc_r2,0.34044691191291054,0.3256288812986587,0.3546077822025939
both,mean_adc_r2,0.3881288921951489,0.3798067472834004,0.403747170442884
collection,solidity_r2,0.5686802388790478,0.5660240251476406,0.5708724964358096
induction,solidity_r2,0.31313651455782204,0.2969283287133882,0.3250843572858481
both,solidity_r2,0.5573918690885091,0.5468857183903614,0.5676101435012526
