plane,seed,partition,metric,species,value
collection,0,test,tag_ari,all,0.31811522972417494
collection,0,run_test,tag_ari,all,0.33059219151035807
collection,0,test,mean_adc_r2,proton,0.730235415370339
collection,0,run_test,mean_adc_r2,proton,0.7390827643630729
collection,0,test,mean_adc_r2,kaon,0.40259629517038864
collection,0,run_test,mean_adc_r2,kaon,0.405375370141549
collection,0,test,mean_adc_r2,muon,0.2579371936342456
collection,0,run_test,mean_adc_r2,muon,0.25120346553377004
collection,0,test,solidity_r2,proton,0.4106880340162309
collection,0,run_test,solidity_r2,proton,0.38120583321875157
collection,0,test,solidity_r2,kaon,0.5660240251476406
collection,0,run_test,solidity_r2,kaon,0.5553893674906389
collection,0,test,solidity_r2,muon,0.33629854262904746
collection,0,run_test,solidity_r2,muon,0.3677005641392914
collection,1,test,tag_ari,all,0.312304545026471
collection,1,run_test,tag_ari,all,0.3276417769867602
collection,1,test,mean_adc_r2,proton,0.7568213522286108
collection,1,run_test,mean_adc_r2,proton,0.7623912376552402
collection,1,test,mean_adc_r2,kaon,0.40498936833359234
collection,1,run_test,mean_adc_r2,kaon,0.40874281932945467
collection,1,test,mean_adc_r2,muon,0.3242845293727745
collection,1,run_test,mean_adc_r2,muon,0.3186221181804857
collection,1,test,solidity_r2,proton,0.41344694864752796
collection,1,run_test,solidity_r2,proton,0.3802927267081353
collection,1,test,solidity_r2,kaon,0.5708724964358096
collection,1,run_test,solidity_r2,kaon,0.5587863327697589
collection,1,test,solidity_r2,muon,0.30831076084986797
collection,1,run_test,solidity_r2,muon,0.3497990256369463
collection,2,test,tag_ari,all,0.2946823046846971
collection,2,run_test,tag_ari,all,0.30198055755782743
collection,2,test,mean_adc_r2,proton,0.7482570630242009
collection,2,run_test,mean_adc_r2,proton,0.7576765505056705
collection,2,test,mean_adc_r2,kaon,0.42111337521531655
collection,2,run_test,mean_adc_r2,kaon,0.4254610747101576
collection,2,test,mean_adc_r2,muon,0.3497295966540418
collection,2,run_test,mean_adc_r2,muon,0.33924181198928993
collection,2,test,solidity_r2,proton,0.42568919206616285
collection,2,run_test,solidity_r2,proton,0.3910602027190355
collection,2,test,solidity_r2,kaon,0.5691441950536933
collection,2,run_test,solidity_r2,kaon,0.5491102169944306
collection,2,test,solidity_r2,muon,0.32948488509245644
collection,2,run_test,solidity_r2,muon,0.3607484319179042
induction,0,test,tag_ari,all,0.40158536090721214
induction,0,run_test,tag_ari,all,0.3595774724603225
induction,0,test,mean_adc_r2,proton,0.65814856492022
induction,0,run_test,mean_adc_r2,proton,0.6515628631963575
induction,0,test,mean_adc_r2,kaon,0.32562888129865875
induction,0,run_test,mean_adc_r2,kaon,0.33852729574713614
induction,0,test,mean_adc_r2,muon,0.2500944711895329
induction,0,run_test,mean_adc_r2,muon,0.24865353659089862
induction,0,test,solidity_r2,proton,0.3605109441483263
induction,0,run_test,solidity_r2,proton,0.3360113010158796
induction,0,test,solidity_r2,kaon,0.31739685767423
induction,0,run_test,solidity_r2,kaon,0.30924217849914704
induction,0,test,solidity_r2,muon,0.2503178050329212
induction,0,run_test,solidity_r2,muon,0.2686492127186749
induction,1,test,tag_ari,all,0.2526542445914472
induction,1,run_test,tag_ari,all,0.250230379487047
induction,1,test,mean_adc_r2,proton,0.7323209164813943
induction,1,run_test,mean_adc_r2,proton,0.7210831506264088
induction,1,test,mean_adc_r2,kaon,0.3546077822025939
induction,1,run_test,mean_adc_r2,kaon,0.3752397387589155
induction,1,test,mean_adc_r2,muon,0.25859887341958343
induction,1,run_test,mean_adc_r2,muon,0.2738843922042766
induction,1,test,solidity_r2,proton,0.37863722758981233
induction,1,run_test,solidity_r2,proton,0.3551805034800991
induction,1,test,solidity_r2,kaon,0.32508435728584817
induction,1,run_test,solidity_r2,kaon,0.3147599435294869
induction,1,test,solidity_r2,muon,0.22586033242955872
induction,1,run_test,solidity_r2,muon,0.2575438423706897
induction,2,test,tag_ari,all,0.19106929407466652
induction,2,run_test,tag_ari,all,0.22014598329584417
induction,2,test,mean_adc_r2,proton,0.7088904503586853
induction,2,run_test,mean_adc_r2,proton,0.691307344896162
induction,2,test,mean_adc_r2,kaon,0.3411040722374791
induction,2,run_test,mean_adc_r2,kaon,0.35555723336786593
induction,2,test,mean_adc_r2,muon,0.2698778572985223
induction,2,run_test,mean_adc_r2,muon,0.2802836233501065
induction,2,test,solidity_r2,proton,0.32953177606045325
induction,2,run_test,solidity_r2,proton,0.3092907344044147
induction,2,test,solidity_r2,kaon,0.29692832871338826
induction,2,run_test,solidity_r2,kaon,0.27984184284729774
induction,2,test,solidity_r2,muon,0.2544035176156271
induction,2,run_test,solidity_r2,muon,0.28101523082810265
