method,seed,features,reader,partition,quality,n,r2,low,high
masked_ae,2,covariates,ridge,test,all,2470,0.0995370993145989,0.0788035336573736,0.1193757075787377
masked_ae,2,covariates,ridge,test,picky,354,0.0175737817382719,-0.0308355051127255,0.0562481199717378
masked_ae,2,covariates,ridge,run_test,all,1772,0.0934731834291301,0.0688363171039058,0.1157642593423403
masked_ae,2,covariates,ridge,run_test,picky,236,-0.039989308061934,-0.1224648574132109,0.0064870680286533
masked_ae,2,covariates,nonlinear,test,all,2470,0.2474092734246779,0.2158141875078452,0.27619066851225
masked_ae,2,covariates,nonlinear,test,picky,354,-0.012342253388208,-0.0926290705634387,0.0554225015774947
masked_ae,2,covariates,nonlinear,run_test,all,1772,0.2205658827947201,0.1806196403483719,0.260382434731623
masked_ae,2,covariates,nonlinear,run_test,picky,236,-0.1073327113252939,-0.2324009782333914,-0.0139225881832111
masked_ae,2,covariates_endpoint,ridge,test,all,2470,0.1638350196257342,0.1333568915789026,0.1931392621868345
masked_ae,2,covariates_endpoint,ridge,test,picky,354,-0.0052584238477033,-0.1190235167983983,0.1154054449201353
masked_ae,2,covariates_endpoint,ridge,run_test,all,1772,0.1454988070993785,0.1113564651880395,0.1800106635861281
masked_ae,2,covariates_endpoint,ridge,run_test,picky,236,-0.1438989117473352,-0.3124993549597637,0.0073525765538526
masked_ae,2,covariates_endpoint,nonlinear,test,all,2470,0.2621253762973263,0.2299737785038312,0.2936289593964615
masked_ae,2,covariates_endpoint,nonlinear,test,picky,354,-0.0642553663037053,-0.2275469005769268,0.0790853596383551
masked_ae,2,covariates_endpoint,nonlinear,run_test,all,1772,0.2244342485295573,0.1835383424762955,0.270652431745628
masked_ae,2,covariates_endpoint,nonlinear,run_test,picky,236,-0.4232446205199427,-0.651514927883613,-0.2056239150221269
masked_ae,2,covariates_representation,ridge,test,all,2470,0.1103830676967796,0.0833519034168047,0.1364664560135002
masked_ae,2,covariates_representation,ridge,test,picky,354,-0.0491217775867167,-0.1340449964764369,0.0322714938938394
masked_ae,2,covariates_representation,ridge,run_test,all,1772,0.1097003035862053,0.0815674460170101,0.1396015828621992
masked_ae,2,covariates_representation,ridge,run_test,picky,236,-0.0935888759078094,-0.1856942668560925,-5.497162863465064e-05
masked_ae,2,covariates_representation,nonlinear,test,all,2470,0.2561108718577433,0.2243431435636972,0.2915150349515726
masked_ae,2,covariates_representation,nonlinear,test,picky,354,-0.0975139786879786,-0.2671085994750072,0.0271753125941305
masked_ae,2,covariates_representation,nonlinear,run_test,all,1772,0.2424194429204659,0.2054507433032223,0.2798016089015484
masked_ae,2,covariates_representation,nonlinear,run_test,picky,236,-0.3673925066193404,-0.5911187217714503,-0.1693883774245708
masked_ae,2,covariates_endpoint_representation,ridge,test,all,2470,0.1602875638081025,0.1256961704807395,0.1912786766183382
masked_ae,2,covariates_endpoint_representation,ridge,test,picky,354,-0.0669001893990131,-0.1852399007525712,0.0671119187964482
masked_ae,2,covariates_endpoint_representation,ridge,run_test,all,1772,0.1411772974673004,0.1058657503441916,0.1761500303972786
masked_ae,2,covariates_endpoint_representation,ridge,run_test,picky,236,-0.1773023456031253,-0.3550758543923282,-0.0159206367110942
masked_ae,2,covariates_endpoint_representation,nonlinear,test,all,2470,0.2668695411402549,0.2329353330711502,0.3008853851407654
masked_ae,2,covariates_endpoint_representation,nonlinear,test,picky,354,-0.0756488783409732,-0.243685885785972,0.0783158038139227
masked_ae,2,covariates_endpoint_representation,nonlinear,run_test,all,1772,0.2251278967013533,0.1822161184749114,0.2658443621463527
masked_ae,2,covariates_endpoint_representation,nonlinear,run_test,picky,236,-0.4668642403943495,-0.7119448795297907,-0.2612554852503211
endpoint_pca,-1,covariates,ridge,test,all,2470,0.0995370993145989,0.0788035336573736,0.1193757075787377
endpoint_pca,-1,covariates,ridge,test,picky,354,0.0175737817382719,-0.0308355051127255,0.0562481199717378
endpoint_pca,-1,covariates,ridge,run_test,all,1772,0.0934731834291301,0.0688363171039058,0.1157642593423403
endpoint_pca,-1,covariates,ridge,run_test,picky,236,-0.039989308061934,-0.1224648574132109,0.0064870680286533
endpoint_pca,-1,covariates,nonlinear,test,all,2470,0.2474092734246779,0.2158141875078452,0.27619066851225
endpoint_pca,-1,covariates,nonlinear,test,picky,354,-0.012342253388208,-0.0926290705634387,0.0554225015774947
endpoint_pca,-1,covariates,nonlinear,run_test,all,1772,0.2205658827947201,0.1806196403483719,0.260382434731623
endpoint_pca,-1,covariates,nonlinear,run_test,picky,236,-0.1073327113252939,-0.2324009782333914,-0.0139225881832111
endpoint_pca,-1,covariates_endpoint,ridge,test,all,2470,0.1638350196257342,0.1333568915789026,0.1931392621868345
endpoint_pca,-1,covariates_endpoint,ridge,test,picky,354,-0.0052584238477033,-0.1190235167983983,0.1154054449201353
endpoint_pca,-1,covariates_endpoint,ridge,run_test,all,1772,0.1454988070993785,0.1113564651880395,0.1800106635861281
endpoint_pca,-1,covariates_endpoint,ridge,run_test,picky,236,-0.1438989117473352,-0.3124993549597637,0.0073525765538526
endpoint_pca,-1,covariates_endpoint,nonlinear,test,all,2470,0.2621253762973263,0.2299737785038312,0.2936289593964615
endpoint_pca,-1,covariates_endpoint,nonlinear,test,picky,354,-0.0642553663037053,-0.2275469005769268,0.0790853596383551
endpoint_pca,-1,covariates_endpoint,nonlinear,run_test,all,1772,0.2244342485295573,0.1835383424762955,0.270652431745628
endpoint_pca,-1,covariates_endpoint,nonlinear,run_test,picky,236,-0.4232446205199427,-0.651514927883613,-0.2056239150221269
endpoint_pca,-1,covariates_representation,ridge,test,all,2470,0.1667586815920251,0.1392235122898817,0.1935698942781271
endpoint_pca,-1,covariates_representation,ridge,test,picky,354,0.0296233375391794,-0.0780755805037267,0.1299892511191854
endpoint_pca,-1,covariates_representation,ridge,run_test,all,1772,0.149730079015141,0.118784946232634,0.1811378502649386
endpoint_pca,-1,covariates_representation,ridge,run_test,picky,236,-0.0771859066286837,-0.2035636360601432,0.0522804985789945
endpoint_pca,-1,covariates_representation,nonlinear,test,all,2470,0.2716704643175247,0.2409685804197439,0.3025848527214317
endpoint_pca,-1,covariates_representation,nonlinear,test,picky,354,-0.0405921553529158,-0.2200440175225896,0.1033655430873435
endpoint_pca,-1,covariates_representation,nonlinear,run_test,all,1772,0.2214093871519515,0.1800572208314648,0.2622334795395261
endpoint_pca,-1,covariates_representation,nonlinear,run_test,picky,236,-0.4072040401814596,-0.6417786725613103,-0.2157729697534772
endpoint_pca,-1,covariates_endpoint_representation,ridge,test,all,2470,0.1638398628135838,0.1333522560402226,0.1931922432178714
endpoint_pca,-1,covariates_endpoint_representation,ridge,test,picky,354,-0.0054858425444066,-0.1194543540686177,0.1152584474307385
endpoint_pca,-1,covariates_endpoint_representation,ridge,run_test,all,1772,0.1454704923540961,0.1112939828760074,0.1799864867035211
endpoint_pca,-1,covariates_endpoint_representation,ridge,run_test,picky,236,-0.1442033355322889,-0.3128751752428152,0.0072497298823496
endpoint_pca,-1,covariates_endpoint_representation,nonlinear,test,all,2470,0.2622131238615491,0.2317812616826443,0.2936247506858043
endpoint_pca,-1,covariates_endpoint_representation,nonlinear,test,picky,354,-0.0753591332885241,-0.2560796982606792,0.100024957735378
endpoint_pca,-1,covariates_endpoint_representation,nonlinear,run_test,all,1772,0.2167052022421286,0.1756029709259134,0.2587484772075017
endpoint_pca,-1,covariates_endpoint_representation,nonlinear,run_test,picky,236,-0.4227010470014427,-0.6824572541971927,-0.1927674059288269
random,0,covariates,ridge,test,all,2470,0.0995370993145989,0.0788035336573736,0.1193757075787377
random,0,covariates,ridge,test,picky,354,0.0175737817382719,-0.0308355051127255,0.0562481199717378
random,0,covariates,ridge,run_test,all,1772,0.0934731834291301,0.0688363171039058,0.1157642593423403
random,0,covariates,ridge,run_test,picky,236,-0.039989308061934,-0.1224648574132109,0.0064870680286533
random,0,covariates,nonlinear,test,all,2470,0.2474092734246779,0.2158141875078452,0.27619066851225
random,0,covariates,nonlinear,test,picky,354,-0.012342253388208,-0.0926290705634387,0.0554225015774947
random,0,covariates,nonlinear,run_test,all,1772,0.2205658827947201,0.1806196403483719,0.260382434731623
random,0,covariates,nonlinear,run_test,picky,236,-0.1073327113252939,-0.2324009782333914,-0.0139225881832111
random,0,covariates_endpoint,ridge,test,all,2470,0.1638350196257342,0.1333568915789026,0.1931392621868345
random,0,covariates_endpoint,ridge,test,picky,354,-0.0052584238477033,-0.1190235167983983,0.1154054449201353
random,0,covariates_endpoint,ridge,run_test,all,1772,0.1454988070993785,0.1113564651880395,0.1800106635861281
random,0,covariates_endpoint,ridge,run_test,picky,236,-0.1438989117473352,-0.3124993549597637,0.0073525765538526
random,0,covariates_endpoint,nonlinear,test,all,2470,0.2621253762973263,0.2299737785038312,0.2936289593964615
random,0,covariates_endpoint,nonlinear,test,picky,354,-0.0642553663037053,-0.2275469005769268,0.0790853596383551
random,0,covariates_endpoint,nonlinear,run_test,all,1772,0.2244342485295573,0.1835383424762955,0.270652431745628
random,0,covariates_endpoint,nonlinear,run_test,picky,236,-0.4232446205199427,-0.651514927883613,-0.2056239150221269
random,0,covariates_representation,ridge,test,all,2470,0.0931599701233312,0.0734264953499616,0.1142295628759814
random,0,covariates_representation,ridge,test,picky,354,-0.0140664442313613,-0.0682707505255605,0.0373560944266007
random,0,covariates_representation,ridge,run_test,all,1772,0.0867943228270965,0.0577320270174589,0.1132360814059049
random,0,covariates_representation,ridge,run_test,picky,236,-0.0203947384502936,-0.0900399608876536,0.0388468068498875
random,0,covariates_representation,nonlinear,test,all,2470,0.2125354269029993,0.1769314787165649,0.2448370436440071
random,0,covariates_representation,nonlinear,test,picky,354,-0.0684716608530762,-0.2119964680798171,0.0355319054119876
random,0,covariates_representation,nonlinear,run_test,all,1772,0.2014892318236821,0.1631204719497515,0.2407110456442905
random,0,covariates_representation,nonlinear,run_test,picky,236,-0.2648220375936756,-0.4334692311149605,-0.12055804108322
random,0,covariates_endpoint_representation,ridge,test,all,2470,0.1616295422300473,0.1305294629838682,0.1900303340654591
random,0,covariates_endpoint_representation,ridge,test,picky,354,-0.0109543928163737,-0.1258096774208372,0.1136742045024076
random,0,covariates_endpoint_representation,ridge,run_test,all,1772,0.1383103293921147,0.101831729258367,0.1757081074971525
random,0,covariates_endpoint_representation,ridge,run_test,picky,236,-0.1246125193671539,-0.3051741095033276,0.018390985573405
random,0,covariates_endpoint_representation,nonlinear,test,all,2470,0.2491947339644133,0.2132657639994971,0.2825222741946347
random,0,covariates_endpoint_representation,nonlinear,test,picky,354,-0.0531042524352629,-0.2253435625785917,0.1028610439713415
random,0,covariates_endpoint_representation,nonlinear,run_test,all,1772,0.2160670912481904,0.1783335504090449,0.2614650239971477
random,0,covariates_endpoint_representation,nonlinear,run_test,picky,236,-0.4164676994145215,-0.6398391139088334,-0.2097175473956861
fulltrack_pca,-1,covariates,ridge,test,all,2470,0.0995370993145989,0.0788035336573736,0.1193757075787377
fulltrack_pca,-1,covariates,ridge,test,picky,354,0.0175737817382719,-0.0308355051127255,0.0562481199717378
fulltrack_pca,-1,covariates,ridge,run_test,all,1772,0.0934731834291301,0.0688363171039058,0.1157642593423403
fulltrack_pca,-1,covariates,ridge,run_test,picky,236,-0.039989308061934,-0.1224648574132109,0.0064870680286533
fulltrack_pca,-1,covariates,nonlinear,test,all,2470,0.2474092734246779,0.2158141875078452,0.27619066851225
fulltrack_pca,-1,covariates,nonlinear,test,picky,354,-0.012342253388208,-0.0926290705634387,0.0554225015774947
fulltrack_pca,-1,covariates,nonlinear,run_test,all,1772,0.2205658827947201,0.1806196403483719,0.260382434731623
fulltrack_pca,-1,covariates,nonlinear,run_test,picky,236,-0.1073327113252939,-0.2324009782333914,-0.0139225881832111
fulltrack_pca,-1,covariates_endpoint,ridge,test,all,2470,0.1638350196257342,0.1333568915789026,0.1931392621868345
fulltrack_pca,-1,covariates_endpoint,ridge,test,picky,354,-0.0052584238477033,-0.1190235167983983,0.1154054449201353
fulltrack_pca,-1,covariates_endpoint,ridge,run_test,all,1772,0.1454988070993785,0.1113564651880395,0.1800106635861281
fulltrack_pca,-1,covariates_endpoint,ridge,run_test,picky,236,-0.1438989117473352,-0.3124993549597637,0.0073525765538526
fulltrack_pca,-1,covariates_endpoint,nonlinear,test,all,2470,0.2621253762973263,0.2299737785038312,0.2936289593964615
fulltrack_pca,-1,covariates_endpoint,nonlinear,test,picky,354,-0.0642553663037053,-0.2275469005769268,0.0790853596383551
fulltrack_pca,-1,covariates_endpoint,nonlinear,run_test,all,1772,0.2244342485295573,0.1835383424762955,0.270652431745628
fulltrack_pca,-1,covariates_endpoint,nonlinear,run_test,picky,236,-0.4232446205199427,-0.651514927883613,-0.2056239150221269
fulltrack_pca,-1,covariates_representation,ridge,test,all,2470,0.1585350140581987,0.1286145361532343,0.1890690037826113
fulltrack_pca,-1,covariates_representation,ridge,test,picky,354,-0.0119708904181627,-0.1402777165603931,0.1149945343963666
fulltrack_pca,-1,covariates_representation,ridge,run_test,all,1772,0.1646222565601274,0.1287749368535051,0.1977005024882516
fulltrack_pca,-1,covariates_representation,ridge,run_test,picky,236,-0.193940238781187,-0.3693422154341858,-0.0328044359015451
fulltrack_pca,-1,covariates_representation,nonlinear,test,all,2470,0.276507737226364,0.2371562266013454,0.310335611798136
fulltrack_pca,-1,covariates_representation,nonlinear,test,picky,354,-0.0087213591944987,-0.1581853041827744,0.1290219138789379
fulltrack_pca,-1,covariates_representation,nonlinear,run_test,all,1772,0.2545018876032454,0.2129284114999587,0.3010168062693226
fulltrack_pca,-1,covariates_representation,nonlinear,run_test,picky,236,-0.3136508987789947,-0.5301846102323722,-0.1289029378324408
fulltrack_pca,-1,covariates_endpoint_representation,ridge,test,all,2470,0.1640961330328098,0.1334408008274158,0.1970605663659647
fulltrack_pca,-1,covariates_endpoint_representation,ridge,test,picky,354,-0.0247710779155914,-0.1703709397219644,0.1364741403796185
fulltrack_pca,-1,covariates_endpoint_representation,ridge,run_test,all,1772,0.1524036464487599,0.1165998113988694,0.1874202851482931
fulltrack_pca,-1,covariates_endpoint_representation,ridge,run_test,picky,236,-0.2554730654567554,-0.470781622780739,-0.0657299709888932
fulltrack_pca,-1,covariates_endpoint_representation,nonlinear,test,all,2470,0.280751569006609,0.2471266949882557,0.314322300201133
fulltrack_pca,-1,covariates_endpoint_representation,nonlinear,test,picky,354,-0.0039026917384108,-0.1731028985351933,0.1410757362972003
fulltrack_pca,-1,covariates_endpoint_representation,nonlinear,run_test,all,1772,0.2378979803486628,0.1954942831969964,0.2864679007784217
fulltrack_pca,-1,covariates_endpoint_representation,nonlinear,run_test,picky,236,-0.3914713206754017,-0.6032084908312495,-0.1878753407374233
vae,2,covariates,ridge,test,all,2470,0.0995370993145989,0.0788035336573736,0.1193757075787377
vae,2,covariates,ridge,test,picky,354,0.0175737817382719,-0.0308355051127255,0.0562481199717378
vae,2,covariates,ridge,run_test,all,1772,0.0934731834291301,0.0688363171039058,0.1157642593423403
vae,2,covariates,ridge,run_test,picky,236,-0.039989308061934,-0.1224648574132109,0.0064870680286533
vae,2,covariates,nonlinear,test,all,2470,0.2474092734246779,0.2158141875078452,0.27619066851225
vae,2,covariates,nonlinear,test,picky,354,-0.012342253388208,-0.0926290705634387,0.0554225015774947
vae,2,covariates,nonlinear,run_test,all,1772,0.2205658827947201,0.1806196403483719,0.260382434731623
vae,2,covariates,nonlinear,run_test,picky,236,-0.1073327113252939,-0.2324009782333914,-0.0139225881832111
vae,2,covariates_endpoint,ridge,test,all,2470,0.1638350196257342,0.1333568915789026,0.1931392621868345
vae,2,covariates_endpoint,ridge,test,picky,354,-0.0052584238477033,-0.1190235167983983,0.1154054449201353
vae,2,covariates_endpoint,ridge,run_test,all,1772,0.1454988070993785,0.1113564651880395,0.1800106635861281
vae,2,covariates_endpoint,ridge,run_test,picky,236,-0.1438989117473352,-0.3124993549597637,0.0073525765538526
vae,2,covariates_endpoint,nonlinear,test,all,2470,0.2621253762973263,0.2299737785038312,0.2936289593964615
vae,2,covariates_endpoint,nonlinear,test,picky,354,-0.0642553663037053,-0.2275469005769268,0.0790853596383551
vae,2,covariates_endpoint,nonlinear,run_test,all,1772,0.2244342485295573,0.1835383424762955,0.270652431745628
vae,2,covariates_endpoint,nonlinear,run_test,picky,236,-0.4232446205199427,-0.651514927883613,-0.2056239150221269
vae,2,covariates_representation,ridge,test,all,2470,0.1085060919185643,0.0834113512158294,0.1355452216775453
vae,2,covariates_representation,ridge,test,picky,354,-0.0407574858063854,-0.1270623010320159,0.0331662293775804
vae,2,covariates_representation,ridge,run_test,all,1772,0.0936924291162619,0.0638653924148741,0.1231164364849376
vae,2,covariates_representation,ridge,run_test,picky,236,-0.1131094718500491,-0.2222005593873263,-0.0162087076484404
vae,2,covariates_representation,nonlinear,test,all,2470,0.2554875513582655,0.2227512813818245,0.2922816578849365
vae,2,covariates_representation,nonlinear,test,picky,354,-0.104851931311465,-0.2499696091079485,0.0275390057339938
vae,2,covariates_representation,nonlinear,run_test,all,1772,0.222891389645203,0.1827060057992939,0.2599570162127909
vae,2,covariates_representation,nonlinear,run_test,picky,236,-0.2784033138848645,-0.45310576767352,-0.1047856415950232
vae,2,covariates_endpoint_representation,ridge,test,all,2470,0.1591495790237472,0.1245376063375296,0.190106485407766
vae,2,covariates_endpoint_representation,ridge,test,picky,354,-0.0493940033106456,-0.1737515584406953,0.0786697232192
vae,2,covariates_endpoint_representation,ridge,run_test,all,1772,0.1353650236257807,0.0982620630238227,0.167559623908646
vae,2,covariates_endpoint_representation,ridge,run_test,picky,236,-0.1587805491276597,-0.3272157785106306,-0.004598597013849
vae,2,covariates_endpoint_representation,nonlinear,test,all,2470,0.2598718769768596,0.2244595128469206,0.2919138395213454
vae,2,covariates_endpoint_representation,nonlinear,test,picky,354,-0.0685868696934723,-0.2559616029354473,0.0907995756323012
vae,2,covariates_endpoint_representation,nonlinear,run_test,all,1772,0.2150937890643014,0.1738210101742273,0.2544126092925872
vae,2,covariates_endpoint_representation,nonlinear,run_test,picky,236,-0.4941326064267561,-0.7630941001739604,-0.2770468761957493
random,1,covariates,ridge,test,all,2470,0.0995370993145989,0.0788035336573736,0.1193757075787377
random,1,covariates,ridge,test,picky,354,0.0175737817382719,-0.0308355051127255,0.0562481199717378
random,1,covariates,ridge,run_test,all,1772,0.0934731834291301,0.0688363171039058,0.1157642593423403
random,1,covariates,ridge,run_test,picky,236,-0.039989308061934,-0.1224648574132109,0.0064870680286533
random,1,covariates,nonlinear,test,all,2470,0.2474092734246779,0.2158141875078452,0.27619066851225
random,1,covariates,nonlinear,test,picky,354,-0.012342253388208,-0.0926290705634387,0.0554225015774947
random,1,covariates,nonlinear,run_test,all,1772,0.2205658827947201,0.1806196403483719,0.260382434731623
random,1,covariates,nonlinear,run_test,picky,236,-0.1073327113252939,-0.2324009782333914,-0.0139225881832111
random,1,covariates_endpoint,ridge,test,all,2470,0.1638350196257342,0.1333568915789026,0.1931392621868345
random,1,covariates_endpoint,ridge,test,picky,354,-0.0052584238477033,-0.1190235167983983,0.1154054449201353
random,1,covariates_endpoint,ridge,run_test,all,1772,0.1454988070993785,0.1113564651880395,0.1800106635861281
random,1,covariates_endpoint,ridge,run_test,picky,236,-0.1438989117473352,-0.3124993549597637,0.0073525765538526
random,1,covariates_endpoint,nonlinear,test,all,2470,0.2621253762973263,0.2299737785038312,0.2936289593964615
random,1,covariates_endpoint,nonlinear,test,picky,354,-0.0642553663037053,-0.2275469005769268,0.0790853596383551
random,1,covariates_endpoint,nonlinear,run_test,all,1772,0.2244342485295573,0.1835383424762955,0.270652431745628
random,1,covariates_endpoint,nonlinear,run_test,picky,236,-0.4232446205199427,-0.651514927883613,-0.2056239150221269
random,1,covariates_representation,ridge,test,all,2470,0.0971850030166006,0.0758606104189284,0.1175564640460465
random,1,covariates_representation,ridge,test,picky,354,0.0090889925908826,-0.0434606880429029,0.0547200694338902
random,1,covariates_representation,ridge,run_test,all,1772,0.0914508404193545,0.0630672316472225,0.1163551924603668
random,1,covariates_representation,ridge,run_test,picky,236,-0.0286525358107103,-0.1090544983971804,0.030783189195212
random,1,covariates_representation,nonlinear,test,all,2470,0.2167887346173582,0.1808393594391539,0.2550496580876698
random,1,covariates_representation,nonlinear,test,picky,354,-0.1613210160949234,-0.3020265232514776,-0.0417219976304442
random,1,covariates_representation,nonlinear,run_test,all,1772,0.1895977937454332,0.1470748839950958,0.2365002212339315
random,1,covariates_representation,nonlinear,run_test,picky,236,-0.2927688631981668,-0.4673605847325136,-0.1272939658295364
random,1,covariates_endpoint_representation,ridge,test,all,2470,0.1578038940095885,0.1264082742401165,0.1860538313965715
random,1,covariates_endpoint_representation,ridge,test,picky,354,-0.0245645017990108,-0.1497350522598868,0.1026405838869791
random,1,covariates_endpoint_representation,ridge,run_test,all,1772,0.1408515877504583,0.1050115783661355,0.1773938309923556
random,1,covariates_endpoint_representation,ridge,run_test,picky,236,-0.147671964265095,-0.3201959792153223,0.0094444740492301
random,1,covariates_endpoint_representation,nonlinear,test,all,2470,0.2657590528362179,0.2334125719829295,0.2963243945615134
random,1,covariates_endpoint_representation,nonlinear,test,picky,354,-0.0549709364707924,-0.2282768107819792,0.0908145756861234
random,1,covariates_endpoint_representation,nonlinear,run_test,all,1772,0.226469232975518,0.18300687636224,0.2687967022646412
random,1,covariates_endpoint_representation,nonlinear,run_test,picky,236,-0.4006321788810201,-0.6391736392725103,-0.1848039737225687
fulltrack,-1,covariates,ridge,test,all,2470,0.0995370993145989,0.0788035336573736,0.1193757075787377
fulltrack,-1,covariates,ridge,test,picky,354,0.0175737817382719,-0.0308355051127255,0.0562481199717378
fulltrack,-1,covariates,ridge,run_test,all,1772,0.0934731834291301,0.0688363171039058,0.1157642593423403
fulltrack,-1,covariates,ridge,run_test,picky,236,-0.039989308061934,-0.1224648574132109,0.0064870680286533
fulltrack,-1,covariates,nonlinear,test,all,2470,0.2474092734246779,0.2158141875078452,0.27619066851225
fulltrack,-1,covariates,nonlinear,test,picky,354,-0.012342253388208,-0.0926290705634387,0.0554225015774947
fulltrack,-1,covariates,nonlinear,run_test,all,1772,0.2205658827947201,0.1806196403483719,0.260382434731623
fulltrack,-1,covariates,nonlinear,run_test,picky,236,-0.1073327113252939,-0.2324009782333914,-0.0139225881832111
fulltrack,-1,covariates_endpoint,ridge,test,all,2470,0.1638350196257342,0.1333568915789026,0.1931392621868345
fulltrack,-1,covariates_endpoint,ridge,test,picky,354,-0.0052584238477033,-0.1190235167983983,0.1154054449201353
fulltrack,-1,covariates_endpoint,ridge,run_test,all,1772,0.1454988070993785,0.1113564651880395,0.1800106635861281
fulltrack,-1,covariates_endpoint,ridge,run_test,picky,236,-0.1438989117473352,-0.3124993549597637,0.0073525765538526
fulltrack,-1,covariates_endpoint,nonlinear,test,all,2470,0.2621253762973263,0.2299737785038312,0.2936289593964615
fulltrack,-1,covariates_endpoint,nonlinear,test,picky,354,-0.0642553663037053,-0.2275469005769268,0.0790853596383551
fulltrack,-1,covariates_endpoint,nonlinear,run_test,all,1772,0.2244342485295573,0.1835383424762955,0.270652431745628
fulltrack,-1,covariates_endpoint,nonlinear,run_test,picky,236,-0.4232446205199427,-0.651514927883613,-0.2056239150221269
fulltrack,-1,covariates_representation,ridge,test,all,2470,0.1617416254466132,0.1272402455588709,0.1968457893311345
fulltrack,-1,covariates_representation,ridge,test,picky,354,-0.0888674847200525,-0.2443822314945269,0.0655682565492859
fulltrack,-1,covariates_representation,ridge,run_test,all,1772,0.1654968836114275,0.1268762426014334,0.200526846908228
fulltrack,-1,covariates_representation,ridge,run_test,picky,236,-0.2234170665645669,-0.4284404246084599,-0.0480375824709098
fulltrack,-1,covariates_representation,nonlinear,test,all,2470,0.2904010093112134,0.2495408830755973,0.3251909011125584
fulltrack,-1,covariates_representation,nonlinear,test,picky,354,-0.0279977435180962,-0.1965258640888943,0.1217627014850932
fulltrack,-1,covariates_representation,nonlinear,run_test,all,1772,0.266375784616934,0.2264141866502652,0.3076797425415962
fulltrack,-1,covariates_representation,nonlinear,run_test,picky,236,-0.3722734101579414,-0.6587665321892555,-0.1367618627267067
fulltrack,-1,covariates_endpoint_representation,ridge,test,all,2470,0.1547061025770034,0.1198645834212168,0.1886739582960896
fulltrack,-1,covariates_endpoint_representation,ridge,test,picky,354,-0.073048206858667,-0.2468180700400364,0.101904120939739
fulltrack,-1,covariates_endpoint_representation,ridge,run_test,all,1772,0.1393035269730981,0.0975807516674788,0.1788720496859362
fulltrack,-1,covariates_endpoint_representation,ridge,run_test,picky,236,-0.2996990049612009,-0.5545682573703581,-0.1069143082394461
fulltrack,-1,covariates_endpoint_representation,nonlinear,test,all,2470,0.3001939133093932,0.2638061919312689,0.3318274507327071
fulltrack,-1,covariates_endpoint_representation,nonlinear,test,picky,354,0.0152622151927125,-0.1543743052236779,0.1722043604440695
fulltrack,-1,covariates_endpoint_representation,nonlinear,run_test,all,1772,0.2570362586603578,0.21373734392718,0.3002288577554405
fulltrack,-1,covariates_endpoint_representation,nonlinear,run_test,picky,236,-0.2964324136421747,-0.5304358592912028,-0.0801541483791715
active_mask_ae,0,covariates,ridge,test,all,2470,0.0995370993145989,0.0788035336573736,0.1193757075787377
active_mask_ae,0,covariates,ridge,test,picky,354,0.0175737817382719,-0.0308355051127255,0.0562481199717378
active_mask_ae,0,covariates,ridge,run_test,all,1772,0.0934731834291301,0.0688363171039058,0.1157642593423403
active_mask_ae,0,covariates,ridge,run_test,picky,236,-0.039989308061934,-0.1224648574132109,0.0064870680286533
active_mask_ae,0,covariates,nonlinear,test,all,2470,0.2474092734246779,0.2158141875078452,0.27619066851225
active_mask_ae,0,covariates,nonlinear,test,picky,354,-0.012342253388208,-0.0926290705634387,0.0554225015774947
active_mask_ae,0,covariates,nonlinear,run_test,all,1772,0.2205658827947201,0.1806196403483719,0.260382434731623
active_mask_ae,0,covariates,nonlinear,run_test,picky,236,-0.1073327113252939,-0.2324009782333914,-0.0139225881832111
active_mask_ae,0,covariates_endpoint,ridge,test,all,2470,0.1638350196257342,0.1333568915789026,0.1931392621868345
active_mask_ae,0,covariates_endpoint,ridge,test,picky,354,-0.0052584238477033,-0.1190235167983983,0.1154054449201353
active_mask_ae,0,covariates_endpoint,ridge,run_test,all,1772,0.1454988070993785,0.1113564651880395,0.1800106635861281
active_mask_ae,0,covariates_endpoint,ridge,run_test,picky,236,-0.1438989117473352,-0.3124993549597637,0.0073525765538526
active_mask_ae,0,covariates_endpoint,nonlinear,test,all,2470,0.2621253762973263,0.2299737785038312,0.2936289593964615
active_mask_ae,0,covariates_endpoint,nonlinear,test,picky,354,-0.0642553663037053,-0.2275469005769268,0.0790853596383551
active_mask_ae,0,covariates_endpoint,nonlinear,run_test,all,1772,0.2244342485295573,0.1835383424762955,0.270652431745628
active_mask_ae,0,covariates_endpoint,nonlinear,run_test,picky,236,-0.4232446205199427,-0.651514927883613,-0.2056239150221269
active_mask_ae,0,covariates_representation,ridge,test,all,2470,0.1089359316563211,0.0847605845233795,0.1315959361219454
active_mask_ae,0,covariates_representation,ridge,test,picky,354,-0.0567511910541045,-0.1297080423960819,0.0181957265559604
active_mask_ae,0,covariates_representation,ridge,run_test,all,1772,0.0979839010619512,0.071345540445151,0.1239280810516887
active_mask_ae,0,covariates_representation,ridge,run_test,picky,236,-0.0830626178910767,-0.1830286658002662,0.0104554178141636
active_mask_ae,0,covariates_representation,nonlinear,test,all,2470,0.2440518198452301,0.2085563246698573,0.2833749920717304
active_mask_ae,0,covariates_representation,nonlinear,test,picky,354,-0.1859798053782964,-0.390585934206117,-0.0192099275467933
active_mask_ae,0,covariates_representation,nonlinear,run_test,all,1772,0.2286280567931831,0.1887608020099883,0.2677856725871331
active_mask_ae,0,covariates_representation,nonlinear,run_test,picky,236,-0.3452799818472369,-0.5548473710819076,-0.151844537447859
active_mask_ae,0,covariates_endpoint_representation,ridge,test,all,2470,0.1612047013158347,0.1281240265263889,0.1915970874514924
active_mask_ae,0,covariates_endpoint_representation,ridge,test,picky,354,-0.0582284344791719,-0.1806930036742851,0.0699615233202393
active_mask_ae,0,covariates_endpoint_representation,ridge,run_test,all,1772,0.1367832011897284,0.1007508763622098,0.1700152520698914
active_mask_ae,0,covariates_endpoint_representation,ridge,run_test,picky,236,-0.1909639130683258,-0.3762912320778006,-0.0278641366230979
active_mask_ae,0,covariates_endpoint_representation,nonlinear,test,all,2470,0.2529543935074297,0.2169224051180424,0.2841650458476341
active_mask_ae,0,covariates_endpoint_representation,nonlinear,test,picky,354,-0.0817246801228146,-0.2754272058655398,0.0886858784805003
active_mask_ae,0,covariates_endpoint_representation,nonlinear,run_test,all,1772,0.20492093706832,0.1626087270039708,0.2443896040985948
active_mask_ae,0,covariates_endpoint_representation,nonlinear,run_test,picky,236,-0.3774010751904888,-0.614531878875255,-0.1718041785418804
ae,2,covariates,ridge,test,all,2470,0.0995370993145989,0.0788035336573736,0.1193757075787377
ae,2,covariates,ridge,test,picky,354,0.0175737817382719,-0.0308355051127255,0.0562481199717378
ae,2,covariates,ridge,run_test,all,1772,0.0934731834291301,0.0688363171039058,0.1157642593423403
ae,2,covariates,ridge,run_test,picky,236,-0.039989308061934,-0.1224648574132109,0.0064870680286533
ae,2,covariates,nonlinear,test,all,2470,0.2474092734246779,0.2158141875078452,0.27619066851225
ae,2,covariates,nonlinear,test,picky,354,-0.012342253388208,-0.0926290705634387,0.0554225015774947
ae,2,covariates,nonlinear,run_test,all,1772,0.2205658827947201,0.1806196403483719,0.260382434731623
ae,2,covariates,nonlinear,run_test,picky,236,-0.1073327113252939,-0.2324009782333914,-0.0139225881832111
ae,2,covariates_endpoint,ridge,test,all,2470,0.1638350196257342,0.1333568915789026,0.1931392621868345
ae,2,covariates_endpoint,ridge,test,picky,354,-0.0052584238477033,-0.1190235167983983,0.1154054449201353
ae,2,covariates_endpoint,ridge,run_test,all,1772,0.1454988070993785,0.1113564651880395,0.1800106635861281
ae,2,covariates_endpoint,ridge,run_test,picky,236,-0.1438989117473352,-0.3124993549597637,0.0073525765538526
ae,2,covariates_endpoint,nonlinear,test,all,2470,0.2621253762973263,0.2299737785038312,0.2936289593964615
ae,2,covariates_endpoint,nonlinear,test,picky,354,-0.0642553663037053,-0.2275469005769268,0.0790853596383551
ae,2,covariates_endpoint,nonlinear,run_test,all,1772,0.2244342485295573,0.1835383424762955,0.270652431745628
ae,2,covariates_endpoint,nonlinear,run_test,picky,236,-0.4232446205199427,-0.651514927883613,-0.2056239150221269
ae,2,covariates_representation,ridge,test,all,2470,0.1059501329890785,0.0810025000282333,0.130516026142964
ae,2,covariates_representation,ridge,test,picky,354,-0.0659701608593565,-0.1456871820254974,0.0125848705158813
ae,2,covariates_representation,ridge,run_test,all,1772,0.0934872331144394,0.0623103147975894,0.1244296573851404
ae,2,covariates_representation,ridge,run_test,picky,236,-0.0954488661146073,-0.186035189003663,-0.012205641357973
ae,2,covariates_representation,nonlinear,test,all,2470,0.2568251280588929,0.2217615935481268,0.2935329616422246
ae,2,covariates_representation,nonlinear,test,picky,354,-0.1268880919745825,-0.3066963709032158,0.0147019686755619
ae,2,covariates_representation,nonlinear,run_test,all,1772,0.2148536937314227,0.1730576394827468,0.2552396981715617
ae,2,covariates_representation,nonlinear,run_test,picky,236,-0.413073452187944,-0.6521716749036457,-0.1988216017456419
ae,2,covariates_endpoint_representation,ridge,test,all,2470,0.1588386575218259,0.1259713028539885,0.1894137672975279
ae,2,covariates_endpoint_representation,ridge,test,picky,354,-0.0619219881850476,-0.184493736005493,0.0767601840916583
ae,2,covariates_endpoint_representation,ridge,run_test,all,1772,0.1368187591229344,0.101594732756356,0.1708311340817868
ae,2,covariates_endpoint_representation,ridge,run_test,picky,236,-0.1693849012961219,-0.3421957212321873,-0.0162830148006017
ae,2,covariates_endpoint_representation,nonlinear,test,all,2470,0.2624223356292028,0.2280192481431334,0.2955300624230812
ae,2,covariates_endpoint_representation,nonlinear,test,picky,354,-0.0568877616224092,-0.2237300021801189,0.0951874905478585
ae,2,covariates_endpoint_representation,nonlinear,run_test,all,1772,0.2138699818160653,0.1725100087067322,0.2592749076275482
ae,2,covariates_endpoint_representation,nonlinear,run_test,picky,236,-0.4208602722122363,-0.6719155760519379,-0.1909240294895914
active_mask_ae,1,covariates,ridge,test,all,2470,0.0995370993145989,0.0788035336573736,0.1193757075787377
active_mask_ae,1,covariates,ridge,test,picky,354,0.0175737817382719,-0.0308355051127255,0.0562481199717378
active_mask_ae,1,covariates,ridge,run_test,all,1772,0.0934731834291301,0.0688363171039058,0.1157642593423403
active_mask_ae,1,covariates,ridge,run_test,picky,236,-0.039989308061934,-0.1224648574132109,0.0064870680286533
active_mask_ae,1,covariates,nonlinear,test,all,2470,0.2474092734246779,0.2158141875078452,0.27619066851225
active_mask_ae,1,covariates,nonlinear,test,picky,354,-0.012342253388208,-0.0926290705634387,0.0554225015774947
active_mask_ae,1,covariates,nonlinear,run_test,all,1772,0.2205658827947201,0.1806196403483719,0.260382434731623
active_mask_ae,1,covariates,nonlinear,run_test,picky,236,-0.1073327113252939,-0.2324009782333914,-0.0139225881832111
active_mask_ae,1,covariates_endpoint,ridge,test,all,2470,0.1638350196257342,0.1333568915789026,0.1931392621868345
active_mask_ae,1,covariates_endpoint,ridge,test,picky,354,-0.0052584238477033,-0.1190235167983983,0.1154054449201353
active_mask_ae,1,covariates_endpoint,ridge,run_test,all,1772,0.1454988070993785,0.1113564651880395,0.1800106635861281
active_mask_ae,1,covariates_endpoint,ridge,run_test,picky,236,-0.1438989117473352,-0.3124993549597637,0.0073525765538526
active_mask_ae,1,covariates_endpoint,nonlinear,test,all,2470,0.2621253762973263,0.2299737785038312,0.2936289593964615
active_mask_ae,1,covariates_endpoint,nonlinear,test,picky,354,-0.0642553663037053,-0.2275469005769268,0.0790853596383551
active_mask_ae,1,covariates_endpoint,nonlinear,run_test,all,1772,0.2244342485295573,0.1835383424762955,0.270652431745628
active_mask_ae,1,covariates_endpoint,nonlinear,run_test,picky,236,-0.4232446205199427,-0.651514927883613,-0.2056239150221269
active_mask_ae,1,covariates_representation,ridge,test,all,2470,0.1091794371691645,0.0823128162190666,0.13480440271725
active_mask_ae,1,covariates_representation,ridge,test,picky,354,-0.0515129310091604,-0.1251181958949438,0.0220275691265805
active_mask_ae,1,covariates_representation,ridge,run_test,all,1772,0.096323196301636,0.0693234105596643,0.1264151033595812
active_mask_ae,1,covariates_representation,ridge,run_test,picky,236,-0.1184233466051118,-0.2204750581842676,-0.030024013699611
active_mask_ae,1,covariates_representation,nonlinear,test,all,2470,0.2587945895098344,0.2236466689298931,0.2962260310639892
active_mask_ae,1,covariates_representation,nonlinear,test,picky,354,-0.1749597826538682,-0.354277729708515,-0.0359835521865774
active_mask_ae,1,covariates_representation,nonlinear,run_test,all,1772,0.2283323664123613,0.1880658924755748,0.2703075594027067
active_mask_ae,1,covariates_representation,nonlinear,run_test,picky,236,-0.4100185625279864,-0.6551627161113742,-0.2157336288024927
active_mask_ae,1,covariates_endpoint_representation,ridge,test,all,2470,0.1602889003836199,0.1282660002743017,0.1908402980574019
active_mask_ae,1,covariates_endpoint_representation,ridge,test,picky,354,-0.0604754527135631,-0.1850918222260263,0.0710177153414601
active_mask_ae,1,covariates_endpoint_representation,ridge,run_test,all,1772,0.1347137658342488,0.0969360838213276,0.1675878130052338
active_mask_ae,1,covariates_endpoint_representation,ridge,run_test,picky,236,-0.2069961973282459,-0.3862875935555812,-0.0410242608754464
active_mask_ae,1,covariates_endpoint_representation,nonlinear,test,all,2470,0.2679678137950803,0.2330845875111926,0.3001727050628896
active_mask_ae,1,covariates_endpoint_representation,nonlinear,test,picky,354,-0.0952299674404195,-0.2718128462947243,0.0541899369817444
active_mask_ae,1,covariates_endpoint_representation,nonlinear,run_test,all,1772,0.2142597049004639,0.1717256954356855,0.2590223327111286
active_mask_ae,1,covariates_endpoint_representation,nonlinear,run_test,picky,236,-0.4466903958078643,-0.6972667694918789,-0.2124647977949821
endpoint,-1,covariates,ridge,test,all,2470,0.0995370993145989,0.0788035336573736,0.1193757075787377
endpoint,-1,covariates,ridge,test,picky,354,0.0175737817382719,-0.0308355051127255,0.0562481199717378
endpoint,-1,covariates,ridge,run_test,all,1772,0.0934731834291301,0.0688363171039058,0.1157642593423403
endpoint,-1,covariates,ridge,run_test,picky,236,-0.039989308061934,-0.1224648574132109,0.0064870680286533
endpoint,-1,covariates,nonlinear,test,all,2470,0.2474092734246779,0.2158141875078452,0.27619066851225
endpoint,-1,covariates,nonlinear,test,picky,354,-0.012342253388208,-0.0926290705634387,0.0554225015774947
endpoint,-1,covariates,nonlinear,run_test,all,1772,0.2205658827947201,0.1806196403483719,0.260382434731623
endpoint,-1,covariates,nonlinear,run_test,picky,236,-0.1073327113252939,-0.2324009782333914,-0.0139225881832111
endpoint,-1,covariates_endpoint,ridge,test,all,2470,0.1638350196257342,0.1333568915789026,0.1931392621868345
endpoint,-1,covariates_endpoint,ridge,test,picky,354,-0.0052584238477033,-0.1190235167983983,0.1154054449201353
endpoint,-1,covariates_endpoint,ridge,run_test,all,1772,0.1454988070993785,0.1113564651880395,0.1800106635861281
endpoint,-1,covariates_endpoint,ridge,run_test,picky,236,-0.1438989117473352,-0.3124993549597637,0.0073525765538526
endpoint,-1,covariates_endpoint,nonlinear,test,all,2470,0.2621253762973263,0.2299737785038312,0.2936289593964615
endpoint,-1,covariates_endpoint,nonlinear,test,picky,354,-0.0642553663037053,-0.2275469005769268,0.0790853596383551
endpoint,-1,covariates_endpoint,nonlinear,run_test,all,1772,0.2244342485295573,0.1835383424762955,0.270652431745628
endpoint,-1,covariates_endpoint,nonlinear,run_test,picky,236,-0.4232446205199427,-0.651514927883613,-0.2056239150221269
endpoint,-1,covariates_representation,ridge,test,all,2470,0.1638350193577097,0.1333568917839557,0.193139262107743
endpoint,-1,covariates_representation,ridge,test,picky,354,-0.0052584228486383,-0.1190235169345694,0.1154054461933842
endpoint,-1,covariates_representation,ridge,run_test,all,1772,0.145498807019166,0.1113564660461578,0.18001066376393
endpoint,-1,covariates_representation,ridge,run_test,picky,236,-0.143898914926527,-0.3124993565614492,0.0073525724301565
endpoint,-1,covariates_representation,nonlinear,test,all,2470,0.2621253762973263,0.2299737785038312,0.2936289593964615
endpoint,-1,covariates_representation,nonlinear,test,picky,354,-0.0642553663037053,-0.2275469005769268,0.0790853596383551
endpoint,-1,covariates_representation,nonlinear,run_test,all,1772,0.2244342485295573,0.1835383424762955,0.270652431745628
endpoint,-1,covariates_representation,nonlinear,run_test,picky,236,-0.4232446205199427,-0.651514927883613,-0.2056239150221269
endpoint,-1,covariates_endpoint_representation,ridge,test,all,2470,0.1603760701276074,0.1296613273380779,0.1897713940437898
endpoint,-1,covariates_endpoint_representation,ridge,test,picky,354,-0.0083785852794731,-0.1240628740863447,0.112756813709083
endpoint,-1,covariates_endpoint_representation,ridge,run_test,all,1772,0.1420152148703798,0.1077110051596899,0.1758905523160697
endpoint,-1,covariates_endpoint_representation,ridge,run_test,picky,236,-0.1538897853100809,-0.3249013535994082,-0.0008411799617233
endpoint,-1,covariates_endpoint_representation,nonlinear,test,all,2470,0.2621253762973263,0.2299737785038312,0.2936289593964615
endpoint,-1,covariates_endpoint_representation,nonlinear,test,picky,354,-0.0642553663037053,-0.2275469005769268,0.0790853596383551
endpoint,-1,covariates_endpoint_representation,nonlinear,run_test,all,1772,0.2244342485295573,0.1835383424762955,0.270652431745628
endpoint,-1,covariates_endpoint_representation,nonlinear,run_test,picky,236,-0.4232446205199427,-0.651514927883613,-0.2056239150221269
masked_ae,1,covariates,ridge,test,all,2470,0.0995370993145989,0.0788035336573736,0.1193757075787377
masked_ae,1,covariates,ridge,test,picky,354,0.0175737817382719,-0.0308355051127255,0.0562481199717378
masked_ae,1,covariates,ridge,run_test,all,1772,0.0934731834291301,0.0688363171039058,0.1157642593423403
masked_ae,1,covariates,ridge,run_test,picky,236,-0.039989308061934,-0.1224648574132109,0.0064870680286533
masked_ae,1,covariates,nonlinear,test,all,2470,0.2474092734246779,0.2158141875078452,0.27619066851225
masked_ae,1,covariates,nonlinear,test,picky,354,-0.012342253388208,-0.0926290705634387,0.0554225015774947
masked_ae,1,covariates,nonlinear,run_test,all,1772,0.2205658827947201,0.1806196403483719,0.260382434731623
masked_ae,1,covariates,nonlinear,run_test,picky,236,-0.1073327113252939,-0.2324009782333914,-0.0139225881832111
masked_ae,1,covariates_endpoint,ridge,test,all,2470,0.1638350196257342,0.1333568915789026,0.1931392621868345
masked_ae,1,covariates_endpoint,ridge,test,picky,354,-0.0052584238477033,-0.1190235167983983,0.1154054449201353
masked_ae,1,covariates_endpoint,ridge,run_test,all,1772,0.1454988070993785,0.1113564651880395,0.1800106635861281
masked_ae,1,covariates_endpoint,ridge,run_test,picky,236,-0.1438989117473352,-0.3124993549597637,0.0073525765538526
masked_ae,1,covariates_endpoint,nonlinear,test,all,2470,0.2621253762973263,0.2299737785038312,0.2936289593964615
masked_ae,1,covariates_endpoint,nonlinear,test,picky,354,-0.0642553663037053,-0.2275469005769268,0.0790853596383551
masked_ae,1,covariates_endpoint,nonlinear,run_test,all,1772,0.2244342485295573,0.1835383424762955,0.270652431745628
masked_ae,1,covariates_endpoint,nonlinear,run_test,picky,236,-0.4232446205199427,-0.651514927883613,-0.2056239150221269
masked_ae,1,covariates_representation,ridge,test,all,2470,0.1138879783820068,0.089079259163211,0.1403270466239395
masked_ae,1,covariates_representation,ridge,test,picky,354,-0.0466970237549801,-0.1234243538068963,0.0316068567866119
masked_ae,1,covariates_representation,ridge,run_test,all,1772,0.1034445940848536,0.0742049144833322,0.1338222925266562
masked_ae,1,covariates_representation,ridge,run_test,picky,236,-0.0714494160118739,-0.1693186222032048,0.0074588596416931
masked_ae,1,covariates_representation,nonlinear,test,all,2470,0.2587343504385699,0.2246998074178536,0.2925460488064476
masked_ae,1,covariates_representation,nonlinear,test,picky,354,-0.1194514516681839,-0.275838258853281,0.006182291153533
masked_ae,1,covariates_representation,nonlinear,run_test,all,1772,0.228378536851869,0.1893060967348865,0.2716999409780932
masked_ae,1,covariates_representation,nonlinear,run_test,picky,236,-0.2913577060481671,-0.4957267826642024,-0.1230214784273497
masked_ae,1,covariates_endpoint_representation,ridge,test,all,2470,0.1659319761301563,0.1341224213959093,0.1976837549755948
masked_ae,1,covariates_endpoint_representation,ridge,test,picky,354,-0.0655065047169511,-0.1960919159915361,0.0695047734634994
masked_ae,1,covariates_endpoint_representation,ridge,run_test,all,1772,0.144434580493557,0.1092579900766965,0.1799632893064709
masked_ae,1,covariates_endpoint_representation,ridge,run_test,picky,236,-0.1639293753414388,-0.3493743829280333,-0.0134198425020208
masked_ae,1,covariates_endpoint_representation,nonlinear,test,all,2470,0.2602831900288359,0.2271337739944769,0.2921646225262996
masked_ae,1,covariates_endpoint_representation,nonlinear,test,picky,354,-0.0815491318713086,-0.24925580502389,0.0661338069860487
masked_ae,1,covariates_endpoint_representation,nonlinear,run_test,all,1772,0.2230427754267739,0.1804938760035687,0.2669185648563409
masked_ae,1,covariates_endpoint_representation,nonlinear,run_test,picky,236,-0.3857550605535467,-0.6145957394823321,-0.1812380443637308
masked_ae,0,covariates,ridge,test,all,2470,0.0995370993145989,0.0788035336573736,0.1193757075787377
masked_ae,0,covariates,ridge,test,picky,354,0.0175737817382719,-0.0308355051127255,0.0562481199717378
masked_ae,0,covariates,ridge,run_test,all,1772,0.0934731834291301,0.0688363171039058,0.1157642593423403
masked_ae,0,covariates,ridge,run_test,picky,236,-0.039989308061934,-0.1224648574132109,0.0064870680286533
masked_ae,0,covariates,nonlinear,test,all,2470,0.2474092734246779,0.2158141875078452,0.27619066851225
masked_ae,0,covariates,nonlinear,test,picky,354,-0.012342253388208,-0.0926290705634387,0.0554225015774947
masked_ae,0,covariates,nonlinear,run_test,all,1772,0.2205658827947201,0.1806196403483719,0.260382434731623
masked_ae,0,covariates,nonlinear,run_test,picky,236,-0.1073327113252939,-0.2324009782333914,-0.0139225881832111
masked_ae,0,covariates_endpoint,ridge,test,all,2470,0.1638350196257342,0.1333568915789026,0.1931392621868345
masked_ae,0,covariates_endpoint,ridge,test,picky,354,-0.0052584238477033,-0.1190235167983983,0.1154054449201353
masked_ae,0,covariates_endpoint,ridge,run_test,all,1772,0.1454988070993785,0.1113564651880395,0.1800106635861281
masked_ae,0,covariates_endpoint,ridge,run_test,picky,236,-0.1438989117473352,-0.3124993549597637,0.0073525765538526
masked_ae,0,covariates_endpoint,nonlinear,test,all,2470,0.2621253762973263,0.2299737785038312,0.2936289593964615
masked_ae,0,covariates_endpoint,nonlinear,test,picky,354,-0.0642553663037053,-0.2275469005769268,0.0790853596383551
masked_ae,0,covariates_endpoint,nonlinear,run_test,all,1772,0.2244342485295573,0.1835383424762955,0.270652431745628
masked_ae,0,covariates_endpoint,nonlinear,run_test,picky,236,-0.4232446205199427,-0.651514927883613,-0.2056239150221269
masked_ae,0,covariates_representation,ridge,test,all,2470,0.1179261224236771,0.0927605532908908,0.1430826568876559
masked_ae,0,covariates_representation,ridge,test,picky,354,-0.0517572122700149,-0.1360311413726844,0.0275361573996374
masked_ae,0,covariates_representation,ridge,run_test,all,1772,0.1123201737165309,0.0826857216727963,0.14318282339088
masked_ae,0,covariates_representation,ridge,run_test,picky,236,-0.0713321438614518,-0.1727959109217326,0.0244148781145728
masked_ae,0,covariates_representation,nonlinear,test,all,2470,0.2586235683155934,0.2229003305822326,0.2924402479088442
masked_ae,0,covariates_representation,nonlinear,test,picky,354,-0.1288059247677402,-0.2851238385439973,0.0037010518716699
masked_ae,0,covariates_representation,nonlinear,run_test,all,1772,0.2409457111519212,0.2012883335050515,0.2822111160761582
masked_ae,0,covariates_representation,nonlinear,run_test,picky,236,-0.3404470227941123,-0.5476826376248668,-0.145182952718573
masked_ae,0,covariates_endpoint_representation,ridge,test,all,2470,0.1682874045357368,0.1359259824295682,0.1977551712528901
masked_ae,0,covariates_endpoint_representation,ridge,test,picky,354,-0.0399161491477979,-0.1551664008009072,0.0932796691766112
masked_ae,0,covariates_endpoint_representation,ridge,run_test,all,1772,0.1475184395288551,0.1142163568734122,0.1805280862397813
masked_ae,0,covariates_endpoint_representation,ridge,run_test,picky,236,-0.1695738302448168,-0.356457095021476,-0.0006328049543359
masked_ae,0,covariates_endpoint_representation,nonlinear,test,all,2470,0.258147495361554,0.22222806607759,0.292723539061167
masked_ae,0,covariates_endpoint_representation,nonlinear,test,picky,354,-0.090056983639464,-0.2714879731307275,0.0605188605576512
masked_ae,0,covariates_endpoint_representation,nonlinear,run_test,all,1772,0.2159988984597881,0.1754608917025687,0.2609916913098614
masked_ae,0,covariates_endpoint_representation,nonlinear,run_test,picky,236,-0.4660752613793018,-0.7348179341360981,-0.2639753292322696
vae,1,covariates,ridge,test,all,2470,0.0995370993145989,0.0788035336573736,0.1193757075787377
vae,1,covariates,ridge,test,picky,354,0.0175737817382719,-0.0308355051127255,0.0562481199717378
vae,1,covariates,ridge,run_test,all,1772,0.0934731834291301,0.0688363171039058,0.1157642593423403
vae,1,covariates,ridge,run_test,picky,236,-0.039989308061934,-0.1224648574132109,0.0064870680286533
vae,1,covariates,nonlinear,test,all,2470,0.2474092734246779,0.2158141875078452,0.27619066851225
vae,1,covariates,nonlinear,test,picky,354,-0.012342253388208,-0.0926290705634387,0.0554225015774947
vae,1,covariates,nonlinear,run_test,all,1772,0.2205658827947201,0.1806196403483719,0.260382434731623
vae,1,covariates,nonlinear,run_test,picky,236,-0.1073327113252939,-0.2324009782333914,-0.0139225881832111
vae,1,covariates_endpoint,ridge,test,all,2470,0.1638350196257342,0.1333568915789026,0.1931392621868345
vae,1,covariates_endpoint,ridge,test,picky,354,-0.0052584238477033,-0.1190235167983983,0.1154054449201353
vae,1,covariates_endpoint,ridge,run_test,all,1772,0.1454988070993785,0.1113564651880395,0.1800106635861281
vae,1,covariates_endpoint,ridge,run_test,picky,236,-0.1438989117473352,-0.3124993549597637,0.0073525765538526
vae,1,covariates_endpoint,nonlinear,test,all,2470,0.2621253762973263,0.2299737785038312,0.2936289593964615
vae,1,covariates_endpoint,nonlinear,test,picky,354,-0.0642553663037053,-0.2275469005769268,0.0790853596383551
vae,1,covariates_endpoint,nonlinear,run_test,all,1772,0.2244342485295573,0.1835383424762955,0.270652431745628
vae,1,covariates_endpoint,nonlinear,run_test,picky,236,-0.4232446205199427,-0.651514927883613,-0.2056239150221269
vae,1,covariates_representation,ridge,test,all,2470,0.1101081494135107,0.0862355889187342,0.1360824062237706
vae,1,covariates_representation,ridge,test,picky,354,-0.0611802979794686,-0.1419873667338471,0.0057848915210869
vae,1,covariates_representation,ridge,run_test,all,1772,0.0947350625426691,0.0661769867740474,0.1243423618716049
vae,1,covariates_representation,ridge,run_test,picky,236,-0.0896731025665893,-0.185878867518081,-0.0044319584585239
vae,1,covariates_representation,nonlinear,test,all,2470,0.2355564203969603,0.2013268679706987,0.2671761132810931
vae,1,covariates_representation,nonlinear,test,picky,354,-0.1425040927992895,-0.3167612949974931,0.0035756807776761
vae,1,covariates_representation,nonlinear,run_test,all,1772,0.2133023719803402,0.174545144172392,0.2528494268484396
vae,1,covariates_representation,nonlinear,run_test,picky,236,-0.3201572921921565,-0.5519300298579621,-0.1445522669703744
vae,1,covariates_endpoint_representation,ridge,test,all,2470,0.1607919599931351,0.1291559095752404,0.1924052791164154
vae,1,covariates_endpoint_representation,ridge,test,picky,354,-0.0676213026595029,-0.1907731651449088,0.0693535674665184
vae,1,covariates_endpoint_representation,ridge,run_test,all,1772,0.1375468027051255,0.1026788400139273,0.1707153679263573
vae,1,covariates_endpoint_representation,ridge,run_test,picky,236,-0.1732102019283892,-0.3618368426457314,-0.0132647128892054
vae,1,covariates_endpoint_representation,nonlinear,test,all,2470,0.2516603522035044,0.2164482047907225,0.2819216017313029
vae,1,covariates_endpoint_representation,nonlinear,test,picky,354,-0.0854502051367482,-0.2529789856786303,0.0675402158223766
vae,1,covariates_endpoint_representation,nonlinear,run_test,all,1772,0.2135242662054264,0.1722333785010705,0.2590296020542592
vae,1,covariates_endpoint_representation,nonlinear,run_test,picky,236,-0.4066380911486842,-0.650422144342916,-0.1917347792149632
vae,0,covariates,ridge,test,all,2470,0.0995370993145989,0.0788035336573736,0.1193757075787377
vae,0,covariates,ridge,test,picky,354,0.0175737817382719,-0.0308355051127255,0.0562481199717378
vae,0,covariates,ridge,run_test,all,1772,0.0934731834291301,0.0688363171039058,0.1157642593423403
vae,0,covariates,ridge,run_test,picky,236,-0.039989308061934,-0.1224648574132109,0.0064870680286533
vae,0,covariates,nonlinear,test,all,2470,0.2474092734246779,0.2158141875078452,0.27619066851225
vae,0,covariates,nonlinear,test,picky,354,-0.012342253388208,-0.0926290705634387,0.0554225015774947
vae,0,covariates,nonlinear,run_test,all,1772,0.2205658827947201,0.1806196403483719,0.260382434731623
vae,0,covariates,nonlinear,run_test,picky,236,-0.1073327113252939,-0.2324009782333914,-0.0139225881832111
vae,0,covariates_endpoint,ridge,test,all,2470,0.1638350196257342,0.1333568915789026,0.1931392621868345
vae,0,covariates_endpoint,ridge,test,picky,354,-0.0052584238477033,-0.1190235167983983,0.1154054449201353
vae,0,covariates_endpoint,ridge,run_test,all,1772,0.1454988070993785,0.1113564651880395,0.1800106635861281
vae,0,covariates_endpoint,ridge,run_test,picky,236,-0.1438989117473352,-0.3124993549597637,0.0073525765538526
vae,0,covariates_endpoint,nonlinear,test,all,2470,0.2621253762973263,0.2299737785038312,0.2936289593964615
vae,0,covariates_endpoint,nonlinear,test,picky,354,-0.0642553663037053,-0.2275469005769268,0.0790853596383551
vae,0,covariates_endpoint,nonlinear,run_test,all,1772,0.2244342485295573,0.1835383424762955,0.270652431745628
vae,0,covariates_endpoint,nonlinear,run_test,picky,236,-0.4232446205199427,-0.651514927883613,-0.2056239150221269
vae,0,covariates_representation,ridge,test,all,2470,0.1105455393575738,0.083938268087378,0.1338283226434878
vae,0,covariates_representation,ridge,test,picky,354,-0.0402396743121062,-0.118193451627396,0.0285462106809469
vae,0,covariates_representation,ridge,run_test,all,1772,0.0944834512561241,0.0648551912358851,0.1238402909502749
vae,0,covariates_representation,ridge,run_test,picky,236,-0.0706757598952334,-0.1580194414457737,0.0100432060168174
vae,0,covariates_representation,nonlinear,test,all,2470,0.2568439508232095,0.2235343886887892,0.2887915483284182
vae,0,covariates_representation,nonlinear,test,picky,354,-0.0998813413129633,-0.2581340604269105,0.0344431811654237
vae,0,covariates_representation,nonlinear,run_test,all,1772,0.2257693166623008,0.186495400238054,0.2676412516873039
vae,0,covariates_representation,nonlinear,run_test,picky,236,-0.3547993343284867,-0.5731912196030112,-0.182880454289413
vae,0,covariates_endpoint_representation,ridge,test,all,2470,0.1655776806528884,0.1327393671573625,0.1958950327860283
vae,0,covariates_endpoint_representation,ridge,test,picky,354,-0.0409839679284378,-0.1554052116984125,0.0873131112747866
vae,0,covariates_endpoint_representation,ridge,run_test,all,1772,0.1388191319998079,0.1050646445546491,0.1737094502500085
vae,0,covariates_endpoint_representation,ridge,run_test,picky,236,-0.1721958487733261,-0.3567949248817312,-0.0183737001229641
vae,0,covariates_endpoint_representation,nonlinear,test,all,2470,0.2561630334035826,0.2214748549384244,0.288159943799834
vae,0,covariates_endpoint_representation,nonlinear,test,picky,354,-0.058028085519612,-0.2394558654422814,0.0940091263455813
vae,0,covariates_endpoint_representation,nonlinear,run_test,all,1772,0.2277866246697911,0.1847152782498003,0.2718891498229273
vae,0,covariates_endpoint_representation,nonlinear,run_test,picky,236,-0.4561489655294461,-0.6997224819932839,-0.2409364129703401
random,2,covariates,ridge,test,all,2470,0.0995370993145989,0.0788035336573736,0.1193757075787377
random,2,covariates,ridge,test,picky,354,0.0175737817382719,-0.0308355051127255,0.0562481199717378
random,2,covariates,ridge,run_test,all,1772,0.0934731834291301,0.0688363171039058,0.1157642593423403
random,2,covariates,ridge,run_test,picky,236,-0.039989308061934,-0.1224648574132109,0.0064870680286533
random,2,covariates,nonlinear,test,all,2470,0.2474092734246779,0.2158141875078452,0.27619066851225
random,2,covariates,nonlinear,test,picky,354,-0.012342253388208,-0.0926290705634387,0.0554225015774947
random,2,covariates,nonlinear,run_test,all,1772,0.2205658827947201,0.1806196403483719,0.260382434731623
random,2,covariates,nonlinear,run_test,picky,236,-0.1073327113252939,-0.2324009782333914,-0.0139225881832111
random,2,covariates_endpoint,ridge,test,all,2470,0.1638350196257342,0.1333568915789026,0.1931392621868345
random,2,covariates_endpoint,ridge,test,picky,354,-0.0052584238477033,-0.1190235167983983,0.1154054449201353
random,2,covariates_endpoint,ridge,run_test,all,1772,0.1454988070993785,0.1113564651880395,0.1800106635861281
random,2,covariates_endpoint,ridge,run_test,picky,236,-0.1438989117473352,-0.3124993549597637,0.0073525765538526
random,2,covariates_endpoint,nonlinear,test,all,2470,0.2621253762973263,0.2299737785038312,0.2936289593964615
random,2,covariates_endpoint,nonlinear,test,picky,354,-0.0642553663037053,-0.2275469005769268,0.0790853596383551
random,2,covariates_endpoint,nonlinear,run_test,all,1772,0.2244342485295573,0.1835383424762955,0.270652431745628
random,2,covariates_endpoint,nonlinear,run_test,picky,236,-0.4232446205199427,-0.651514927883613,-0.2056239150221269
random,2,covariates_representation,ridge,test,all,2470,0.0962660435231245,0.0763695261515245,0.1165030319917738
random,2,covariates_representation,ridge,test,picky,354,0.0102102580290427,-0.0371828940808962,0.0529128252430726
random,2,covariates_representation,ridge,run_test,all,1772,0.0873558835549257,0.0603316466950279,0.1101560190702153
random,2,covariates_representation,ridge,run_test,picky,236,-0.039899958257674,-0.1209775018268453,0.013962910510272
random,2,covariates_representation,nonlinear,test,all,2470,0.202771205327694,0.1668192764391652,0.2350718687053744
random,2,covariates_representation,nonlinear,test,picky,354,-0.0893802087263537,-0.2164856008626569,0.0154213666049789
random,2,covariates_representation,nonlinear,run_test,all,1772,0.1902823669496449,0.1538079426816124,0.2302773811585747
random,2,covariates_representation,nonlinear,run_test,picky,236,-0.301280195690597,-0.4662427162388459,-0.1508183367380543
random,2,covariates_endpoint_representation,ridge,test,all,2470,0.1524945287899196,0.120903591432719,0.1826033486758974
random,2,covariates_endpoint_representation,ridge,test,picky,354,-0.0209835153577637,-0.1306699281658205,0.102635590391896
random,2,covariates_endpoint_representation,ridge,run_test,all,1772,0.1323232420991866,0.0944165042030117,0.1680020393751722
random,2,covariates_endpoint_representation,ridge,run_test,picky,236,-0.1798850356760062,-0.3725133874452586,-0.0158066792629135
random,2,covariates_endpoint_representation,nonlinear,test,all,2470,0.259279848089388,0.2250573516245463,0.2898803001489753
random,2,covariates_endpoint_representation,nonlinear,test,picky,354,-0.0526168825490105,-0.2099102857050643,0.1058247530528053
random,2,covariates_endpoint_representation,nonlinear,run_test,all,1772,0.2100251525021307,0.1722236633684171,0.2589135541818444
random,2,covariates_endpoint_representation,nonlinear,run_test,picky,236,-0.3863563608366109,-0.6181819453399581,-0.1830756836766442
pixel_pca,-1,covariates,ridge,test,all,2470,0.0995370993145989,0.0788035336573736,0.1193757075787377
pixel_pca,-1,covariates,ridge,test,picky,354,0.0175737817382719,-0.0308355051127255,0.0562481199717378
pixel_pca,-1,covariates,ridge,run_test,all,1772,0.0934731834291301,0.0688363171039058,0.1157642593423403
pixel_pca,-1,covariates,ridge,run_test,picky,236,-0.039989308061934,-0.1224648574132109,0.0064870680286533
pixel_pca,-1,covariates,nonlinear,test,all,2470,0.2474092734246779,0.2158141875078452,0.27619066851225
pixel_pca,-1,covariates,nonlinear,test,picky,354,-0.012342253388208,-0.0926290705634387,0.0554225015774947
pixel_pca,-1,covariates,nonlinear,run_test,all,1772,0.2205658827947201,0.1806196403483719,0.260382434731623
pixel_pca,-1,covariates,nonlinear,run_test,picky,236,-0.1073327113252939,-0.2324009782333914,-0.0139225881832111
pixel_pca,-1,covariates_endpoint,ridge,test,all,2470,0.1638350196257342,0.1333568915789026,0.1931392621868345
pixel_pca,-1,covariates_endpoint,ridge,test,picky,354,-0.0052584238477033,-0.1190235167983983,0.1154054449201353
pixel_pca,-1,covariates_endpoint,ridge,run_test,all,1772,0.1454988070993785,0.1113564651880395,0.1800106635861281
pixel_pca,-1,covariates_endpoint,ridge,run_test,picky,236,-0.1438989117473352,-0.3124993549597637,0.0073525765538526
pixel_pca,-1,covariates_endpoint,nonlinear,test,all,2470,0.2621253762973263,0.2299737785038312,0.2936289593964615
pixel_pca,-1,covariates_endpoint,nonlinear,test,picky,354,-0.0642553663037053,-0.2275469005769268,0.0790853596383551
pixel_pca,-1,covariates_endpoint,nonlinear,run_test,all,1772,0.2244342485295573,0.1835383424762955,0.270652431745628
pixel_pca,-1,covariates_endpoint,nonlinear,run_test,picky,236,-0.4232446205199427,-0.651514927883613,-0.2056239150221269
pixel_pca,-1,covariates_representation,ridge,test,all,2470,0.1098351022266,0.0872016028143678,0.1325919333239811
pixel_pca,-1,covariates_representation,ridge,test,picky,354,0.0088613906853789,-0.0553997216877056,0.0590876627372777
pixel_pca,-1,covariates_representation,ridge,run_test,all,1772,0.0943634340073397,0.0671810803957787,0.1195334934135195
pixel_pca,-1,covariates_representation,ridge,run_test,picky,236,-0.0253147464613674,-0.1125775612814351,0.0379124293071059
pixel_pca,-1,covariates_representation,nonlinear,test,all,2470,0.2238712803008946,0.1898851976972732,0.2621384128909218
pixel_pca,-1,covariates_representation,nonlinear,test,picky,354,-0.1989424158872519,-0.3703593922069698,-0.0568167994822249
pixel_pca,-1,covariates_representation,nonlinear,run_test,all,1772,0.1953154976989684,0.1556905109522294,0.2354414295565299
pixel_pca,-1,covariates_representation,nonlinear,run_test,picky,236,-0.3258399529876576,-0.5441400164533864,-0.1716403085590652
pixel_pca,-1,covariates_endpoint_representation,ridge,test,all,2470,0.1635420206904017,0.1324054238349527,0.1935462613778839
pixel_pca,-1,covariates_endpoint_representation,ridge,test,picky,354,-0.0102408417546109,-0.1265409220284599,0.1105278341634412
pixel_pca,-1,covariates_endpoint_representation,ridge,run_test,all,1772,0.1460768762530887,0.11252575671316,0.1807513891049122
pixel_pca,-1,covariates_endpoint_representation,ridge,run_test,picky,236,-0.1453565049669367,-0.3118380518193293,0.0050652885531747
pixel_pca,-1,covariates_endpoint_representation,nonlinear,test,all,2470,0.2601842637342855,0.2280094029090454,0.290130222029329
pixel_pca,-1,covariates_endpoint_representation,nonlinear,test,picky,354,-0.084502906131201,-0.2657993094145582,0.0629812572229808
pixel_pca,-1,covariates_endpoint_representation,nonlinear,run_test,all,1772,0.2219116009442046,0.1806130085545532,0.2661150533264547
pixel_pca,-1,covariates_endpoint_representation,nonlinear,run_test,picky,236,-0.3805051410570184,-0.6229900747058127,-0.1814037055698797
ae,0,covariates,ridge,test,all,2470,0.0995370993145989,0.0788035336573736,0.1193757075787377
ae,0,covariates,ridge,test,picky,354,0.0175737817382719,-0.0308355051127255,0.0562481199717378
ae,0,covariates,ridge,run_test,all,1772,0.0934731834291301,0.0688363171039058,0.1157642593423403
ae,0,covariates,ridge,run_test,picky,236,-0.039989308061934,-0.1224648574132109,0.0064870680286533
ae,0,covariates,nonlinear,test,all,2470,0.2474092734246779,0.2158141875078452,0.27619066851225
ae,0,covariates,nonlinear,test,picky,354,-0.012342253388208,-0.0926290705634387,0.0554225015774947
ae,0,covariates,nonlinear,run_test,all,1772,0.2205658827947201,0.1806196403483719,0.260382434731623
ae,0,covariates,nonlinear,run_test,picky,236,-0.1073327113252939,-0.2324009782333914,-0.0139225881832111
ae,0,covariates_endpoint,ridge,test,all,2470,0.1638350196257342,0.1333568915789026,0.1931392621868345
ae,0,covariates_endpoint,ridge,test,picky,354,-0.0052584238477033,-0.1190235167983983,0.1154054449201353
ae,0,covariates_endpoint,ridge,run_test,all,1772,0.1454988070993785,0.1113564651880395,0.1800106635861281
ae,0,covariates_endpoint,ridge,run_test,picky,236,-0.1438989117473352,-0.3124993549597637,0.0073525765538526
ae,0,covariates_endpoint,nonlinear,test,all,2470,0.2621253762973263,0.2299737785038312,0.2936289593964615
ae,0,covariates_endpoint,nonlinear,test,picky,354,-0.0642553663037053,-0.2275469005769268,0.0790853596383551
ae,0,covariates_endpoint,nonlinear,run_test,all,1772,0.2244342485295573,0.1835383424762955,0.270652431745628
ae,0,covariates_endpoint,nonlinear,run_test,picky,236,-0.4232446205199427,-0.651514927883613,-0.2056239150221269
ae,0,covariates_representation,ridge,test,all,2470,0.1196935210851541,0.0961394984639855,0.142392832827906
ae,0,covariates_representation,ridge,test,picky,354,0.0183812694902506,-0.0462489065720113,0.0825250743345231
ae,0,covariates_representation,ridge,run_test,all,1772,0.1051138403065593,0.0775163627663701,0.134230590911634
ae,0,covariates_representation,ridge,run_test,picky,236,-0.0815639025587706,-0.1660599920965432,-0.0066449807233669
ae,0,covariates_representation,nonlinear,test,all,2470,0.2630618599505749,0.2289994317762614,0.2975227348981263
ae,0,covariates_representation,nonlinear,test,picky,354,-0.0281071166825788,-0.1584355671467534,0.0958604055465574
ae,0,covariates_representation,nonlinear,run_test,all,1772,0.21942448596156,0.1767605529831995,0.2613657898118608
ae,0,covariates_representation,nonlinear,run_test,picky,236,-0.3236272440186944,-0.5524041446733274,-0.1307497757105968
ae,0,covariates_endpoint_representation,ridge,test,all,2470,0.1673361561087648,0.1332746617269059,0.1989108146481394
ae,0,covariates_endpoint_representation,ridge,test,picky,354,-0.0128567195501467,-0.1394829347993249,0.1186561509361041
ae,0,covariates_endpoint_representation,ridge,run_test,all,1772,0.1443536623502928,0.1085262424607012,0.1761911820227159
ae,0,covariates_endpoint_representation,ridge,run_test,picky,236,-0.1587537678310986,-0.3236515692482307,-0.0061441123225474
ae,0,covariates_endpoint_representation,nonlinear,test,all,2470,0.2709600560811369,0.237549246801135,0.3007323440150648
ae,0,covariates_endpoint_representation,nonlinear,test,picky,354,-0.0444422893316405,-0.2004774755761612,0.0989882893364185
ae,0,covariates_endpoint_representation,nonlinear,run_test,all,1772,0.229379223776533,0.1886083601223734,0.2706026960563792
ae,0,covariates_endpoint_representation,nonlinear,run_test,picky,236,-0.4242736404213929,-0.6950643885749836,-0.1931775769998639
active_mask_ae,2,covariates,ridge,test,all,2470,0.0995370993145989,0.0788035336573736,0.1193757075787377
active_mask_ae,2,covariates,ridge,test,picky,354,0.0175737817382719,-0.0308355051127255,0.0562481199717378
active_mask_ae,2,covariates,ridge,run_test,all,1772,0.0934731834291301,0.0688363171039058,0.1157642593423403
active_mask_ae,2,covariates,ridge,run_test,picky,236,-0.039989308061934,-0.1224648574132109,0.0064870680286533
active_mask_ae,2,covariates,nonlinear,test,all,2470,0.2474092734246779,0.2158141875078452,0.27619066851225
active_mask_ae,2,covariates,nonlinear,test,picky,354,-0.012342253388208,-0.0926290705634387,0.0554225015774947
active_mask_ae,2,covariates,nonlinear,run_test,all,1772,0.2205658827947201,0.1806196403483719,0.260382434731623
active_mask_ae,2,covariates,nonlinear,run_test,picky,236,-0.1073327113252939,-0.2324009782333914,-0.0139225881832111
active_mask_ae,2,covariates_endpoint,ridge,test,all,2470,0.1638350196257342,0.1333568915789026,0.1931392621868345
active_mask_ae,2,covariates_endpoint,ridge,test,picky,354,-0.0052584238477033,-0.1190235167983983,0.1154054449201353
active_mask_ae,2,covariates_endpoint,ridge,run_test,all,1772,0.1454988070993785,0.1113564651880395,0.1800106635861281
active_mask_ae,2,covariates_endpoint,ridge,run_test,picky,236,-0.1438989117473352,-0.3124993549597637,0.0073525765538526
active_mask_ae,2,covariates_endpoint,nonlinear,test,all,2470,0.2621253762973263,0.2299737785038312,0.2936289593964615
active_mask_ae,2,covariates_endpoint,nonlinear,test,picky,354,-0.0642553663037053,-0.2275469005769268,0.0790853596383551
active_mask_ae,2,covariates_endpoint,nonlinear,run_test,all,1772,0.2244342485295573,0.1835383424762955,0.270652431745628
active_mask_ae,2,covariates_endpoint,nonlinear,run_test,picky,236,-0.4232446205199427,-0.651514927883613,-0.2056239150221269
active_mask_ae,2,covariates_representation,ridge,test,all,2470,0.1026113713453414,0.0768760117068565,0.1273639737285119
active_mask_ae,2,covariates_representation,ridge,test,picky,354,-0.0637849252846984,-0.1406575593143421,0.0027698202726436
active_mask_ae,2,covariates_representation,ridge,run_test,all,1772,0.0876459900939657,0.0600089002157187,0.1173081371785743
active_mask_ae,2,covariates_representation,ridge,run_test,picky,236,-0.0924834197160644,-0.1896743487079097,-0.0023550597836275
active_mask_ae,2,covariates_representation,nonlinear,test,all,2470,0.2620439788517235,0.2304583818612148,0.2981821101171283
active_mask_ae,2,covariates_representation,nonlinear,test,picky,354,-0.1179620050812397,-0.2620635742490025,0.0075867472262649
active_mask_ae,2,covariates_representation,nonlinear,run_test,all,1772,0.2354406833661146,0.1878598722850457,0.2766376658326469
active_mask_ae,2,covariates_representation,nonlinear,run_test,picky,236,-0.2464419790271301,-0.4627173124798222,-0.0681402602436307
active_mask_ae,2,covariates_endpoint_representation,ridge,test,all,2470,0.1601768298494372,0.1282259695728374,0.1915350116635182
active_mask_ae,2,covariates_endpoint_representation,ridge,test,picky,354,-0.0729945188180245,-0.1980419901401956,0.0545641227520814
active_mask_ae,2,covariates_endpoint_representation,ridge,run_test,all,1772,0.1316927843969308,0.0938419853032974,0.1649870117114621
active_mask_ae,2,covariates_endpoint_representation,ridge,run_test,picky,236,-0.1946213306885011,-0.3786133761174129,-0.0301353185834223
active_mask_ae,2,covariates_endpoint_representation,nonlinear,test,all,2470,0.265805828689968,0.2316561495398218,0.2976854693535585
active_mask_ae,2,covariates_endpoint_representation,nonlinear,test,picky,354,-0.0900299712629304,-0.2650314145860366,0.0725875537083125
active_mask_ae,2,covariates_endpoint_representation,nonlinear,run_test,all,1772,0.2234451911434182,0.1828986663979938,0.2674430475260886
active_mask_ae,2,covariates_endpoint_representation,nonlinear,run_test,picky,236,-0.3498591639979282,-0.5986092938031035,-0.1461835659364507
ae,1,covariates,ridge,test,all,2470,0.0995370993145989,0.0788035336573736,0.1193757075787377
ae,1,covariates,ridge,test,picky,354,0.0175737817382719,-0.0308355051127255,0.0562481199717378
ae,1,covariates,ridge,run_test,all,1772,0.0934731834291301,0.0688363171039058,0.1157642593423403
ae,1,covariates,ridge,run_test,picky,236,-0.039989308061934,-0.1224648574132109,0.0064870680286533
ae,1,covariates,nonlinear,test,all,2470,0.2474092734246779,0.2158141875078452,0.27619066851225
ae,1,covariates,nonlinear,test,picky,354,-0.012342253388208,-0.0926290705634387,0.0554225015774947
ae,1,covariates,nonlinear,run_test,all,1772,0.2205658827947201,0.1806196403483719,0.260382434731623
ae,1,covariates,nonlinear,run_test,picky,236,-0.1073327113252939,-0.2324009782333914,-0.0139225881832111
ae,1,covariates_endpoint,ridge,test,all,2470,0.1638350196257342,0.1333568915789026,0.1931392621868345
ae,1,covariates_endpoint,ridge,test,picky,354,-0.0052584238477033,-0.1190235167983983,0.1154054449201353
ae,1,covariates_endpoint,ridge,run_test,all,1772,0.1454988070993785,0.1113564651880395,0.1800106635861281
ae,1,covariates_endpoint,ridge,run_test,picky,236,-0.1438989117473352,-0.3124993549597637,0.0073525765538526
ae,1,covariates_endpoint,nonlinear,test,all,2470,0.2621253762973263,0.2299737785038312,0.2936289593964615
ae,1,covariates_endpoint,nonlinear,test,picky,354,-0.0642553663037053,-0.2275469005769268,0.0790853596383551
ae,1,covariates_endpoint,nonlinear,run_test,all,1772,0.2244342485295573,0.1835383424762955,0.270652431745628
ae,1,covariates_endpoint,nonlinear,run_test,picky,236,-0.4232446205199427,-0.651514927883613,-0.2056239150221269
ae,1,covariates_representation,ridge,test,all,2470,0.1101307823324212,0.0860199974419092,0.1375089694218185
ae,1,covariates_representation,ridge,test,picky,354,-0.0384864967525211,-0.1150259516952321,0.0321464463871674
ae,1,covariates_representation,ridge,run_test,all,1772,0.0985531186321898,0.0687612159343298,0.1279640471169922
ae,1,covariates_representation,ridge,run_test,picky,236,-0.1160709905570234,-0.2167804602040783,-0.0406776091197096
ae,1,covariates_representation,nonlinear,test,all,2470,0.2511763022443871,0.2171801213271355,0.2866425911513782
ae,1,covariates_representation,nonlinear,test,picky,354,-0.1154473646855569,-0.2740261282255639,0.026702539535228
ae,1,covariates_representation,nonlinear,run_test,all,1772,0.2285576031758921,0.1869327572929623,0.2679844694476359
ae,1,covariates_representation,nonlinear,run_test,picky,236,-0.346383794045574,-0.5471764880284052,-0.1885651149666151
ae,1,covariates_endpoint_representation,ridge,test,all,2470,0.1601859324736051,0.1247334214842746,0.1919091477174427
ae,1,covariates_endpoint_representation,ridge,test,picky,354,-0.0582046372731559,-0.17882817765117,0.0735773495533785
ae,1,covariates_endpoint_representation,ridge,run_test,all,1772,0.137815887307824,0.1008239651402522,0.1719816110003168
ae,1,covariates_endpoint_representation,ridge,run_test,picky,236,-0.1751140334835124,-0.3587672305269539,-0.0229070889442126
ae,1,covariates_endpoint_representation,nonlinear,test,all,2470,0.2591195465136799,0.2245550240179843,0.2924383803359066
ae,1,covariates_endpoint_representation,nonlinear,test,picky,354,-0.0645739076903155,-0.2439730578489685,0.0903912606828125
ae,1,covariates_endpoint_representation,nonlinear,run_test,all,1772,0.2213825548339582,0.1782234958435785,0.2619410160257664
ae,1,covariates_endpoint_representation,nonlinear,run_test,picky,236,-0.4583954915781894,-0.7414798051975372,-0.2464283447802277
