method,seed,gmm_seed,k,partition,quality,fraction,n,n_flagged,mass_shift,low,high
masked_ae,2,0,3,test,all,0.1,2465,246,14.1181511668918,3.947445963876709,22.29518646626842
masked_ae,2,0,3,test,all,0.2,2465,494,16.48834404171087,10.022384539533356,23.26343305598611
masked_ae,2,0,3,test,all,0.3,2465,740,16.271934496838156,10.579547636153295,23.281353969039145
masked_ae,2,0,3,test,all,0.5,2465,1234,12.008888661845166,5.63756845498751,17.66963613528346
masked_ae,2,0,3,test,picky,0.1,345,34,6.943353139582662,-21.26770243658204,32.3241968993926
masked_ae,2,0,3,test,picky,0.2,345,68,8.849059389185149,-5.587034597456421,26.60096340378411
masked_ae,2,0,3,test,picky,0.3,345,104,6.191406518556436,-7.398732018815188,20.95909501930503
masked_ae,2,0,3,test,picky,0.5,345,173,1.434383690946727,-13.772375614540652,14.019447927241735
masked_ae,2,0,3,run_test,all,0.1,1768,177,24.952223239382747,12.887045426092849,36.21281045893708
masked_ae,2,0,3,run_test,all,0.2,1768,354,19.996273940396183,11.439406411735533,29.884146349918925
masked_ae,2,0,3,run_test,all,0.3,1768,530,11.80594693028536,4.805555243273518,20.178368279816
masked_ae,2,0,3,run_test,all,0.5,1768,884,10.533744685064791,3.5942215045724755,17.026863242378884
masked_ae,2,0,3,run_test,picky,0.1,233,23,2.5306048442828404,-28.12836587009924,31.108615358530127
masked_ae,2,0,3,run_test,picky,0.2,233,47,6.796820361691955,-14.499538556737129,28.6327328827235
masked_ae,2,0,3,run_test,picky,0.3,233,69,7.018944908188318,-10.831230599074342,24.746908254537296
masked_ae,2,0,3,run_test,picky,0.5,233,117,9.362313825223511,-5.483096991837332,23.049998184152468
masked_ae,2,0,15,test,all,0.1,2465,246,21.499274532591848,11.554964072484433,30.959327721312732
masked_ae,2,0,15,test,all,0.2,2465,494,18.32158403883844,10.196983094447994,24.98784708456109
masked_ae,2,0,15,test,all,0.3,2465,740,17.658180441138022,11.05965831674069,24.803783015217927
masked_ae,2,0,15,test,all,0.5,2465,1234,18.03904917698587,11.764361119526296,24.600027692502263
masked_ae,2,0,15,test,picky,0.1,345,34,37.03751639146242,11.178626213179935,64.7293993943671
masked_ae,2,0,15,test,picky,0.2,345,68,24.27388137921885,6.235384405320642,41.19663018707884
masked_ae,2,0,15,test,picky,0.3,345,104,19.246156533971963,5.18854766399163,33.27067177949314
masked_ae,2,0,15,test,picky,0.5,345,173,7.734629145492121,-5.031940550319952,19.41816260354433
masked_ae,2,0,15,run_test,all,0.1,1768,177,22.410253450164685,9.87323984285518,35.88958522767021
masked_ae,2,0,15,run_test,all,0.2,1768,354,21.026562305058917,12.831839238245824,30.736136769208223
masked_ae,2,0,15,run_test,all,0.3,1768,530,15.01368907398346,7.944517872741655,24.214225426730287
masked_ae,2,0,15,run_test,all,0.5,1768,884,20.57242623441623,13.697836705201022,26.85727640567032
masked_ae,2,0,15,run_test,picky,0.1,233,23,47.28526582103766,9.05713376813974,79.15529408609983
masked_ae,2,0,15,run_test,picky,0.2,233,47,19.964248058464896,-1.3859868186020483,43.76580703073775
masked_ae,2,0,15,run_test,picky,0.3,233,69,5.5563703179673665,-10.422978949701356,22.97022248444613
masked_ae,2,0,15,run_test,picky,0.5,233,117,6.336503416573436,-7.83516653355352,20.340027080898455
masked_ae,2,0,37,test,all,0.1,2465,246,20.593109904354673,9.772417117151624,29.757936690243984
masked_ae,2,0,37,test,all,0.2,2465,494,19.506894834079137,12.025533184219343,26.497531424197884
masked_ae,2,0,37,test,all,0.3,2465,740,21.12482036023505,14.777968007790346,26.22325648217813
masked_ae,2,0,37,test,all,0.5,2465,1234,19.897136773414022,14.141939904680816,26.29905641404753
masked_ae,2,0,37,test,picky,0.1,345,34,22.741375358896196,-12.254908986335623,52.39637499083692
masked_ae,2,0,37,test,picky,0.2,345,68,32.432959860249326,12.466904566505752,51.698386003819714
masked_ae,2,0,37,test,picky,0.3,345,104,18.65471670671555,1.9982219134094088,32.81748841565887
masked_ae,2,0,37,test,picky,0.5,345,173,1.5170001223414251,-11.687342410462923,12.461075490639775
masked_ae,2,0,37,run_test,all,0.1,1768,177,24.113780666150927,11.58407462118605,36.062665356768015
masked_ae,2,0,37,run_test,all,0.2,1768,354,22.520899524406634,13.553683556862625,31.60239023062037
masked_ae,2,0,37,run_test,all,0.3,1768,530,19.30567829614458,11.987549672423263,27.05003232959171
masked_ae,2,0,37,run_test,all,0.5,1768,884,15.37435743271683,8.472428957072468,22.752906136581988
masked_ae,2,0,37,run_test,picky,0.1,233,23,40.708976300765265,10.642135304703654,73.11058855124068
masked_ae,2,0,37,run_test,picky,0.2,233,47,19.4598365521422,-2.935361264897006,40.717739349908605
masked_ae,2,0,37,run_test,picky,0.3,233,69,10.674518327700916,-8.135954412726695,28.945604214882092
masked_ae,2,0,37,run_test,picky,0.5,233,117,1.577202130429916,-13.995950101005866,15.942104043848875
endpoint_pca,-1,0,3,test,all,0.1,2465,246,25.03070258989821,16.829066324756024,34.165447915596836
endpoint_pca,-1,0,3,test,all,0.2,2465,494,31.92479081817735,24.80164073421788,39.736653611839074
endpoint_pca,-1,0,3,test,all,0.3,2465,740,31.84780678499764,25.660118011944096,38.07831773128758
endpoint_pca,-1,0,3,test,all,0.5,2465,1234,26.955421670872138,20.497632118939872,32.49244989509993
endpoint_pca,-1,0,3,test,picky,0.1,345,34,39.53152577506402,8.350698472249308,71.66325026179271
endpoint_pca,-1,0,3,test,picky,0.2,345,68,42.91522329565552,23.69362198007772,61.9068349206385
endpoint_pca,-1,0,3,test,picky,0.3,345,104,27.389875417742665,12.944970810851164,42.256089639176736
endpoint_pca,-1,0,3,test,picky,0.5,345,173,17.928049153020844,5.23099879333693,32.68965842458358
endpoint_pca,-1,0,3,run_test,all,0.1,1768,177,28.558736795969597,17.365215219376278,41.77111128195577
endpoint_pca,-1,0,3,run_test,all,0.2,1768,354,26.297576813145493,18.292458814527635,35.317980956038866
endpoint_pca,-1,0,3,run_test,all,0.3,1768,530,25.21981864153319,17.99497679291634,33.11996781963596
endpoint_pca,-1,0,3,run_test,all,0.5,1768,884,21.607172628709055,15.28573867829929,29.25946232358809
endpoint_pca,-1,0,3,run_test,picky,0.1,233,23,14.948285981242575,-23.16924530835653,47.56198478792441
endpoint_pca,-1,0,3,run_test,picky,0.2,233,47,18.93575123844121,-1.6249523753584731,43.4437459238376
endpoint_pca,-1,0,3,run_test,picky,0.3,233,69,25.453837598578737,8.978714817596366,45.11047450622159
endpoint_pca,-1,0,3,run_test,picky,0.5,233,117,21.330851881290094,7.448256406368905,36.3455353090736
endpoint_pca,-1,0,15,test,all,0.1,2465,246,20.12576275241355,11.12942364846986,29.306161593773577
endpoint_pca,-1,0,15,test,all,0.2,2465,494,26.867681266796865,19.39538934844456,33.403309307555645
endpoint_pca,-1,0,15,test,all,0.3,2465,740,26.454188959473676,19.144733117315088,32.37333840984753
endpoint_pca,-1,0,15,test,all,0.5,2465,1234,28.246590107264183,21.825010461358964,34.25364252428618
endpoint_pca,-1,0,15,test,picky,0.1,345,34,30.59868308613004,-0.3631367377278101,59.92736699434423
endpoint_pca,-1,0,15,test,picky,0.2,345,68,35.12010146350163,17.210045408246025,53.31994350078805
endpoint_pca,-1,0,15,test,picky,0.3,345,104,33.13771616668097,18.54141354745058,48.16671951582834
endpoint_pca,-1,0,15,test,picky,0.5,345,173,13.290765885563673,-0.2554378600593413,28.721397094585143
endpoint_pca,-1,0,15,run_test,all,0.1,1768,177,17.094371564391786,5.396608364201978,28.797363774410023
endpoint_pca,-1,0,15,run_test,all,0.2,1768,354,27.14379400368078,17.919398498082682,36.20979727922881
endpoint_pca,-1,0,15,run_test,all,0.3,1768,530,25.32507156832528,17.331155236444012,34.00668531784761
endpoint_pca,-1,0,15,run_test,all,0.5,1768,884,23.041271506956686,16.86425648385099,30.8217313238187
endpoint_pca,-1,0,15,run_test,picky,0.1,233,23,23.1347459499314,-11.054790311111846,59.155887492140096
endpoint_pca,-1,0,15,run_test,picky,0.2,233,47,32.64439529426558,12.173886581581923,52.02516324334332
endpoint_pca,-1,0,15,run_test,picky,0.3,233,69,28.465144251047715,12.432160173700714,45.70936575591571
endpoint_pca,-1,0,15,run_test,picky,0.5,233,117,26.391369539095408,13.318871811477877,41.037848726522505
endpoint_pca,-1,0,37,test,all,0.1,2465,246,21.326611389649617,12.23995854013627,31.030775121417847
endpoint_pca,-1,0,37,test,all,0.2,2465,494,26.033555886460324,18.83881758771751,33.420982749182535
endpoint_pca,-1,0,37,test,all,0.3,2465,740,27.69935531202963,20.928661563997508,34.454424243563906
endpoint_pca,-1,0,37,test,all,0.5,2465,1234,25.29654719178799,19.46803036105389,31.1100209597527
endpoint_pca,-1,0,37,test,picky,0.1,345,34,37.2975046018332,5.439341955780994,66.84474708727998
endpoint_pca,-1,0,37,test,picky,0.2,345,68,40.48608688461839,23.90387985668265,56.6787015258999
endpoint_pca,-1,0,37,test,picky,0.3,345,104,31.609724569780532,16.57123924993246,46.22452676684854
endpoint_pca,-1,0,37,test,picky,0.5,345,173,14.688838885751968,1.389062491536312,26.999972026335396
endpoint_pca,-1,0,37,run_test,all,0.1,1768,177,27.211623869476725,13.8719809626378,38.46817619966896
endpoint_pca,-1,0,37,run_test,all,0.2,1768,354,22.275082914928394,14.158378877710094,31.48342894413818
endpoint_pca,-1,0,37,run_test,all,0.3,1768,530,21.746706070587244,14.102895965106566,30.80915030109158
endpoint_pca,-1,0,37,run_test,all,0.5,1768,884,22.143388605908473,16.27997447800158,29.18231888174155
endpoint_pca,-1,0,37,run_test,picky,0.1,233,23,20.340448737640333,-16.61920947489683,55.218761824225915
endpoint_pca,-1,0,37,run_test,picky,0.2,233,47,32.66373413849914,11.321086311858757,52.269448652419264
endpoint_pca,-1,0,37,run_test,picky,0.3,233,69,23.754127169787036,6.5460810777480285,40.41762351282829
endpoint_pca,-1,0,37,run_test,picky,0.5,233,117,20.93948008488286,7.219303901365875,36.3049792431149
random,0,0,3,test,all,0.1,2465,246,10.869729558731024,0.6180980900806654,20.18789298033728
random,0,0,3,test,all,0.2,2465,494,9.677604022228964,2.6998090609361274,17.380192066032325
random,0,0,3,test,all,0.3,2465,740,5.117923960475825,-0.661272782706591,12.121329308361153
random,0,0,3,test,all,0.5,2465,1234,6.932366566361159,-0.0849351693126761,12.519852933496502
random,0,0,3,test,picky,0.1,345,34,19.292253652460577,-9.606096363295446,49.0690676752282
random,0,0,3,test,picky,0.2,345,68,18.418934812300964,-0.2783074520858716,36.300254800792736
random,0,0,3,test,picky,0.3,345,104,8.688563668480022,-6.941648356944191,25.016967831841708
random,0,0,3,test,picky,0.5,345,173,3.384597430830039,-10.395764945548873,15.962492934830191
random,0,0,3,run_test,all,0.1,1768,177,14.818323425811078,3.372787651243135,28.09165008361383
random,0,0,3,run_test,all,0.2,1768,354,5.904313898844247,-3.476323998860795,15.081997256796232
random,0,0,3,run_test,all,0.3,1768,530,5.489569717462173,-1.6699498535755368,12.619908733717097
random,0,0,3,run_test,all,0.5,1768,884,6.566517595865773,0.3517013247377274,12.901034986049998
random,0,0,3,run_test,picky,0.1,233,23,0.3943576421963993,-23.38994631442967,23.253176102426007
random,0,0,3,run_test,picky,0.2,233,47,-11.078244887635332,-26.985720737346576,11.491093082385234
random,0,0,3,run_test,picky,0.3,233,69,-9.877937202437584,-24.31188382978725,9.023034687370618
random,0,0,3,run_test,picky,0.5,233,117,-8.956919235758118,-21.349961036165805,5.7461039110927254
random,0,0,15,test,all,0.1,2465,246,14.54545147159139,3.250214525053197,23.72202236313225
random,0,0,15,test,all,0.2,2465,494,8.817671974723684,0.0391430105012271,16.281036524257992
random,0,0,15,test,all,0.3,2465,740,4.167754454013463,-3.351615157147895,10.893078235420548
random,0,0,15,test,all,0.5,2465,1234,8.318721254601336,2.1471009409352493,13.975218099775702
random,0,0,15,test,picky,0.1,345,34,4.244420388799478,-22.537282739852472,28.120413646390983
random,0,0,15,test,picky,0.2,345,68,-2.335431921412245,-17.661935595257567,14.02325942890011
random,0,0,15,test,picky,0.3,345,104,0.8977531518366975,-13.815592411743708,14.68707710291896
random,0,0,15,test,picky,0.5,345,173,5.315345096932069,-7.095207078186847,18.13144556717067
random,0,0,15,run_test,all,0.1,1768,177,2.1498801116469535,-9.714386447453116,14.43069824396392
random,0,0,15,run_test,all,0.2,1768,354,3.9546663617618254,-5.539550628284239,13.90921874980436
random,0,0,15,run_test,all,0.3,1768,530,3.6002928618171604,-3.841299058815946,11.263257313360638
random,0,0,15,run_test,all,0.5,1768,884,3.6504308037756146,-3.7651668526334823,10.398147321298843
random,0,0,15,run_test,picky,0.1,233,23,-3.424294527495346,-22.94550151972085,17.564035115066037
random,0,0,15,run_test,picky,0.2,233,47,-14.93943094135268,-33.55335450386576,2.9671498037123953
random,0,0,15,run_test,picky,0.3,233,69,-13.965113923079077,-29.75995744246267,5.573536435908312
random,0,0,15,run_test,picky,0.5,233,117,-12.37071871051251,-25.39179219386985,3.3240293640030476
random,0,0,37,test,all,0.1,2465,246,8.276915472097649,-1.07932088210262,18.73774475570804
random,0,0,37,test,all,0.2,2465,494,4.89438444668632,-2.552715317443132,12.879985840977998
random,0,0,37,test,all,0.3,2465,740,6.679676569413244,-0.4384715716593893,14.03459754985821
random,0,0,37,test,all,0.5,2465,1234,9.246691886656034,2.8544187180602743,14.687975789185348
random,0,0,37,test,picky,0.1,345,34,-24.695498110593725,-45.9515096908528,-4.140807977324974
random,0,0,37,test,picky,0.2,345,68,-6.8613219826745455,-22.065294388504732,12.414488837913408
random,0,0,37,test,picky,0.3,345,104,-4.707220319593981,-18.386927012348465,8.794090584660374
random,0,0,37,test,picky,0.5,345,173,1.5982752211556757,-11.302890285323434,13.736950493473334
random,0,0,37,run_test,all,0.1,1768,177,10.244207083516365,-1.30089688800437,22.28963354273083
random,0,0,37,run_test,all,0.2,1768,354,11.150362261396031,2.618010894194413,20.256117624733168
random,0,0,37,run_test,all,0.3,1768,530,10.502298188402726,3.423901002308175,18.162722187256627
random,0,0,37,run_test,all,0.5,1768,884,7.514338217154876,1.4424783078883217,14.880971780753551
random,0,0,37,run_test,picky,0.1,233,23,18.380823649475435,-6.451378570024316,43.85492804105272
random,0,0,37,run_test,picky,0.2,233,47,14.911505060132203,-0.6076792283568901,31.413209729027837
random,0,0,37,run_test,picky,0.3,233,69,13.348907896720617,-3.9470835057407414,28.489756817102773
random,0,0,37,run_test,picky,0.5,233,117,6.394354761978064,-6.11996438008137,20.67654466402773
fulltrack_pca,-1,0,3,test,all,0.1,2465,246,34.22976260637384,24.206051434491457,45.57164259381138
fulltrack_pca,-1,0,3,test,all,0.2,2465,494,36.904733157331144,29.745411386521855,44.37562192138
fulltrack_pca,-1,0,3,test,all,0.3,2465,740,32.748823968827566,26.660950417628275,39.21779614360589
fulltrack_pca,-1,0,3,test,all,0.5,2465,1234,25.46737712611093,19.863738960041633,31.74856561354025
fulltrack_pca,-1,0,3,test,picky,0.1,345,34,34.02371994257299,2.3630227260719217,69.36852998511904
fulltrack_pca,-1,0,3,test,picky,0.2,345,68,39.847476374555235,20.325693693226643,58.552497575361905
fulltrack_pca,-1,0,3,test,picky,0.3,345,104,36.63105886802741,21.615336400601,51.89554633163288
fulltrack_pca,-1,0,3,test,picky,0.5,345,173,13.905745172219042,1.0235253853560389,27.30095722905649
fulltrack_pca,-1,0,3,run_test,all,0.1,1768,177,18.137082271356604,5.668291535908441,30.08014372704509
fulltrack_pca,-1,0,3,run_test,all,0.2,1768,354,24.205560738212977,16.599547262876907,32.17690854082321
fulltrack_pca,-1,0,3,run_test,all,0.3,1768,530,25.259084418122672,17.58653248798426,33.289950845754774
fulltrack_pca,-1,0,3,run_test,all,0.5,1768,884,16.874514378958633,9.895143492779193,23.452774116734677
fulltrack_pca,-1,0,3,run_test,picky,0.1,233,23,22.76257530524375,-11.944834762125822,56.20941242802219
fulltrack_pca,-1,0,3,run_test,picky,0.2,233,47,3.710875987407364,-17.194934564406932,25.986770130971177
fulltrack_pca,-1,0,3,run_test,picky,0.3,233,69,7.754299115760792,-12.244791487603967,24.989370030865548
fulltrack_pca,-1,0,3,run_test,picky,0.5,233,117,6.793994328541197,-6.65037724978791,21.68671690726731
fulltrack_pca,-1,0,15,test,all,0.1,2465,246,21.813500516321277,11.835787259271692,32.06205735772579
fulltrack_pca,-1,0,15,test,all,0.2,2465,494,21.00992641523472,14.076101228412544,28.10018537681445
fulltrack_pca,-1,0,15,test,all,0.3,2465,740,19.625621668911,13.393046701525648,25.824675559180747
fulltrack_pca,-1,0,15,test,all,0.5,2465,1234,30.65535806183863,24.368626543360893,35.83917010594881
fulltrack_pca,-1,0,15,test,picky,0.1,345,34,25.538754325926455,-4.983477579827129,54.09857948605079
fulltrack_pca,-1,0,15,test,picky,0.2,345,68,28.323287574760386,5.733118287712933,49.90851806381954
fulltrack_pca,-1,0,15,test,picky,0.3,345,104,22.68230842131163,4.923521359795072,38.7784092254111
fulltrack_pca,-1,0,15,test,picky,0.5,345,173,23.301725277620957,10.02575098293957,36.58821494821641
fulltrack_pca,-1,0,15,run_test,all,0.1,1768,177,13.041818525283826,0.8144647604963551,25.64753650937281
fulltrack_pca,-1,0,15,run_test,all,0.2,1768,354,16.439599099664356,8.174843212131655,24.586805288319503
fulltrack_pca,-1,0,15,run_test,all,0.3,1768,530,22.07563738616694,15.070542019761255,28.699858842470913
fulltrack_pca,-1,0,15,run_test,all,0.5,1768,884,18.6504245849443,12.21848647575702,25.26550264404353
fulltrack_pca,-1,0,15,run_test,picky,0.1,233,23,-5.081547430948506,-39.587825413568304,24.21907285419173
fulltrack_pca,-1,0,15,run_test,picky,0.2,233,47,13.146717039677348,-9.96040591332086,33.5318199584089
fulltrack_pca,-1,0,15,run_test,picky,0.3,233,69,10.132993039875927,-9.997659408768396,26.233011006813687
fulltrack_pca,-1,0,15,run_test,picky,0.5,233,117,-0.4776081479228875,-14.034871316386385,12.668062139194484
fulltrack_pca,-1,0,37,test,all,0.1,2465,246,24.830331889308297,13.73072848585825,35.32666717708401
fulltrack_pca,-1,0,37,test,all,0.2,2465,494,22.70855071968109,15.079725144348105,29.8848399814721
fulltrack_pca,-1,0,37,test,all,0.3,2465,740,26.371528129859087,20.80602343198,32.63227541307002
fulltrack_pca,-1,0,37,test,all,0.5,2465,1234,28.71167791228951,23.57182040260252,34.36686880869909
fulltrack_pca,-1,0,37,test,picky,0.1,345,34,15.928419163585232,-10.064235059979314,44.09436747309228
fulltrack_pca,-1,0,37,test,picky,0.2,345,68,20.65994643352111,2.1726048789870047,40.67512032956888
fulltrack_pca,-1,0,37,test,picky,0.3,345,104,21.289389526385136,4.523575410826651,35.69050704105741
fulltrack_pca,-1,0,37,test,picky,0.5,345,173,18.136955655938223,5.383928933856546,30.358959152042196
fulltrack_pca,-1,0,37,run_test,all,0.1,1768,177,18.928840890969028,7.250948498012846,31.07102347505121
fulltrack_pca,-1,0,37,run_test,all,0.2,1768,354,16.635026856465394,7.057333353058389,24.741259403651934
fulltrack_pca,-1,0,37,run_test,all,0.3,1768,530,23.49974992014848,15.749133713749863,30.8917887018056
fulltrack_pca,-1,0,37,run_test,all,0.5,1768,884,22.893535205113547,15.887552163163216,29.588389126457265
fulltrack_pca,-1,0,37,run_test,picky,0.1,233,23,8.291599477066184,-28.995340674388785,42.3512289664813
fulltrack_pca,-1,0,37,run_test,picky,0.2,233,47,10.695709376538357,-12.484733206103035,30.14955684999835
fulltrack_pca,-1,0,37,run_test,picky,0.3,233,69,10.111925103406486,-8.530713280520695,25.830146600700505
fulltrack_pca,-1,0,37,run_test,picky,0.5,233,117,11.472973476574332,-1.2236587015027425,26.175783343049854
vae,2,0,3,test,all,0.1,2465,246,22.170500113221664,12.681631160386855,31.375425308714902
vae,2,0,3,test,all,0.2,2465,494,16.79661084271749,9.331453428152347,24.87070856460168
vae,2,0,3,test,all,0.3,2465,740,12.887780776068528,6.614437406280612,19.32812998382567
vae,2,0,3,test,all,0.5,2465,1234,17.36784830291748,11.417693852756988,23.300752553504815
vae,2,0,3,test,picky,0.1,345,34,7.925209072115983,-15.91871091092334,32.92644958498256
vae,2,0,3,test,picky,0.2,345,68,13.853661065139631,-2.400550851260617,34.197526489375925
vae,2,0,3,test,picky,0.3,345,104,5.563475786730386,-9.515710538359258,21.852318221677432
vae,2,0,3,test,picky,0.5,345,173,6.717905157161673,-6.741281287725438,20.119653440067385
vae,2,0,3,run_test,all,0.1,1768,177,22.37680824965739,9.23957288454645,35.592796717768344
vae,2,0,3,run_test,all,0.2,1768,354,15.62543070590371,7.6595384421530355,25.728269453100243
vae,2,0,3,run_test,all,0.3,1768,530,12.697948376008975,4.873101641251452,20.19204787544542
vae,2,0,3,run_test,all,0.5,1768,884,11.962788969300664,4.992814788080755,18.802887775174053
vae,2,0,3,run_test,picky,0.1,233,23,10.185627333061491,-14.137898481275352,36.98781027319365
vae,2,0,3,run_test,picky,0.2,233,47,10.59293634869552,-9.421232441672684,34.98129519704954
vae,2,0,3,run_test,picky,0.3,233,69,11.459839882993323,-6.3765772991983845,30.159588067193685
vae,2,0,3,run_test,picky,0.5,233,117,8.537751406762395,-4.266261924531203,24.117887631468314
vae,2,0,15,test,all,0.1,2465,246,20.652604013576273,10.624653232708331,30.789885694936704
vae,2,0,15,test,all,0.2,2465,494,17.63187231199264,11.127062287855304,25.62166911055728
vae,2,0,15,test,all,0.3,2465,740,20.46650165869552,14.867683198264926,26.77794687465148
vae,2,0,15,test,all,0.5,2465,1234,18.009957685150066,11.434997356807658,23.636453967831063
vae,2,0,15,test,picky,0.1,345,34,23.48416735682819,-1.401080442813391,50.95995773339428
vae,2,0,15,test,picky,0.2,345,68,9.792406038790702,-6.030093315996197,30.448971072051428
vae,2,0,15,test,picky,0.3,345,104,11.988631863696869,-3.795076797874549,27.967753787655216
vae,2,0,15,test,picky,0.5,345,173,12.029767984189752,1.428034686035058,24.285207996525777
vae,2,0,15,run_test,all,0.1,1768,177,19.76611772502108,6.949889008386391,32.15572922430307
vae,2,0,15,run_test,all,0.2,1768,354,16.462234265097447,8.14806518775478,25.33750695648647
vae,2,0,15,run_test,all,0.3,1768,530,14.225702701640976,6.333960812957624,22.394287316727382
vae,2,0,15,run_test,all,0.5,1768,884,13.650263611162496,6.965741843998389,19.827025131596347
vae,2,0,15,run_test,picky,0.1,233,23,1.6989524915907497,-32.853824630640545,33.02908340403934
vae,2,0,15,run_test,picky,0.2,233,47,10.223693456662426,-11.798811000043235,31.57053657259053
vae,2,0,15,run_test,picky,0.3,233,69,1.1793458218781607,-14.5408405447562,18.168736108865076
vae,2,0,15,run_test,picky,0.5,233,117,11.691482717062735,-2.85884346564109,28.338756719229707
vae,2,0,37,test,all,0.1,2465,246,21.59740286465215,9.354444466010442,29.92942354983767
vae,2,0,37,test,all,0.2,2465,494,23.230101838327872,16.521376392981473,29.942746179158316
vae,2,0,37,test,all,0.3,2465,740,18.751497163942812,12.781590594077985,24.879363235687418
vae,2,0,37,test,all,0.5,2465,1234,18.588106199047026,12.4451683031396,24.59985729781295
vae,2,0,37,test,picky,0.1,345,34,31.239519338286268,3.8300120261116666,61.75220575831214
vae,2,0,37,test,picky,0.2,345,68,37.59502130777107,18.817089320829016,56.35187507864252
vae,2,0,37,test,picky,0.3,345,104,17.876660611648646,2.2214787615235143,33.027614296797466
vae,2,0,37,test,picky,0.5,345,173,4.482789864483391,-7.983747838082084,17.530116814260655
vae,2,0,37,run_test,all,0.1,1768,177,15.088358453707452,3.718724063570337,28.241307023749805
vae,2,0,37,run_test,all,0.2,1768,354,14.351059310027354,6.8120659803147205,23.132558475062133
vae,2,0,37,run_test,all,0.3,1768,530,13.599911325211208,6.285800949880161,21.790328294912133
vae,2,0,37,run_test,all,0.5,1768,884,14.75403818160827,7.972122541606944,21.91833058414516
vae,2,0,37,run_test,picky,0.1,233,23,14.96732760821849,-25.197273489629588,51.93282561004651
vae,2,0,37,run_test,picky,0.2,233,47,12.05599475398963,-12.424190517496246,34.190844270098594
vae,2,0,37,run_test,picky,0.3,233,69,15.2014449245892,-3.6243886634664073,36.04254400877784
vae,2,0,37,run_test,picky,0.5,233,117,-2.053616825147757,-19.2222392234919,12.326038301223017
random,1,0,3,test,all,0.1,2465,246,17.526136843254523,8.437825237365445,27.339973998848333
random,1,0,3,test,all,0.2,2465,494,15.840460088429865,9.07456890700959,22.5556380868156
random,1,0,3,test,all,0.3,2465,740,10.997591289818384,3.82730229313894,18.182486399782626
random,1,0,3,test,all,0.5,2465,1234,8.765155305662578,2.151832050742768,14.300049713420895
random,1,0,3,test,picky,0.1,345,34,15.871982191509968,-14.377630552830889,45.09648286668776
random,1,0,3,test,picky,0.2,345,68,25.31248434270023,7.099174348169727,43.345919300220785
random,1,0,3,test,picky,0.3,345,104,19.785884299844597,4.975143488947462,33.8924646649737
random,1,0,3,test,picky,0.5,345,173,12.072850216450227,0.5507340927468055,26.614778621075427
random,1,0,3,run_test,all,0.1,1768,177,24.939148899102516,13.347234988510134,37.802128378984015
random,1,0,3,run_test,all,0.2,1768,354,15.369162445733425,7.072756923188,24.753813915647175
random,1,0,3,run_test,all,0.3,1768,530,16.9157888406542,9.819489264912574,25.18845457592772
random,1,0,3,run_test,all,0.5,1768,884,11.770372068019867,5.0268201296659045,19.05657610348797
random,1,0,3,run_test,picky,0.1,233,23,11.398145061946993,-16.11653325929965,37.17651643984296
random,1,0,3,run_test,picky,0.2,233,47,4.0009931647106,-14.19518453036509,24.72494329471405
random,1,0,3,run_test,picky,0.3,233,69,7.596838709989476,-10.284743996250509,26.35491058838348
random,1,0,3,run_test,picky,0.5,233,117,11.400085925636526,-3.510693158917246,26.12694570236031
random,1,0,15,test,all,0.1,2465,246,20.93853345397866,9.976305735552984,31.44115906437611
random,1,0,15,test,all,0.2,2465,494,18.087895580264085,10.55003774669555,24.86601079825096
random,1,0,15,test,all,0.3,2465,740,12.780550669808845,6.470952542257835,19.62184301103773
random,1,0,15,test,all,0.5,2465,1234,10.155229028807245,3.883947297199723,16.912267382267366
random,1,0,15,test,picky,0.1,345,34,18.658376082360355,-1.2784892292397694,38.52851480615139
random,1,0,15,test,picky,0.2,345,68,13.897590446489628,-3.234423685383309,30.039686336805485
random,1,0,15,test,picky,0.3,345,104,12.288548519428684,-1.9633582371097584,25.47832474578308
random,1,0,15,test,picky,0.5,345,173,6.728071136834186,-7.639540907023957,20.58676400366493
random,1,0,15,run_test,all,0.1,1768,177,10.697513891781217,-1.7831524311188205,26.27907215555793
random,1,0,15,run_test,all,0.2,1768,354,11.597554806407352,2.467641246919677,21.383034767878648
random,1,0,15,run_test,all,0.3,1768,530,8.235400942658083,1.0022644763833906,15.81543831551162
random,1,0,15,run_test,all,0.5,1768,884,5.147765823101318,-1.299428373728323,12.085584820444684
random,1,0,15,run_test,picky,0.1,233,23,-20.240363367730417,-43.72819541148997,4.049442733836163
random,1,0,15,run_test,picky,0.2,233,47,-10.153269789303176,-28.04189132149796,8.841404850761617
random,1,0,15,run_test,picky,0.3,233,69,-14.007276740572769,-28.53666008868548,0.9705534999006576
random,1,0,15,run_test,picky,0.5,233,117,-8.075833410477038,-23.28781396891268,6.505555528202837
random,1,0,37,test,all,0.1,2465,246,12.49799175252104,2.466035798194844,21.330551559503046
random,1,0,37,test,all,0.2,2465,494,11.890655216196071,3.035640545341668,19.313688539598783
random,1,0,37,test,all,0.3,2465,740,10.587686158575131,4.016071020381681,17.524782728168258
random,1,0,37,test,all,0.5,2465,1234,8.001426408855549,1.7022808174817343,15.3953864162565
random,1,0,37,test,picky,0.1,345,34,11.281201309829992,-18.97708913392772,34.437314844455564
random,1,0,37,test,picky,0.2,345,68,13.254533330153784,-2.128603746595399,29.08695489700026
random,1,0,37,test,picky,0.3,345,104,6.544856737434932,-8.85389053644471,20.579045176111627
random,1,0,37,test,picky,0.5,345,173,-0.6686735460191975,-13.60602451259977,12.513959924637277
random,1,0,37,run_test,all,0.1,1768,177,5.567728924023541,-5.438024887052144,18.03725463616977
random,1,0,37,run_test,all,0.2,1768,354,4.435615675232679,-3.6922868712339896,12.814259078593688
random,1,0,37,run_test,all,0.3,1768,530,5.502375550136207,-1.515222828945654,14.28551244394064
random,1,0,37,run_test,all,0.5,1768,884,3.9240522559082622,-2.4299791768352375,11.493679586017764
random,1,0,37,run_test,picky,0.1,233,23,-15.704051991357336,-43.5873055340678,11.477997785602328
random,1,0,37,run_test,picky,0.2,233,47,-4.508893231120227,-22.28861148330654,16.7465716879461
random,1,0,37,run_test,picky,0.3,233,69,-8.355339807099773,-22.778940924302617,9.244668687915151
random,1,0,37,run_test,picky,0.5,233,117,-6.789276989263749,-20.97551199756679,7.5992952290181695
fulltrack,-1,0,3,test,all,0.1,2465,246,29.261846759717077,19.454110483583975,41.00713775721567
fulltrack,-1,0,3,test,all,0.2,2465,494,36.618391093810615,28.665833006248693,43.89991535905104
fulltrack,-1,0,3,test,all,0.3,2465,740,34.01028584381568,27.55483552274608,40.141786452829216
fulltrack,-1,0,3,test,all,0.5,2465,1234,30.237213461370494,24.166418249012303,35.73776150993099
fulltrack,-1,0,3,test,picky,0.1,345,34,56.40971834713488,22.929424058099094,86.55808099345525
fulltrack,-1,0,3,test,picky,0.2,345,68,45.825109545080295,27.84116498652836,64.1740146364528
fulltrack,-1,0,3,test,picky,0.3,345,104,31.025765708179417,16.242191860906274,45.97122650552
fulltrack,-1,0,3,test,picky,0.5,345,173,25.72034580274794,12.703278832725852,40.07097455654312
fulltrack,-1,0,3,run_test,all,0.1,1768,177,21.888451259787743,10.82782455360378,35.22921601398215
fulltrack,-1,0,3,run_test,all,0.2,1768,354,23.806961439548843,15.209923368583365,33.21873181092089
fulltrack,-1,0,3,run_test,all,0.3,1768,530,22.88480673705236,15.46018404420688,29.89836521766188
fulltrack,-1,0,3,run_test,all,0.5,1768,884,21.8513615844676,15.3722296763564,28.185447854833946
fulltrack,-1,0,3,run_test,picky,0.1,233,23,2.465483559660002,-33.51822740858737,44.27506861287258
fulltrack,-1,0,3,run_test,picky,0.2,233,47,11.018484305302133,-12.792630766240736,32.31347830478997
fulltrack,-1,0,3,run_test,picky,0.3,233,69,8.02301524310447,-10.259580623976642,24.924843746144106
fulltrack,-1,0,3,run_test,picky,0.5,233,117,8.101125049353687,-5.225959360662895,22.700807727457107
fulltrack,-1,0,15,test,all,0.1,2465,246,26.830244432188625,17.88108980526189,36.61292215531815
fulltrack,-1,0,15,test,all,0.2,2465,494,34.94159746634176,27.638921572051913,42.84700987189935
fulltrack,-1,0,15,test,all,0.3,2465,740,38.01372967497142,30.8550697917408,44.51814103325884
fulltrack,-1,0,15,test,all,0.5,2465,1234,33.45143609983713,26.800582731134924,39.29491868087592
fulltrack,-1,0,15,test,picky,0.1,345,34,40.909083349271974,12.156326859274587,68.75715935338384
fulltrack,-1,0,15,test,picky,0.2,345,68,36.64432254720562,15.134226702264687,54.15188475688777
fulltrack,-1,0,15,test,picky,0.3,345,104,29.06398199441034,14.92262298523394,42.38233262769369
fulltrack,-1,0,15,test,picky,0.5,345,173,21.215980453604317,8.365564554023138,35.894732591983875
fulltrack,-1,0,15,run_test,all,0.1,1768,177,22.97407374114223,11.070539188914534,35.71576906678695
fulltrack,-1,0,15,run_test,all,0.2,1768,354,22.889813961563963,15.082834057285192,32.3905469839647
fulltrack,-1,0,15,run_test,all,0.3,1768,530,21.668326328962472,14.046715001520434,29.330460971520058
fulltrack,-1,0,15,run_test,all,0.5,1768,884,28.237848726248764,21.540689311105183,34.48761785890486
fulltrack,-1,0,15,run_test,picky,0.1,233,23,10.648383019725316,-25.683791802176415,43.64561495130272
fulltrack,-1,0,15,run_test,picky,0.2,233,47,6.552078137554124,-15.548237612466378,31.40623309663438
fulltrack,-1,0,15,run_test,picky,0.3,233,69,6.568290193044479,-8.42964789554802,24.384187258926858
fulltrack,-1,0,15,run_test,picky,0.5,233,117,7.93348998143607,-4.402073805287912,21.60114935460799
fulltrack,-1,0,37,test,all,0.1,2465,246,24.03535603529307,13.834892616806918,34.321353468038645
fulltrack,-1,0,37,test,all,0.2,2465,494,23.8311155375906,16.59537937694442,32.35927774326521
fulltrack,-1,0,37,test,all,0.3,2465,740,29.126782410331128,23.009780251820924,35.29284137299613
fulltrack,-1,0,37,test,all,0.5,2465,1234,36.34956844197067,30.491933088726913,41.496797877371186
fulltrack,-1,0,37,test,picky,0.1,345,34,41.356267300940296,12.717827050585797,70.77465284055243
fulltrack,-1,0,37,test,picky,0.2,345,68,35.1335109404536,14.914391729810028,56.72169883577347
fulltrack,-1,0,37,test,picky,0.3,345,104,25.807387932017065,9.804533887877048,43.51944738104603
fulltrack,-1,0,37,test,picky,0.5,345,173,21.924996913231684,9.335903646613602,35.88097413958114
fulltrack,-1,0,37,run_test,all,0.1,1768,177,17.239626866616128,5.880085669710259,30.009240823003044
fulltrack,-1,0,37,run_test,all,0.2,1768,354,22.53878167068757,12.836911886452192,31.317907240364516
fulltrack,-1,0,37,run_test,all,0.3,1768,530,24.491168941799376,16.734945727606288,32.163987649911
fulltrack,-1,0,37,run_test,all,0.5,1768,884,26.960786877021967,20.75359529714548,33.36365727837056
fulltrack,-1,0,37,run_test,picky,0.1,233,23,9.594654099017704,-28.29436402161151,48.73832852269841
fulltrack,-1,0,37,run_test,picky,0.2,233,47,18.14049585871618,-5.7297214260619125,37.93330224023125
fulltrack,-1,0,37,run_test,picky,0.3,233,69,7.380589164264701,-9.38143601347206,23.33118436645744
fulltrack,-1,0,37,run_test,picky,0.5,233,117,10.768638518919646,-3.760431018546917,23.191717806172782
active_mask_ae,0,0,3,test,all,0.1,2465,246,21.946681043732873,12.370098087848312,30.535395880828005
active_mask_ae,0,0,3,test,all,0.2,2465,494,17.096288464382926,10.058178753552992,25.57968460130487
active_mask_ae,0,0,3,test,all,0.3,2465,740,14.252406980268946,7.467266151520314,20.800791287165424
active_mask_ae,0,0,3,test,all,0.5,2465,1234,15.15137146482819,8.429648175591982,21.31536992048434
active_mask_ae,0,0,3,test,picky,0.1,345,34,63.670561728209535,40.00119433022333,84.90478110570115
active_mask_ae,0,0,3,test,picky,0.2,345,68,27.149773998798757,8.923333513870844,43.454785359376395
active_mask_ae,0,0,3,test,picky,0.3,345,104,8.197786378950202,-8.81481797737577,21.83910197803307
active_mask_ae,0,0,3,test,picky,0.5,345,173,4.674995059288512,-6.620567051377956,16.542530685347025
active_mask_ae,0,0,3,run_test,all,0.1,1768,177,27.92374442499463,16.13142604684358,39.83740582832786
active_mask_ae,0,0,3,run_test,all,0.2,1768,354,21.55917396538884,13.818645898450532,31.201327935120684
active_mask_ae,0,0,3,run_test,all,0.3,1768,530,20.45417825963064,12.953540478456866,27.729995735479744
active_mask_ae,0,0,3,run_test,all,0.5,1768,884,12.909389505612507,4.833835450639165,19.184255791621776
active_mask_ae,0,0,3,run_test,picky,0.1,233,23,33.78924421876275,0.9217587387529584,63.82031448997289
active_mask_ae,0,0,3,run_test,picky,0.2,233,47,22.88156440426243,3.120030341321533,46.3842682335894
active_mask_ae,0,0,3,run_test,picky,0.3,233,69,8.027825639308354,-7.303740858532008,28.046885609308855
active_mask_ae,0,0,3,run_test,picky,0.5,233,117,7.936217826633349,-4.147979422385058,23.688504520198567
active_mask_ae,0,0,15,test,all,0.1,2465,246,24.94440960823153,15.828112985499589,35.542434172534506
active_mask_ae,0,0,15,test,all,0.2,2465,494,16.097427854210256,8.362444485494517,23.49097228214901
active_mask_ae,0,0,15,test,all,0.3,2465,740,15.904890421932006,9.086477231383013,22.05154956304105
active_mask_ae,0,0,15,test,all,0.5,2465,1234,16.83812400597496,11.04996313074489,22.5363531151056
active_mask_ae,0,0,15,test,picky,0.1,345,34,9.968371557418484,-22.807158729479532,43.81047000658993
active_mask_ae,0,0,15,test,picky,0.2,345,68,14.379988026865473,-2.311927668434351,34.75245232905053
active_mask_ae,0,0,15,test,picky,0.3,345,104,2.390512402024547,-10.694531183600704,19.499174324694938
active_mask_ae,0,0,15,test,picky,0.5,345,173,3.2686698004893326,-8.076296620699212,17.10119577052798
active_mask_ae,0,0,15,run_test,all,0.1,1768,177,14.758855744944444,1.2425517998070967,28.533543877042543
active_mask_ae,0,0,15,run_test,all,0.2,1768,354,15.127993562199528,6.91011801952119,26.759718184149328
active_mask_ae,0,0,15,run_test,all,0.3,1768,530,13.543514501108325,6.411462014770937,21.202265454151735
active_mask_ae,0,0,15,run_test,all,0.5,1768,884,15.21154662820717,8.799769227071279,21.82665378754051
active_mask_ae,0,0,15,run_test,picky,0.1,233,23,10.576053438875595,-19.948255786486182,40.947630864028575
active_mask_ae,0,0,15,run_test,picky,0.2,233,47,-0.8370874549777383,-19.670052540101725,19.028196301644105
active_mask_ae,0,0,15,run_test,picky,0.3,233,69,2.2855088446600167,-13.858735812403928,19.30610016001016
active_mask_ae,0,0,15,run_test,picky,0.5,233,117,-0.2699175062740879,-14.942306514435703,15.682338004739725
active_mask_ae,0,0,37,test,all,0.1,2465,246,27.90587619792917,17.855202694039544,37.76675575345453
active_mask_ae,0,0,37,test,all,0.2,2465,494,22.959751409150833,14.818280386786071,30.293965691433307
active_mask_ae,0,0,37,test,all,0.3,2465,740,22.303804039001673,16.428276507865267,29.46200610013409
active_mask_ae,0,0,37,test,all,0.5,2465,1234,20.9699504584742,16.0342015023112,27.183049005569703
active_mask_ae,0,0,37,test,picky,0.1,345,34,48.48950619067664,22.965718903499855,79.39311648751288
active_mask_ae,0,0,37,test,picky,0.2,345,68,31.191239881020085,9.126868135253018,51.76018080222284
active_mask_ae,0,0,37,test,picky,0.3,345,104,23.80078551037569,7.238319066210797,40.46521528761844
active_mask_ae,0,0,37,test,picky,0.5,345,173,12.809276548089528,1.0485488149748434,24.530165702239056
active_mask_ae,0,0,37,run_test,all,0.1,1768,177,23.16797913294453,8.055530517241207,35.17729955461272
active_mask_ae,0,0,37,run_test,all,0.2,1768,354,21.94756686789976,12.732713444442256,31.838584575987348
active_mask_ae,0,0,37,run_test,all,0.3,1768,530,25.128640012308484,18.303404047627467,34.32537180928734
active_mask_ae,0,0,37,run_test,all,0.5,1768,884,26.893318077496293,20.690296533957156,34.23857996221695
active_mask_ae,0,0,37,run_test,picky,0.1,233,23,30.968351111740706,-1.2747215978197373,61.407136415901675
active_mask_ae,0,0,37,run_test,picky,0.2,233,47,24.9422401520851,5.341958348993103,43.712845654408405
active_mask_ae,0,0,37,run_test,picky,0.3,233,69,18.093895866471023,0.5119062719379237,36.043699863868355
active_mask_ae,0,0,37,run_test,picky,0.5,233,117,12.857376437940363,-0.7898814389311292,27.579794299917605
ae,2,0,3,test,all,0.1,2465,246,19.3178995732631,10.036249762975649,28.801327635074628
ae,2,0,3,test,all,0.2,2465,494,14.209973664995522,7.583723377622645,21.635261866576872
ae,2,0,3,test,all,0.3,2465,740,15.978741815438756,10.466667863492775,22.549306315105984
ae,2,0,3,test,all,0.5,2465,1234,18.113744334614378,12.0524422775603,23.805180922433095
ae,2,0,3,test,picky,0.1,345,34,8.849256226463995,-19.5326440983177,35.17824688646833
ae,2,0,3,test,picky,0.2,345,68,4.960646537382316,-10.1931197147903,21.89236341225104
ae,2,0,3,test,picky,0.3,345,104,10.025261862490405,-6.195405558234005,24.77477809639138
ae,2,0,3,test,picky,0.5,345,173,4.3339691229061215,-9.792813199334796,16.967531420520967
ae,2,0,3,run_test,all,0.1,1768,177,19.14139071469426,8.066682043426797,29.42848395481781
ae,2,0,3,run_test,all,0.2,1768,354,14.247615637261422,5.894820326074292,24.260366460964487
ae,2,0,3,run_test,all,0.3,1768,530,16.351539498244787,9.129721790832894,24.43741756155253
ae,2,0,3,run_test,all,0.5,1768,884,12.46321202837964,6.072909571406722,19.22281502778237
ae,2,0,3,run_test,picky,0.1,233,23,-1.8971414583781192,-29.91078232591879,31.58998458811128
ae,2,0,3,run_test,picky,0.2,233,47,6.153649162746574,-14.431255675758557,28.050439369328892
ae,2,0,3,run_test,picky,0.3,233,69,13.275293834256242,-3.989711588461781,30.66285770171194
ae,2,0,3,run_test,picky,0.5,233,117,8.154489621264188,-7.251018027615105,23.52714286586625
ae,2,0,15,test,all,0.1,2465,246,21.417739618292593,10.50494637626889,31.519372809066876
ae,2,0,15,test,all,0.2,2465,494,21.762863787737743,15.14169552943384,28.39319975945439
ae,2,0,15,test,all,0.3,2465,740,17.143979830873924,11.846082140615874,23.01630218221366
ae,2,0,15,test,all,0.5,2465,1234,14.17218505356484,7.723965462025415,19.874015433011454
ae,2,0,15,test,picky,0.1,345,34,18.284854635613733,-10.29144167881597,44.66070897717261
ae,2,0,15,test,picky,0.2,345,68,7.180217136877554,-11.658501727448613,24.699534069335527
ae,2,0,15,test,picky,0.3,345,104,-0.6880972837688901,-14.339907503763882,14.763223429129942
ae,2,0,15,test,picky,0.5,345,173,2.488903886693005,-11.885362877799649,16.504885893708767
ae,2,0,15,run_test,all,0.1,1768,177,8.321343014358536,-3.990835914461597,21.87431001106067
ae,2,0,15,run_test,all,0.2,1768,354,10.37744191632159,2.649679168080584,20.06823118535981
ae,2,0,15,run_test,all,0.3,1768,530,9.986108664987228,2.586388364754051,18.153102967162138
ae,2,0,15,run_test,all,0.5,1768,884,12.204556527990496,4.2567031956231975,18.482838032506713
ae,2,0,15,run_test,picky,0.1,233,23,7.774557462437057,-22.39551346082502,36.389573443045656
ae,2,0,15,run_test,picky,0.2,233,47,1.6745810294701136,-16.31613428703795,21.294196366281525
ae,2,0,15,run_test,picky,0.3,233,69,0.7337287506598148,-14.65936176572844,15.839083677187176
ae,2,0,15,run_test,picky,0.5,233,117,5.651295326895198,-5.266545249290078,20.449244557502436
ae,2,0,37,test,all,0.1,2465,246,30.94831208512422,21.21995721527364,40.136333874508175
ae,2,0,37,test,all,0.2,2465,494,24.13083731261152,17.516154751090234,30.91870551134816
ae,2,0,37,test,all,0.3,2465,740,23.15774311986979,16.785755129159792,29.43844653396658
ae,2,0,37,test,all,0.5,2465,1234,24.333337601763525,18.83896357760377,30.662637988410744
ae,2,0,37,test,picky,0.1,345,34,47.114883355049415,23.198717032282932,73.34404954996738
ae,2,0,37,test,picky,0.2,345,68,19.14119725124539,-0.789195037917111,37.801792598077704
ae,2,0,37,test,picky,0.3,345,104,13.72545041037777,-2.1651185807734517,29.60403750512864
ae,2,0,37,test,picky,0.5,345,173,7.21519654620741,-4.320530804282788,19.923826221383095
ae,2,0,37,run_test,all,0.1,1768,177,20.75998588024277,9.263659235179816,36.02190421951493
ae,2,0,37,run_test,all,0.2,1768,354,22.765196418269685,13.898668537504038,33.30213850194984
ae,2,0,37,run_test,all,0.3,1768,530,23.675981024566045,16.506021416327044,30.578341796484143
ae,2,0,37,run_test,all,0.5,1768,884,19.520106582823026,12.086370477215103,26.165894164390828
ae,2,0,37,run_test,picky,0.1,233,23,20.18521245452405,-12.515154341224529,52.80282114334366
ae,2,0,37,run_test,picky,0.2,233,47,10.184482032278618,-11.050860316764158,35.622498305624184
ae,2,0,37,run_test,picky,0.3,233,69,12.943245648875164,-5.0297661324451575,32.148229006630025
ae,2,0,37,run_test,picky,0.5,233,117,6.484213517710891,-6.993157314849925,21.508404863649695
active_mask_ae,1,0,3,test,all,0.1,2465,246,16.422957571806144,7.457849446253081,24.949074438942336
active_mask_ae,1,0,3,test,all,0.2,2465,494,15.286549547816312,7.7932341121049085,23.344417266091604
active_mask_ae,1,0,3,test,all,0.3,2465,740,11.402466178373444,5.124900729122594,17.507633497076547
active_mask_ae,1,0,3,test,all,0.5,2465,1234,9.291593748490438,3.905193457032341,15.510609118448604
active_mask_ae,1,0,3,test,picky,0.1,345,34,-2.2163839204700437,-29.754669374184473,25.4412946579457
active_mask_ae,1,0,3,test,picky,0.2,345,68,-1.961437499068732,-16.77883728545532,16.603991088637592
active_mask_ae,1,0,3,test,picky,0.3,345,104,-3.239902072765865,-17.121187216597058,11.29810787042097
active_mask_ae,1,0,3,test,picky,0.5,345,173,-7.73006256352345,-20.829409078880953,4.3595081350774
active_mask_ae,1,0,3,run_test,all,0.1,1768,177,21.69208149008541,10.278178647741704,35.19137455718096
active_mask_ae,1,0,3,run_test,all,0.2,1768,354,14.98331177894929,6.944625807247562,23.5644562423254
active_mask_ae,1,0,3,run_test,all,0.3,1768,530,12.924918006098403,6.16098973249919,21.23335972040525
active_mask_ae,1,0,3,run_test,all,0.5,1768,884,8.285291485083032,1.8137679046435211,14.723038796941111
active_mask_ae,1,0,3,run_test,picky,0.1,233,23,3.5151032877327535,-24.06012900311905,30.94687973967329
active_mask_ae,1,0,3,run_test,picky,0.2,233,47,-5.819706780910094,-26.04660869373316,11.910311425661655
active_mask_ae,1,0,3,run_test,picky,0.3,233,69,-4.137584778307439,-20.637527679224803,11.016820899939349
active_mask_ae,1,0,3,run_test,picky,0.5,233,117,5.108598498000612,-8.47596755151204,22.105761995806574
active_mask_ae,1,0,15,test,all,0.1,2465,246,22.821805939327632,11.39832560783526,31.97895171230989
active_mask_ae,1,0,15,test,all,0.2,2465,494,22.766245425142927,15.876095774009318,29.8380366552351
active_mask_ae,1,0,15,test,all,0.3,2465,740,18.50665277725202,12.595923996789848,24.883529864315925
active_mask_ae,1,0,15,test,all,0.5,2465,1234,17.413669961676963,12.334457079116108,23.25057655463479
active_mask_ae,1,0,15,test,picky,0.1,345,34,10.906324908020595,-10.292298979250775,32.53517749349615
active_mask_ae,1,0,15,test,picky,0.2,345,68,-0.7548299102005362,-18.319625282996753,19.722649914808407
active_mask_ae,1,0,15,test,picky,0.3,345,104,5.394723716029639,-9.810680160046427,22.2439177481178
active_mask_ae,1,0,15,test,picky,0.5,345,173,1.3608609730848702,-12.55000214928445,14.797374607840034
active_mask_ae,1,0,15,run_test,all,0.1,1768,177,13.63509913940823,1.110016569965368,25.68156390295792
active_mask_ae,1,0,15,run_test,all,0.2,1768,354,14.257720389136418,5.606576191839546,22.665987737374778
active_mask_ae,1,0,15,run_test,all,0.3,1768,530,9.447657236432535,1.8823635791560709,17.475404593542496
active_mask_ae,1,0,15,run_test,all,0.5,1768,884,10.358742532657445,3.4475586686884707,18.16962811160306
active_mask_ae,1,0,15,run_test,picky,0.1,233,23,11.82548608157147,-11.380505775832098,37.14014713157942
active_mask_ae,1,0,15,run_test,picky,0.2,233,47,1.6406649574386585,-18.039971035418304,21.39450698327308
active_mask_ae,1,0,15,run_test,picky,0.3,233,69,-4.65593837618886,-21.29969485301839,10.10251503279084
active_mask_ae,1,0,15,run_test,picky,0.5,233,117,-11.52176669257043,-25.33863026936088,2.357883167051537
active_mask_ae,1,0,37,test,all,0.1,2465,246,26.67440740089964,17.37507948886647,36.17630692336918
active_mask_ae,1,0,37,test,all,0.2,2465,494,26.3721674672222,19.33546874504734,33.37941239416645
active_mask_ae,1,0,37,test,all,0.3,2465,740,29.291960776218623,23.12500851646487,35.216594318929026
active_mask_ae,1,0,37,test,all,0.5,2465,1234,23.76439211561157,18.178754782296988,29.23291552973925
active_mask_ae,1,0,37,test,picky,0.1,345,34,32.44169563634522,0.0088747670602415,62.53588772108117
active_mask_ae,1,0,37,test,picky,0.2,345,68,18.830816859858825,-3.4067383836228142,34.62553695697771
active_mask_ae,1,0,37,test,picky,0.3,345,104,16.992938470885807,0.3727196044172379,32.82468077774928
active_mask_ae,1,0,37,test,picky,0.5,345,173,13.645926096367363,-1.748230424256349,26.14119996397198
active_mask_ae,1,0,37,run_test,all,0.1,1768,177,20.180363887422732,5.77435688021608,33.21618440706077
active_mask_ae,1,0,37,run_test,all,0.2,1768,354,20.719661363851372,11.799561142468704,28.907656078137
active_mask_ae,1,0,37,run_test,all,0.3,1768,530,20.844005765253232,13.840708217321156,29.116001516424006
active_mask_ae,1,0,37,run_test,all,0.5,1768,884,17.20269049274168,10.552680890856273,24.535315916597163
active_mask_ae,1,0,37,run_test,picky,0.1,233,23,48.38882364388759,12.551058562169104,75.92538429218263
active_mask_ae,1,0,37,run_test,picky,0.2,233,47,20.558613861762144,-2.2925588339920964,42.231627368745706
active_mask_ae,1,0,37,run_test,picky,0.3,233,69,15.41439016465011,-2.9867588407346735,32.98645440267981
active_mask_ae,1,0,37,run_test,picky,0.5,233,117,13.033928443878224,-1.3572310384027535,27.389268903391542
endpoint,-1,0,3,test,all,0.1,2465,246,-1.9528106941778736,-14.204529834226848,9.430536161806767
endpoint,-1,0,3,test,all,0.2,2465,494,-4.38678299574216,-12.76606770884643,4.308632251793651
endpoint,-1,0,3,test,all,0.3,2465,740,-4.275647457625011,-11.212826743153135,2.9870325468437047
endpoint,-1,0,3,test,all,0.5,2465,1234,-1.6957810764531691,-8.106125671598939,4.453710202743842
endpoint,-1,0,3,test,picky,0.1,345,34,23.957699717850993,5.3853640553102755,47.6153735491182
endpoint,-1,0,3,test,picky,0.2,345,68,17.5131687291477,3.480220518900194,31.295308178899905
endpoint,-1,0,3,test,picky,0.3,345,104,14.277907339230753,0.680269937224981,27.72754107544508
endpoint,-1,0,3,test,picky,0.5,345,173,5.905576453980837,-8.472720800559443,20.473554423933003
endpoint,-1,0,3,run_test,all,0.1,1768,177,5.511481890569836,-6.070329367504725,18.82977777133185
endpoint,-1,0,3,run_test,all,0.2,1768,354,5.530834000782126,-4.6928499906350565,15.253817397974249
endpoint,-1,0,3,run_test,all,0.3,1768,530,4.407346182523222,-3.4974486372553257,11.973806237855202
endpoint,-1,0,3,run_test,all,0.5,1768,884,4.8255737713454625,-2.7744431635187237,11.580819894287329
endpoint,-1,0,3,run_test,picky,0.1,233,23,-2.8009509177883007,-26.313470388204696,20.03292967526208
endpoint,-1,0,3,run_test,picky,0.2,233,47,4.179079187034753,-14.449241641432868,22.98554825222664
endpoint,-1,0,3,run_test,picky,0.3,233,69,9.496410760469873,-4.758121197572538,24.98015263049303
endpoint,-1,0,3,run_test,picky,0.5,233,117,8.6904798024956,-6.0542380045941115,24.615500260746305
endpoint,-1,0,15,test,all,0.1,2465,246,30.7414064569668,20.547635807158024,40.91812921681523
endpoint,-1,0,15,test,all,0.2,2465,494,31.457148596370033,23.38146664123185,39.21879844555363
endpoint,-1,0,15,test,all,0.3,2465,740,26.885141142173723,20.56813226873186,33.23332265736967
endpoint,-1,0,15,test,all,0.5,2465,1234,28.250107186882847,23.31389950077729,35.15665672054519
endpoint,-1,0,15,test,picky,0.1,345,34,42.158470052463926,12.497253692442078,68.86266353642662
endpoint,-1,0,15,test,picky,0.2,345,68,37.14755847778968,16.94702355813321,57.299827676936786
endpoint,-1,0,15,test,picky,0.3,345,104,26.06526223532881,9.68683814901904,39.73737379012515
endpoint,-1,0,15,test,picky,0.5,345,173,28.166270609824977,15.40503365493419,41.92464459911645
endpoint,-1,0,15,run_test,all,0.1,1768,177,23.160118467673875,10.74097404457786,37.35736256855757
endpoint,-1,0,15,run_test,all,0.2,1768,354,23.488371280466215,14.76082172477458,31.799937952686896
endpoint,-1,0,15,run_test,all,0.3,1768,530,22.88158078819437,14.622237297514154,30.955073795646637
endpoint,-1,0,15,run_test,all,0.5,1768,884,23.866108401751653,16.829041606108092,30.858749584447914
endpoint,-1,0,15,run_test,picky,0.1,233,23,35.51862404673971,-0.5725890601446764,73.25311762994853
endpoint,-1,0,15,run_test,picky,0.2,233,47,26.89192755836456,3.6172382379586585,48.78991613820581
endpoint,-1,0,15,run_test,picky,0.3,233,69,24.72233635156098,7.572032708147643,43.27428497242227
endpoint,-1,0,15,run_test,picky,0.5,233,117,20.15489228275417,7.504549476587571,34.87262040678569
endpoint,-1,0,37,test,all,0.1,2465,246,34.94853048081507,25.335661933949847,44.05663328504977
endpoint,-1,0,37,test,all,0.2,2465,494,31.84002071880447,24.76070319309062,39.71682252610604
endpoint,-1,0,37,test,all,0.3,2465,740,28.929644576557493,22.557705420534507,35.73547825227255
endpoint,-1,0,37,test,all,0.5,2465,1234,28.089918230018416,22.057190655356113,33.48909051071178
endpoint,-1,0,37,test,picky,0.1,345,34,52.70869314953487,21.262452925027343,81.52934925337563
endpoint,-1,0,37,test,picky,0.2,345,68,34.256735960051486,14.369583484210608,54.333834890428854
endpoint,-1,0,37,test,picky,0.3,345,104,28.207140460830757,11.333915811819006,43.860634460194824
endpoint,-1,0,37,test,picky,0.5,345,173,19.92142452475061,5.5081976438650075,33.49070291466123
endpoint,-1,0,37,run_test,all,0.1,1768,177,23.833726748831285,10.904753911635243,36.99001142200573
endpoint,-1,0,37,run_test,all,0.2,1768,354,24.51751102240648,15.75649586772784,33.59747997104119
endpoint,-1,0,37,run_test,all,0.3,1768,530,26.50355566460089,19.266039838295907,33.639324708739736
endpoint,-1,0,37,run_test,all,0.5,1768,884,20.777929165124952,14.042719104630503,27.163842227851077
endpoint,-1,0,37,run_test,picky,0.1,233,23,35.235657581052,4.1807779603154485,65.41095276179965
endpoint,-1,0,37,run_test,picky,0.2,233,47,27.384216535635233,5.62503470705873,53.16355499493488
endpoint,-1,0,37,run_test,picky,0.3,233,69,23.19279619404796,6.6622249900848125,42.317039543503846
endpoint,-1,0,37,run_test,picky,0.5,233,117,17.218055125107306,2.5995337340272076,34.51825270903058
masked_ae,1,0,3,test,all,0.1,2465,246,24.02278131066973,14.545538427938816,33.45205481809984
masked_ae,1,0,3,test,all,0.2,2465,494,16.493806939877267,9.036255228313896,23.29736170876553
masked_ae,1,0,3,test,all,0.3,2465,740,14.719918613488922,9.23920829666497,20.724989868389212
masked_ae,1,0,3,test,all,0.5,2465,1234,17.001289441419317,11.13591093117294,22.34567519671653
masked_ae,1,0,3,test,picky,0.1,345,34,14.71005670235492,-8.726363591053868,42.64063676908994
masked_ae,1,0,3,test,picky,0.2,345,68,3.817109536323255,-11.246304560587737,22.364727010281555
masked_ae,1,0,3,test,picky,0.3,345,104,15.25863212208081,-1.00775739538638,28.99376283797993
masked_ae,1,0,3,test,picky,0.5,345,173,5.593260163749276,-9.621601033155056,19.149105003194187
masked_ae,1,0,3,run_test,all,0.1,1768,177,25.818379764516457,15.97715032074882,37.573176909341775
masked_ae,1,0,3,run_test,all,0.2,1768,354,17.6723143091391,10.335982655018965,27.26491632512448
masked_ae,1,0,3,run_test,all,0.3,1768,530,12.107647635595772,5.272699990746583,20.045399736884953
masked_ae,1,0,3,run_test,all,0.5,1768,884,9.390270566846226,3.155760654057523,16.1517912927968
masked_ae,1,0,3,run_test,picky,0.1,233,23,9.71658725572087,-18.043561207736403,39.117594508414314
masked_ae,1,0,3,run_test,picky,0.2,233,47,-1.983557283322818,-24.204788639907903,18.63917704570512
masked_ae,1,0,3,run_test,picky,0.3,233,69,1.7245605869270748,-14.94436164660062,17.912191234665695
masked_ae,1,0,3,run_test,picky,0.5,233,117,4.352154352699688,-11.060542047454751,19.11456630893379
masked_ae,1,0,15,test,all,0.1,2465,246,25.56308943877668,14.55684962049575,35.49968923439858
masked_ae,1,0,15,test,all,0.2,2465,494,21.704436209641084,14.180700141631725,28.940942600085933
masked_ae,1,0,15,test,all,0.3,2465,740,20.5308972195728,14.466276463862537,27.641392451396506
masked_ae,1,0,15,test,all,0.5,2465,1234,19.06989079957016,13.546892391945004,25.456399647139992
masked_ae,1,0,15,test,picky,0.1,345,34,38.972033915104355,6.543734629385318,64.33745539162358
masked_ae,1,0,15,test,picky,0.2,345,68,28.729271659861652,9.133441265049116,45.70312541145525
masked_ae,1,0,15,test,picky,0.3,345,104,15.66901127676787,0.3359581217309589,30.289289926173268
masked_ae,1,0,15,test,picky,0.5,345,173,4.45805605119511,-9.035200133829475,16.14306813395974
masked_ae,1,0,15,run_test,all,0.1,1768,177,17.63014584866105,6.5998755169816175,29.333011741438256
masked_ae,1,0,15,run_test,all,0.2,1768,354,19.61052387008921,10.604278023874182,30.62258434297784
masked_ae,1,0,15,run_test,all,0.3,1768,530,16.533708212691344,9.213960666271936,25.01590887913177
masked_ae,1,0,15,run_test,all,0.5,1768,884,17.44018251855744,10.43681491780331,24.536070256647317
masked_ae,1,0,15,run_test,picky,0.1,233,23,30.43881038544746,-6.711937201829686,55.238274950010265
masked_ae,1,0,15,run_test,picky,0.2,233,47,14.588396194010326,-6.296048775725164,37.72058843948786
masked_ae,1,0,15,run_test,picky,0.3,233,69,9.581578742710883,-6.327582400020618,26.61160651576458
masked_ae,1,0,15,run_test,picky,0.5,233,117,5.180254463026655,-7.898917883614739,18.63760333240801
masked_ae,1,0,37,test,all,0.1,2465,246,22.204799032764083,12.018397997015237,31.418325517795513
masked_ae,1,0,37,test,all,0.2,2465,494,21.75298869794629,15.291390649976355,28.91524445321084
masked_ae,1,0,37,test,all,0.3,2465,740,18.552188339604708,12.698313270153454,24.931107942693338
masked_ae,1,0,37,test,all,0.5,2465,1234,19.030863096981424,12.665987741384512,24.234826104063323
masked_ae,1,0,37,test,picky,0.1,345,34,38.73068799923842,9.944539664322877,65.41523798402802
masked_ae,1,0,37,test,picky,0.2,345,68,21.737492930598226,2.2958129408535943,40.284584670826526
masked_ae,1,0,37,test,picky,0.3,345,104,15.52235621706539,0.4823936044365474,29.187974448022388
masked_ae,1,0,37,test,picky,0.5,345,173,10.37065589121016,-2.922240030068365,22.49349358758628
masked_ae,1,0,37,run_test,all,0.1,1768,177,22.494934264072757,12.197736043297988,34.82142438706235
masked_ae,1,0,37,run_test,all,0.2,1768,354,17.34354933569465,9.699590254842164,27.50872174821777
masked_ae,1,0,37,run_test,all,0.3,1768,530,16.228841259118006,7.874763205409262,24.098163629968507
masked_ae,1,0,37,run_test,all,0.5,1768,884,16.15167913076596,8.950361253346072,22.85775663165242
masked_ae,1,0,37,run_test,picky,0.1,233,23,26.000178056059266,-12.283628218831849,56.71089903395103
masked_ae,1,0,37,run_test,picky,0.2,233,47,21.234849568750732,0.9995833397557028,42.751064078443115
masked_ae,1,0,37,run_test,picky,0.3,233,69,4.524613487364454,-12.216004419984,20.38208685124337
masked_ae,1,0,37,run_test,picky,0.5,233,117,7.2484818609735475,-6.306362423732531,22.118321710428916
masked_ae,0,0,3,test,all,0.1,2465,246,20.04090267802418,9.45440596299357,29.6605068674557
masked_ae,0,0,3,test,all,0.2,2465,494,16.87279531371016,9.938459805485795,24.20454154789199
masked_ae,0,0,3,test,all,0.3,2465,740,17.722338849973234,12.188926483640843,23.992802039387023
masked_ae,0,0,3,test,all,0.5,2465,1234,15.309895594804363,9.41074886262811,20.877810869596104
masked_ae,0,0,3,test,picky,0.1,345,34,4.030528011029725,-22.36744578070209,30.064088840454637
masked_ae,0,0,3,test,picky,0.2,345,68,3.0051149245407363,-10.425705396201304,20.37036466078188
masked_ae,0,0,3,test,picky,0.3,345,104,8.539786276413617,-5.578687781561626,24.1069831974031
masked_ae,0,0,3,test,picky,0.5,345,173,8.76032460003764,-5.340264262915113,22.31804261211135
masked_ae,0,0,3,run_test,all,0.1,1768,177,18.991650407935733,8.437280059020674,32.02269355968662
masked_ae,0,0,3,run_test,all,0.2,1768,354,14.58205371457682,6.771047902823953,24.49670064149785
masked_ae,0,0,3,run_test,all,0.3,1768,530,19.145518201556797,11.715776801462304,27.169797235979065
masked_ae,0,0,3,run_test,all,0.5,1768,884,11.51547345965628,4.5215842193041755,18.8311396723003
masked_ae,0,0,3,run_test,picky,0.1,233,23,1.1589901667383846,-28.915440460063135,30.08373873984339
masked_ae,0,0,3,run_test,picky,0.2,233,47,0.7588967355379461,-18.593087611770844,19.88889705316846
masked_ae,0,0,3,run_test,picky,0.3,233,69,7.55235130353301,-9.578787444680284,25.585112246233543
masked_ae,0,0,3,run_test,picky,0.5,233,117,5.153360645044085,-8.758330572755774,19.553843382135742
masked_ae,0,0,15,test,all,0.1,2465,246,23.631535782218876,12.883962580373655,34.50786305162523
masked_ae,0,0,15,test,all,0.2,2465,494,22.783156659887776,14.761833114484048,31.07860587324087
masked_ae,0,0,15,test,all,0.3,2465,740,20.447271349277894,14.008396673135287,27.4057566264969
masked_ae,0,0,15,test,all,0.5,2465,1234,20.39678304954277,14.267765864838667,26.417004429805687
masked_ae,0,0,15,test,picky,0.1,345,34,36.283353101919154,4.97185416009294,65.70591001722117
masked_ae,0,0,15,test,picky,0.2,345,68,32.115602770371645,13.67328483956695,53.6012416775749
masked_ae,0,0,15,test,picky,0.3,345,104,18.05495848838672,3.1146951457224454,34.02339007861167
masked_ae,0,0,15,test,picky,0.5,345,173,13.559469471108544,0.1914136535766729,26.729401909628383
masked_ae,0,0,15,run_test,all,0.1,1768,177,17.35369580708361,3.2695285190294494,31.047917858913088
masked_ae,0,0,15,run_test,all,0.2,1768,354,19.58646398553815,10.61767498423216,28.84993889619049
masked_ae,0,0,15,run_test,all,0.3,1768,530,16.683777646145927,9.074684935935489,24.461959724256616
masked_ae,0,0,15,run_test,all,0.5,1768,884,17.908182676462417,11.879589626189968,24.98766733257797
masked_ae,0,0,15,run_test,picky,0.1,233,23,-4.6771682751832575,-33.0649062747414,20.094000496790738
masked_ae,0,0,15,run_test,picky,0.2,233,47,5.892995206639396,-19.08419306084244,27.029478107603488
masked_ae,0,0,15,run_test,picky,0.3,233,69,6.910603313678289,-12.602474163184956,24.88929172321444
masked_ae,0,0,15,run_test,picky,0.5,233,117,4.221287622230441,-11.85001620620906,21.236316244559784
masked_ae,0,0,37,test,all,0.1,2465,246,23.546178317795448,12.838016371380618,33.561559004396166
masked_ae,0,0,37,test,all,0.2,2465,494,26.52850755779423,17.84691646447164,33.58849570241817
masked_ae,0,0,37,test,all,0.3,2465,740,21.987030463142357,15.308427574768706,27.39296052284417
masked_ae,0,0,37,test,all,0.5,2465,1234,17.91743413703804,11.473427404746468,23.249304186599083
masked_ae,0,0,37,test,picky,0.1,345,34,25.727704954967525,-3.543317871529533,52.1782033299795
masked_ae,0,0,37,test,picky,0.2,345,68,32.98458095738108,11.967945362272395,53.101932198495824
masked_ae,0,0,37,test,picky,0.3,345,104,14.649177961524826,-2.3758835358711488,30.24533352585762
masked_ae,0,0,37,test,picky,0.5,345,173,-2.358489798607242,-15.841698692700309,9.866298367103369
masked_ae,0,0,37,run_test,all,0.1,1768,177,12.803302479297413,2.0059116592010007,25.971756429057855
masked_ae,0,0,37,run_test,all,0.2,1768,354,16.467889266589108,8.1493202779107,25.576829545118056
masked_ae,0,0,37,run_test,all,0.3,1768,530,13.498536801991143,6.142790675616585,20.91768077714751
masked_ae,0,0,37,run_test,all,0.5,1768,884,16.08791929706007,9.099315684894371,23.717676647732215
masked_ae,0,0,37,run_test,picky,0.1,233,23,23.12728914672833,-11.665481275925451,54.08740447051885
masked_ae,0,0,37,run_test,picky,0.2,233,47,21.771953305490452,0.5411974190427519,45.711728008069755
masked_ae,0,0,37,run_test,picky,0.3,233,69,5.2375505651564325,-13.59263472485724,21.97182462225966
masked_ae,0,0,37,run_test,picky,0.5,233,117,3.5360612261445468,-9.898194986518762,18.470005583427852
vae,1,0,3,test,all,0.1,2465,246,16.731249405781607,6.828312089441304,26.22411218595271
vae,1,0,3,test,all,0.2,2465,494,16.420920279669232,9.058200915135226,24.259169723261166
vae,1,0,3,test,all,0.3,2465,740,18.356478361503974,12.77484558441765,25.797705937878664
vae,1,0,3,test,all,0.5,2465,1234,19.182356818416363,13.771938818076832,24.60368047791316
vae,1,0,3,test,picky,0.1,345,34,2.534309774161935,-21.49600410443145,28.808248705909705
vae,1,0,3,test,picky,0.2,345,68,7.446677729347478,-9.209403274488668,26.072865196438165
vae,1,0,3,test,picky,0.3,345,104,9.881683943790744,-3.4536298128458474,26.395768666808753
vae,1,0,3,test,picky,0.5,345,173,10.858073320158164,-2.7635575937416665,23.04549276668957
vae,1,0,3,run_test,all,0.1,1768,177,26.299113917474713,14.638643190836024,37.669635617347375
vae,1,0,3,run_test,all,0.2,1768,354,15.763457240686284,6.456471295242289,24.85866423512392
vae,1,0,3,run_test,all,0.3,1768,530,14.010994776771488,6.873078546508292,22.262256642368307
vae,1,0,3,run_test,all,0.5,1768,884,12.369761442424688,5.665968737702143,19.697847513696807
vae,1,0,3,run_test,picky,0.1,233,23,7.613170989734009,-24.18762868081379,37.42893213402824
vae,1,0,3,run_test,picky,0.2,233,47,-2.302499975843818,-20.559511747974113,17.663317787535316
vae,1,0,3,run_test,picky,0.3,233,69,5.926654278386292,-10.84819887532658,24.030674441535965
vae,1,0,3,run_test,picky,0.5,233,117,7.1170904625106175,-8.244135772655708,21.77214037160796
vae,1,0,15,test,all,0.1,2465,246,23.663602982380567,13.497236749751558,33.170806976583954
vae,1,0,15,test,all,0.2,2465,494,21.482478237220224,13.940330172878722,29.07780126171236
vae,1,0,15,test,all,0.3,2465,740,20.3122757042925,14.660440872201375,26.634553076078586
vae,1,0,15,test,all,0.5,2465,1234,19.50772799789262,14.019307256107894,25.630899025608787
vae,1,0,15,test,picky,0.1,345,34,13.245209200783968,-13.014175678064804,43.611759040887314
vae,1,0,15,test,picky,0.2,345,68,9.088655573910488,-10.104816397385562,30.04683531239994
vae,1,0,15,test,picky,0.3,345,104,16.45675773932651,2.4924181599745867,33.663728409378734
vae,1,0,15,test,picky,0.5,345,173,10.787336288349294,-2.4177648407415075,22.89876984269594
vae,1,0,15,run_test,all,0.1,1768,177,26.9228574012068,15.395996978969778,39.91653376634165
vae,1,0,15,run_test,all,0.2,1768,354,15.740438337445571,6.5226174065895215,25.061998233339036
vae,1,0,15,run_test,all,0.3,1768,530,15.135235075169255,8.274434886421865,22.976922596903908
vae,1,0,15,run_test,all,0.5,1768,884,15.403517116298952,8.423134364011435,22.29565522211122
vae,1,0,15,run_test,picky,0.1,233,23,15.04827660324658,-11.09442962711523,49.93026046698557
vae,1,0,15,run_test,picky,0.2,233,47,11.929538589626764,-10.960187625528484,32.55562493302215
vae,1,0,15,run_test,picky,0.3,233,69,6.004512686283345,-11.991459643094084,24.780064272925348
vae,1,0,15,run_test,picky,0.5,233,117,9.793121857710195,-4.034650329154212,23.60912234484688
vae,1,0,37,test,all,0.1,2465,246,26.03676745668224,16.29043848178745,34.56385898453741
vae,1,0,37,test,all,0.2,2465,494,20.71296007266684,13.14525655357754,28.27878604307906
vae,1,0,37,test,all,0.3,2465,740,24.82706253328236,18.32446683499956,31.31391755961887
vae,1,0,37,test,all,0.5,2465,1234,24.740396330529652,19.605199266817035,30.107735785880475
vae,1,0,37,test,picky,0.1,345,34,36.82457878221528,10.54689021531878,65.19149264843432
vae,1,0,37,test,picky,0.2,345,68,27.3827383185687,7.4874821064699395,48.46501884700661
vae,1,0,37,test,picky,0.3,345,104,17.68515667274999,1.6473089351539694,32.78343540001627
vae,1,0,37,test,picky,0.5,345,173,10.022885846038031,-2.92531652260465,24.705875674166364
vae,1,0,37,run_test,all,0.1,1768,177,17.33521442077584,3.2240207618492285,31.014193843562076
vae,1,0,37,run_test,all,0.2,1768,354,17.668667775807556,8.2319617723045,26.49963853763915
vae,1,0,37,run_test,all,0.3,1768,530,13.50193780777161,5.929702141596015,21.709033414169344
vae,1,0,37,run_test,all,0.5,1768,884,15.940033544769472,9.617512134825011,22.465896382437595
vae,1,0,37,run_test,picky,0.1,233,23,27.70385483439935,-13.053195950297724,59.33696056894314
vae,1,0,37,run_test,picky,0.2,233,47,21.497003832872142,-1.6401511772261173,41.11961036806384
vae,1,0,37,run_test,picky,0.3,233,69,4.990424782434597,-11.569010297853252,22.243597730095807
vae,1,0,37,run_test,picky,0.5,233,117,5.071095489396007,-8.654216144371794,19.82879508560421
vae,0,0,3,test,all,0.1,2465,246,17.15091731363028,7.598190782402432,27.33426765296726
vae,0,0,3,test,all,0.2,2465,494,15.753484655112327,8.773411491204978,23.91426766077532
vae,0,0,3,test,all,0.3,2465,740,17.546583380757948,11.670208726968408,24.87104533260908
vae,0,0,3,test,all,0.5,2465,1234,18.55310178186659,13.31362125280555,24.532914056816654
vae,0,0,3,test,picky,0.1,345,34,12.374584833836945,-9.098863776502355,34.73160398190824
vae,0,0,3,test,picky,0.2,345,68,2.965253067079968,-13.088317173074158,18.66402322742407
vae,0,0,3,test,picky,0.3,345,104,10.532987973633237,-3.923014733443249,26.098464848147604
vae,0,0,3,test,picky,0.5,345,173,6.864264615095053,-4.540856773089518,19.85857794305587
vae,0,0,3,run_test,all,0.1,1768,177,21.120952383841765,9.285518577517951,33.77555892985
vae,0,0,3,run_test,all,0.2,1768,354,12.258145947017285,3.1021398744314075,21.94913237832832
vae,0,0,3,run_test,all,0.3,1768,530,15.602997325987818,8.45645249920222,24.03024506451063
vae,0,0,3,run_test,all,0.5,1768,884,7.142323223802791,1.217801608107954,13.386689398611804
vae,0,0,3,run_test,picky,0.1,233,23,17.679779198148644,-13.65452915249942,50.65797552148242
vae,0,0,3,run_test,picky,0.2,233,47,1.4263891741342238,-18.010350722499382,19.564699748640457
vae,0,0,3,run_test,picky,0.3,233,69,2.9915352310285916,-14.903275392223026,20.97690215886644
vae,0,0,3,run_test,picky,0.5,233,117,6.356405884265532,-10.116773292710675,21.897068407327712
vae,0,0,15,test,all,0.1,2465,246,20.84578442608504,10.174759252223843,30.372599819958445
vae,0,0,15,test,all,0.2,2465,494,22.116475819357753,15.089583927020678,29.166577604578567
vae,0,0,15,test,all,0.3,2465,740,19.675374727243593,13.251278691049253,25.926786630020228
vae,0,0,15,test,all,0.5,2465,1234,22.67181976861271,17.442442213370168,28.42222020737479
vae,0,0,15,test,picky,0.1,345,34,24.549980224500157,-5.842129958105277,57.189075791970055
vae,0,0,15,test,picky,0.2,345,68,28.00524650298273,11.26525361530596,47.01079019715708
vae,0,0,15,test,picky,0.3,345,104,19.627379979806506,4.683603116321585,33.10654720673694
vae,0,0,15,test,picky,0.5,345,173,10.618157679277251,-1.073031929895404,23.212187737993997
vae,0,0,15,run_test,all,0.1,1768,177,23.50737060534116,13.06210678226057,37.76458972698653
vae,0,0,15,run_test,all,0.2,1768,354,16.976590982038868,9.05634769153524,26.413170682871648
vae,0,0,15,run_test,all,0.3,1768,530,13.583556303278687,6.490187949624498,22.09943746536737
vae,0,0,15,run_test,all,0.5,1768,884,17.620732148682276,10.712525379949057,24.326064066706472
vae,0,0,15,run_test,picky,0.1,233,23,34.917455249377,-2.132263483408023,66.5565992367286
vae,0,0,15,run_test,picky,0.2,233,47,15.255475553789983,-10.303356871274053,36.99642404135862
vae,0,0,15,run_test,picky,0.3,233,69,10.091104570260503,-8.113173144456656,27.796176081499414
vae,0,0,15,run_test,picky,0.5,233,117,7.230892436309029,-5.954510233867898,21.251588825726564
vae,0,0,37,test,all,0.1,2465,246,25.14634219382739,15.872707880020494,34.682887217383986
vae,0,0,37,test,all,0.2,2465,494,21.37221365077154,14.37510034613634,28.128934311785898
vae,0,0,37,test,all,0.3,2465,740,19.922780355909637,13.862716925381754,25.931202006122227
vae,0,0,37,test,all,0.5,2465,1234,19.968717355517573,13.480287784589386,26.442544602592964
vae,0,0,37,test,picky,0.1,345,34,34.327236420390314,11.565922144846253,62.564466441974375
vae,0,0,37,test,picky,0.2,345,68,23.135781064608885,6.043713128748447,41.263701957694494
vae,0,0,37,test,picky,0.3,345,104,24.93636819861544,8.727826690088017,40.26675215489734
vae,0,0,37,test,picky,0.5,345,173,10.716813909279102,-2.3507507745969765,24.42039505517111
vae,0,0,37,run_test,all,0.1,1768,177,16.335629022894228,4.964467914782028,28.12946594260255
vae,0,0,37,run_test,all,0.2,1768,354,10.797693497850355,1.893328267409508,19.951080703991455
vae,0,0,37,run_test,all,0.3,1768,530,12.7572520196366,4.479091897166159,21.596959686976973
vae,0,0,37,run_test,all,0.5,1768,884,11.148689568604947,4.16464319079628,18.56016961896406
vae,0,0,37,run_test,picky,0.1,233,23,11.836350834446325,-18.46488751588994,38.61092972176901
vae,0,0,37,run_test,picky,0.2,233,47,12.36518186736197,-10.502115387375891,32.98420301685632
vae,0,0,37,run_test,picky,0.3,233,69,0.6278181170330821,-17.572130759820265,18.918489424684797
vae,0,0,37,run_test,picky,0.5,233,117,6.270929680191918,-8.136098648452249,21.992198156636643
random,2,0,3,test,all,0.1,2465,246,0.924262905363932,-8.777112067196757,10.52027028465788
random,2,0,3,test,all,0.2,2465,494,-3.330858680318958,-11.5478852710751,5.951780082235876
random,2,0,3,test,all,0.3,2465,740,-4.757830356479011,-10.807886125460271,2.7905329823102183
random,2,0,3,test,all,0.5,2465,1234,-3.3965035116121047,-9.59940634133714,3.690700797916485
random,2,0,3,test,picky,0.1,345,34,-10.36082523800264,-33.17208598692657,9.788928367499576
random,2,0,3,test,picky,0.2,345,68,-9.435918513535023,-25.291477270317753,5.537952258883482
random,2,0,3,test,picky,0.3,345,104,-6.896724488895305,-18.181096941840696,5.365494118823425
random,2,0,3,test,picky,0.5,345,173,-7.936987483531012,-19.936365791592767,5.553812220539449
random,2,0,3,run_test,all,0.1,1768,177,-13.45380203340508,-25.361555156616685,-2.2149896188190716
random,2,0,3,run_test,all,0.2,1768,354,-11.995838971214802,-21.20866247193968,-3.6671496568405777
random,2,0,3,run_test,all,0.3,1768,530,-8.343200146302893,-15.525660799443733,-1.0991675830367886
random,2,0,3,run_test,all,0.5,1768,884,-5.287311190486027,-10.647050033458768,2.1661866073100837
random,2,0,3,run_test,picky,0.1,233,23,-7.692426115732459,-32.72093170745535,12.991759637786426
random,2,0,3,run_test,picky,0.2,233,47,1.6235432032009882,-14.337684040996916,17.9148358329385
random,2,0,3,run_test,picky,0.3,233,69,-2.3318275871987275,-18.43929384187659,12.266286459423856
random,2,0,3,run_test,picky,0.5,233,117,-3.057849292695213,-16.860579099678777,9.766522126356788
random,2,0,15,test,all,0.1,2465,246,20.78638812433092,11.603548280473689,30.752236991746074
random,2,0,15,test,all,0.2,2465,494,15.33568296774526,8.67002064004665,22.50597405190016
random,2,0,15,test,all,0.3,2465,740,13.267435928850148,6.692499711429567,18.76295474966833
random,2,0,15,test,all,0.5,2465,1234,6.750566868987139,0.0754671133593045,12.812232166075605
random,2,0,15,test,picky,0.1,345,34,7.703193618652739,-15.38487379001976,32.231653038429194
random,2,0,15,test,picky,0.2,345,68,11.780077848685709,-4.808009080621664,26.125357641924243
random,2,0,15,test,picky,0.3,345,104,15.284431449628377,-0.151281370737819,29.80202421454508
random,2,0,15,test,picky,0.5,345,173,10.600255740636172,-1.4383000784093842,23.71094065593739
random,2,0,15,run_test,all,0.1,1768,177,9.903952634860508,-0.1708087575934032,24.53580869678588
random,2,0,15,run_test,all,0.2,1768,354,3.5913812408430097,-5.215371567829033,12.556920369865272
random,2,0,15,run_test,all,0.3,1768,530,3.935545390243303,-4.137319840306726,11.58896851382406
random,2,0,15,run_test,all,0.5,1768,884,7.136833542350394,0.1810365458587882,14.08513527513166
random,2,0,15,run_test,picky,0.1,233,23,-3.569726598001064,-30.948122091886887,18.482854710202535
random,2,0,15,run_test,picky,0.2,233,47,-4.640486597367362,-22.35528218049737,10.79349748486448
random,2,0,15,run_test,picky,0.3,233,69,8.470217918444899,-8.0629438217278,24.436618917344184
random,2,0,15,run_test,picky,0.5,233,117,0.8645248238834284,-13.845623436940206,14.399928027234996
random,2,0,37,test,all,0.1,2465,246,23.885716406823526,14.221848372307855,32.975563689568006
random,2,0,37,test,all,0.2,2465,494,14.053824882054926,7.023784094630392,21.135031402871533
random,2,0,37,test,all,0.3,2465,740,14.054161255736826,6.675113490277928,20.565688818936167
random,2,0,37,test,all,0.5,2465,1234,8.316908437895503,1.992245509796325,14.286278124294627
random,2,0,37,test,picky,0.1,345,34,14.93942014535928,-11.672451843285296,46.345714807165585
random,2,0,37,test,picky,0.2,345,68,12.283836220199138,-4.074257990075525,28.776673787652
random,2,0,37,test,picky,0.3,345,104,9.593883934626218,-4.806337268947243,25.954133090670116
random,2,0,37,test,picky,0.5,345,173,5.096113090532673,-6.692089051637227,20.44784604069022
random,2,0,37,run_test,all,0.1,1768,177,9.54289122747068,-0.4471712629467888,21.09016005693433
random,2,0,37,run_test,all,0.2,1768,354,4.11618341334492,-4.4744143687355455,12.421471686272596
random,2,0,37,run_test,all,0.3,1768,530,2.999241790242585,-4.660523681911263,11.49664993234897
random,2,0,37,run_test,all,0.5,1768,884,6.404569256889524,-0.5596301507974963,13.489183192398064
random,2,0,37,run_test,picky,0.1,233,23,0.7428292698190813,-28.93490179847724,28.389998427930443
random,2,0,37,run_test,picky,0.2,233,47,-7.0577405636165045,-27.74133430352429,10.234650436020498
random,2,0,37,run_test,picky,0.3,233,69,5.259564175363196,-14.080831821246033,20.9844453139342
random,2,0,37,run_test,picky,0.5,233,117,6.528410728707255,-8.553921519925641,21.407047451578897
pixel_pca,-1,0,3,test,all,0.1,2465,246,17.128684491139925,6.186352173311943,27.53479077390937
pixel_pca,-1,0,3,test,all,0.2,2465,494,11.876618857076403,4.4039507376222895,19.839242882294688
pixel_pca,-1,0,3,test,all,0.3,2465,740,10.888736110551802,5.161776078218795,17.83890038305396
pixel_pca,-1,0,3,test,all,0.5,2465,1234,5.236517064349837,-0.6379517336556678,11.758919136188144
pixel_pca,-1,0,3,test,picky,0.1,345,34,9.270253230188024,-11.626501850197776,35.752784545493675
pixel_pca,-1,0,3,test,picky,0.2,345,68,6.674661538904403,-10.46131446968526,22.19639837901057
pixel_pca,-1,0,3,test,picky,0.3,345,104,4.520291889793416,-10.391760032470785,17.861028672407503
pixel_pca,-1,0,3,test,picky,0.5,345,173,0.5718559570864234,-14.777722521154598,14.06050043498737
pixel_pca,-1,0,3,run_test,all,0.1,1768,177,0.639905213739457,-11.4033480080103,12.553395013478648
pixel_pca,-1,0,3,run_test,all,0.2,1768,354,3.167103914976213,-5.471970877095765,11.661345791073588
pixel_pca,-1,0,3,run_test,all,0.3,1768,530,2.116137529110774,-5.857041373749594,9.436580296015034
pixel_pca,-1,0,3,run_test,all,0.5,1768,884,2.262744233564872,-5.016592164200246,9.068360296123446
pixel_pca,-1,0,3,run_test,picky,0.1,233,23,-2.525539554951705,-31.262687728649013,27.134757900377274
pixel_pca,-1,0,3,run_test,picky,0.2,233,47,-12.334717540113216,-27.605549949254065,2.9002069696686643
pixel_pca,-1,0,3,run_test,picky,0.3,233,69,-3.2644554803633867,-20.024448777757836,9.993518309198947
pixel_pca,-1,0,3,run_test,picky,0.5,233,117,-2.5521855051141187,-17.56541804270573,10.698966581252805
pixel_pca,-1,0,15,test,all,0.1,2465,246,29.249171046258013,19.985425984185536,40.24471152014805
pixel_pca,-1,0,15,test,all,0.2,2465,494,18.015196079229888,11.282008645687952,26.281572536302143
pixel_pca,-1,0,15,test,all,0.3,2465,740,15.786622993298966,10.237592959307849,23.385195187048573
pixel_pca,-1,0,15,test,all,0.5,2465,1234,10.75251212282998,4.4859855645530065,17.136055151450908
pixel_pca,-1,0,15,test,picky,0.1,345,34,26.43808097871839,-0.5852203550172032,53.3063507947099
pixel_pca,-1,0,15,test,picky,0.2,345,68,7.806730892172116,-11.202369179784023,30.23522616291464
pixel_pca,-1,0,15,test,picky,0.3,345,104,11.316384888175625,-3.2199447784077697,27.037653226368676
pixel_pca,-1,0,15,test,picky,0.5,345,173,5.005143327686897,-8.151542011543764,17.868994410934157
pixel_pca,-1,0,15,run_test,all,0.1,1768,177,17.442528725181386,5.527658962412572,30.19395511198916
pixel_pca,-1,0,15,run_test,all,0.2,1768,354,12.68184122300178,4.155665163702814,21.220836382237128
pixel_pca,-1,0,15,run_test,all,0.3,1768,530,6.646789814847157,-0.3734471631927602,13.86721320543403
pixel_pca,-1,0,15,run_test,all,0.5,1768,884,6.726508878183496,0.3509901124428372,13.592631048879367
pixel_pca,-1,0,15,run_test,picky,0.1,233,23,-11.45101410554982,-36.361421541404674,10.07812510534177
pixel_pca,-1,0,15,run_test,picky,0.2,233,47,-15.679502281535338,-36.07840575922085,2.060220257927244
pixel_pca,-1,0,15,run_test,picky,0.3,233,69,-17.93394076478845,-34.960352626887904,-3.300887270854829
pixel_pca,-1,0,15,run_test,picky,0.5,233,117,-16.451266685886146,-31.673437474983466,-3.2658289366037425
pixel_pca,-1,0,37,test,all,0.1,2465,246,27.233637938970393,16.763624145186682,36.150261685965354
pixel_pca,-1,0,37,test,all,0.2,2465,494,22.280644039472627,14.843133999919884,30.566447980399545
pixel_pca,-1,0,37,test,all,0.3,2465,740,19.200284500559388,13.263937866774665,26.15984568438172
pixel_pca,-1,0,37,test,all,0.5,2465,1234,21.32266194224578,15.022624899696249,27.015678548346308
pixel_pca,-1,0,37,test,picky,0.1,345,34,37.108850814118625,10.003358780173665,64.67823714399549
pixel_pca,-1,0,37,test,picky,0.2,345,68,9.916284486653936,-9.050624609692589,29.59627524962805
pixel_pca,-1,0,37,test,picky,0.3,345,104,15.60935306742576,0.3535451707451885,31.713850253706315
pixel_pca,-1,0,37,test,picky,0.5,345,173,9.47695295501602,-2.3139824221860086,22.82748870950816
pixel_pca,-1,0,37,run_test,all,0.1,1768,177,17.472163321413138,5.990944093985017,31.058181740427113
pixel_pca,-1,0,37,run_test,all,0.2,1768,354,21.646591779411303,12.716658320339912,31.272284539942483
pixel_pca,-1,0,37,run_test,all,0.3,1768,530,15.17492445210145,7.525748264239709,24.573908644414143
pixel_pca,-1,0,37,run_test,all,0.5,1768,884,11.383427703520455,4.557855358973767,17.653512383068346
pixel_pca,-1,0,37,run_test,picky,0.1,233,23,5.4935786745443895,-22.52774200137259,40.06779412735053
pixel_pca,-1,0,37,run_test,picky,0.2,233,47,-0.4758356737786737,-18.262048828488,19.904088681402357
pixel_pca,-1,0,37,run_test,picky,0.3,233,69,1.579557621076039,-15.625748175995415,20.490869943093088
pixel_pca,-1,0,37,run_test,picky,0.5,233,117,2.508357346452451,-11.647310381618686,18.089014147782823
ae,0,0,3,test,all,0.1,2465,246,5.739791553094536,-5.512332933553294,15.303478087520338
ae,0,0,3,test,all,0.2,2465,494,5.249824855646824,-3.0610025966038013,12.982095402011664
ae,0,0,3,test,all,0.3,2465,740,2.2783479389773293,-5.677402338296423,8.794888048575427
ae,0,0,3,test,all,0.5,2465,1234,9.236413785374276,2.9568849341560655,14.958755030599646
ae,0,0,3,test,picky,0.1,345,34,14.558939362795028,-12.985658136665725,39.05098992749899
ae,0,0,3,test,picky,0.2,345,68,3.737243365561199,-15.524407035290672,23.59580295683398
ae,0,0,3,test,picky,0.3,345,104,-1.3173206382836913,-14.60915925919639,15.001054282684956
ae,0,0,3,test,picky,0.5,345,173,2.9158566534914385,-9.118408543429124,13.887190135764168
ae,0,0,3,run_test,all,0.1,1768,177,18.867349284444376,7.139395845026922,31.79214125062801
ae,0,0,3,run_test,all,0.2,1768,354,11.010852353585737,1.475018556702713,19.59285189147711
ae,0,0,3,run_test,all,0.3,1768,530,11.670429345365603,4.341085855467823,19.382132032175655
ae,0,0,3,run_test,all,0.5,1768,884,11.409222674602768,4.021983385764386,17.95868203626447
ae,0,0,3,run_test,picky,0.1,233,23,12.93738243174963,-11.392808351181332,36.28796399298101
ae,0,0,3,run_test,picky,0.2,233,47,16.07393447859948,-3.015835586573685,32.23105876735216
ae,0,0,3,run_test,picky,0.3,233,69,14.892635944367417,-2.093025674667179,31.949179337706536
ae,0,0,3,run_test,picky,0.5,233,117,10.50264181448954,-2.866829601097777,26.979742107640774
ae,0,0,15,test,all,0.1,2465,246,25.739239995997664,15.572618821033284,34.73048913514376
ae,0,0,15,test,all,0.2,2465,494,19.727070425251657,11.867185965290316,26.971891877449213
ae,0,0,15,test,all,0.3,2465,740,20.108067462309354,14.71520942439156,26.50959342591013
ae,0,0,15,test,all,0.5,2465,1234,22.798571389817127,16.834737056312157,28.171791452020273
ae,0,0,15,test,picky,0.1,345,34,50.34802619129572,20.879508472011057,77.6044058322062
ae,0,0,15,test,picky,0.2,345,68,29.549374332186712,11.110159880037184,47.8070164609725
ae,0,0,15,test,picky,0.3,345,104,19.94320751280243,6.121146611275573,33.97431987844012
ae,0,0,15,test,picky,0.5,345,173,7.468997176736265,-4.00322447925263,19.302861537048425
ae,0,0,15,run_test,all,0.1,1768,177,23.067279391429405,11.48803931887148,37.58253866276588
ae,0,0,15,run_test,all,0.2,1768,354,18.47815174128749,10.097808690287003,28.243605332337857
ae,0,0,15,run_test,all,0.3,1768,530,19.072992400514867,11.99093258164568,26.47769573442755
ae,0,0,15,run_test,all,0.5,1768,884,19.26414430204091,11.471654387953684,25.680697824175475
ae,0,0,15,run_test,picky,0.1,233,23,18.138813449095707,-10.022010847216558,49.56850916945432
ae,0,0,15,run_test,picky,0.2,233,47,16.08012710317504,-4.761833762700395,43.55507642573225
ae,0,0,15,run_test,picky,0.3,233,69,14.83719570674823,0.2853412051635887,33.70722717750481
ae,0,0,15,run_test,picky,0.5,233,117,6.383967177664742,-6.92970865995369,20.718910657736604
ae,0,0,37,test,all,0.1,2465,246,21.70321756746075,11.622676499699706,30.633670198861136
ae,0,0,37,test,all,0.2,2465,494,20.040161274368916,11.366861055234368,26.645025213521535
ae,0,0,37,test,all,0.3,2465,740,15.843409142748143,8.958354435949715,21.15120417402943
ae,0,0,37,test,all,0.5,2465,1234,20.116156158473697,14.42211511820691,26.35252133552087
ae,0,0,37,test,picky,0.1,345,34,47.41465180719872,18.01031854506413,73.61475447535337
ae,0,0,37,test,picky,0.2,345,68,34.273376305092434,14.717057996636202,51.228516309209475
ae,0,0,37,test,picky,0.3,345,104,29.161615879985707,14.228071661514946,43.333158364076056
ae,0,0,37,test,picky,0.5,345,173,13.548199087144702,1.7346553742306674,25.42310593718374
ae,0,0,37,run_test,all,0.1,1768,177,21.035860569493114,9.522449162579358,32.58222132582216
ae,0,0,37,run_test,all,0.2,1768,354,17.80350932264128,9.026215604853029,26.12119006439701
ae,0,0,37,run_test,all,0.3,1768,530,13.862088744698216,7.097992688217753,22.30440828087418
ae,0,0,37,run_test,all,0.5,1768,884,18.2259414127688,11.19914859812658,25.08711826996921
ae,0,0,37,run_test,picky,0.1,233,23,14.275480169963917,-26.49900134368729,44.35201430640065
ae,0,0,37,run_test,picky,0.2,233,47,13.798545518614375,-10.346292591220177,33.733665758276004
ae,0,0,37,run_test,picky,0.3,233,69,11.51967325084834,-6.619681748252888,28.936430104393196
ae,0,0,37,run_test,picky,0.5,233,117,-0.5073079821715116,-14.634252023717314,14.27945659483387
active_mask_ae,2,0,3,test,all,0.1,2465,246,14.08276329819982,5.0589392130469655,23.605257870048753
active_mask_ae,2,0,3,test,all,0.2,2465,494,12.167733731081174,5.3658658662028555,19.14677758961751
active_mask_ae,2,0,3,test,all,0.3,2465,740,13.096169819065938,7.55107030409293,19.76052428813638
active_mask_ae,2,0,3,test,all,0.5,2465,1234,9.869979188460274,4.071519302203631,15.126539254657857
active_mask_ae,2,0,3,test,picky,0.1,345,34,-0.3163443295583166,-26.99740656419397,27.41217750902705
active_mask_ae,2,0,3,test,picky,0.2,345,68,3.3687991675643887,-11.90027074174057,20.75035171274882
active_mask_ae,2,0,3,test,picky,0.3,345,104,0.9217601709959712,-13.939630825676408,16.466553042949446
active_mask_ae,2,0,3,test,picky,0.5,345,173,-4.776308366271445,-17.05695180109106,8.51497536162314
active_mask_ae,2,0,3,run_test,all,0.1,1768,177,14.866982834609786,4.932374863828065,27.10227820487896
active_mask_ae,2,0,3,run_test,all,0.2,1768,354,11.87886185667084,3.286482561829258,21.747119308607008
active_mask_ae,2,0,3,run_test,all,0.3,1768,530,11.767056120712915,4.510501055132611,19.915089264284347
active_mask_ae,2,0,3,run_test,all,0.5,1768,884,10.16205543700888,3.322922552883392,16.897887868555923
active_mask_ae,2,0,3,run_test,picky,0.1,233,23,-0.3514060459101202,-31.421973736984803,26.032234770651424
active_mask_ae,2,0,3,run_test,picky,0.2,233,47,-7.858725305367694,-26.378578011914357,10.622219197751372
active_mask_ae,2,0,3,run_test,picky,0.3,233,69,-6.3915358577082,-21.6512412532656,8.050525462731365
active_mask_ae,2,0,3,run_test,picky,0.5,233,117,-3.7957180478549466,-17.249937966254844,13.277642589921026
active_mask_ae,2,0,15,test,all,0.1,2465,246,22.167328362077573,13.052933078614291,32.75036744962751
active_mask_ae,2,0,15,test,all,0.2,2465,494,24.865772397491355,18.602064168230452,32.802286614415216
active_mask_ae,2,0,15,test,all,0.3,2465,740,22.754897708316797,17.25186876513438,29.404306469604307
active_mask_ae,2,0,15,test,all,0.5,2465,1234,18.86124837953089,13.313687955025324,23.96309287994469
active_mask_ae,2,0,15,test,picky,0.1,345,34,14.883927952881892,-11.59150029193031,48.147557938240475
active_mask_ae,2,0,15,test,picky,0.2,345,68,13.716853983272635,-2.488901926270752,35.049190864179145
active_mask_ae,2,0,15,test,picky,0.3,345,104,17.81080340086045,4.024939162823698,33.3053257605671
active_mask_ae,2,0,15,test,picky,0.5,345,173,15.68688576134008,2.4551767858092584,28.0920306275671
active_mask_ae,2,0,15,run_test,all,0.1,1768,177,22.506538601083875,10.182192968384063,35.45471374853549
active_mask_ae,2,0,15,run_test,all,0.2,1768,354,14.715975157540486,4.676063902274317,24.143983220953896
active_mask_ae,2,0,15,run_test,all,0.3,1768,530,15.135731435227608,7.853044849904707,23.390296379165378
active_mask_ae,2,0,15,run_test,all,0.5,1768,884,14.417282284767316,7.828627005108866,20.530332223484542
active_mask_ae,2,0,15,run_test,picky,0.1,233,23,-1.4498394356942392,-29.66806071812136,30.570583708721728
active_mask_ae,2,0,15,run_test,picky,0.2,233,47,9.788667430968797,-11.718644765802782,33.12140989394032
active_mask_ae,2,0,15,run_test,picky,0.3,233,69,5.4515039695598535,-12.11533607813935,23.50767833415579
active_mask_ae,2,0,15,run_test,picky,0.5,233,117,6.747510811335686,-8.544893114492908,21.84535819899251
active_mask_ae,2,0,37,test,all,0.1,2465,246,21.724865853475883,12.242164356810886,32.54582326877922
active_mask_ae,2,0,37,test,all,0.2,2465,494,24.8765903586394,17.767443150449427,32.29925368442541
active_mask_ae,2,0,37,test,all,0.3,2465,740,22.76101667949461,16.197241951579368,28.95162912236409
active_mask_ae,2,0,37,test,all,0.5,2465,1234,17.88481534006981,12.165965208593928,24.64055253379701
active_mask_ae,2,0,37,test,picky,0.1,345,34,25.741461018332263,-4.0939238610288875,54.00678022553288
active_mask_ae,2,0,37,test,picky,0.2,345,68,27.091851291369917,8.542244852764288,44.15051430468194
active_mask_ae,2,0,37,test,picky,0.3,345,104,18.646507747589204,2.7886781939878347,33.09143164314905
active_mask_ae,2,0,37,test,picky,0.5,345,173,5.588853990212655,-7.559932169621273,17.524488519276773
active_mask_ae,2,0,37,run_test,all,0.1,1768,177,28.508842141539745,15.157267717308534,41.9722815060006
active_mask_ae,2,0,37,run_test,all,0.2,1768,354,22.459312906765906,11.197009895921587,31.366294570541463
active_mask_ae,2,0,37,run_test,all,0.3,1768,530,22.67606970231111,15.343897328119567,30.403168422360608
active_mask_ae,2,0,37,run_test,all,0.5,1768,884,16.989971618442976,9.201422912639105,24.294814207487324
active_mask_ae,2,0,37,run_test,picky,0.1,233,23,20.452427025565097,-15.472771445261206,49.216635107036666
active_mask_ae,2,0,37,run_test,picky,0.2,233,47,19.204979896117088,-2.8535867911432544,41.709329265095455
active_mask_ae,2,0,37,run_test,picky,0.3,233,69,12.899525074270356,-3.105328434659925,32.48554401915676
active_mask_ae,2,0,37,run_test,picky,0.5,233,117,8.088686109902437,-4.450636619044159,23.01731182331817
ae,1,0,3,test,all,0.1,2465,246,21.770305920575098,12.428307754612009,30.98185118616767
ae,1,0,3,test,all,0.2,2465,494,14.110080216141258,7.42106674120644,22.243192967536196
ae,1,0,3,test,all,0.3,2465,740,16.243879103960094,10.663115247702596,22.484670301045607
ae,1,0,3,test,all,0.5,2465,1234,22.005876797026488,15.84019974786135,27.552768102066153
ae,1,0,3,test,picky,0.1,345,34,12.30039591673506,-13.261933767421583,38.21409446267292
ae,1,0,3,test,picky,0.2,345,68,6.640053720330756,-7.161627686509893,23.8831227379949
ae,1,0,3,test,picky,0.3,345,104,9.392198556277153,-6.2292515220051925,24.79367065143302
ae,1,0,3,test,picky,0.5,345,173,12.165902145680317,-1.825657162094918,24.188780637158924
ae,1,0,3,run_test,all,0.1,1768,177,22.75267816989431,11.228204380593471,36.27098041828294
ae,1,0,3,run_test,all,0.2,1768,354,17.021413861950066,8.925767188838966,27.901507405955883
ae,1,0,3,run_test,all,0.3,1768,530,15.00720179892189,7.359487120773529,23.185134792990883
ae,1,0,3,run_test,all,0.5,1768,884,11.658596010673994,5.286198571964842,18.61566100567013
ae,1,0,3,run_test,picky,0.1,233,23,11.488378900961768,-22.51933938308489,40.09625970613214
ae,1,0,3,run_test,picky,0.2,233,47,7.850755299773228,-12.571823558314852,29.58545691062139
ae,1,0,3,run_test,picky,0.3,233,69,6.0912824218081045,-10.851682337943814,23.460468532029424
ae,1,0,3,run_test,picky,0.5,233,117,7.460821592106952,-6.93200794903171,22.98883926882269
ae,1,0,15,test,all,0.1,2465,246,25.57737660569729,15.82152844374285,35.47659019826926
ae,1,0,15,test,all,0.2,2465,494,20.38267409972792,13.056932040014075,27.046332821291617
ae,1,0,15,test,all,0.3,2465,740,20.296540168459696,13.824646251908316,26.12634620179635
ae,1,0,15,test,all,0.5,2465,1234,20.55743328901046,14.874804619722482,26.195309408504553
ae,1,0,15,test,picky,0.1,345,34,8.598374015603572,-15.802527001369503,39.3403564647346
ae,1,0,15,test,picky,0.2,345,68,8.167028475632744,-8.688967829986378,26.82536995643755
ae,1,0,15,test,picky,0.3,345,104,10.391065863147762,-2.6927213650455473,25.110049451001355
ae,1,0,15,test,picky,0.5,345,173,3.935036118953476,-9.098642021837437,16.77508225254312
ae,1,0,15,run_test,all,0.1,1768,177,19.631660789243313,8.093647487425516,32.97726471073329
ae,1,0,15,run_test,all,0.2,1768,354,21.82872465680984,12.981890410784011,30.37845733030974
ae,1,0,15,run_test,all,0.3,1768,530,16.04444024490256,8.781593946484751,23.39804006890572
ae,1,0,15,run_test,all,0.5,1768,884,8.892821000211663,1.9447959572164115,15.14956040203507
ae,1,0,15,run_test,picky,0.1,233,23,2.2783343011394033,-31.45774372792997,34.61284316147397
ae,1,0,15,run_test,picky,0.2,233,47,5.005104642441928,-16.206657749131764,26.98665099797604
ae,1,0,15,run_test,picky,0.3,233,69,7.396189558417043,-10.20506226056873,28.021733866377524
ae,1,0,15,run_test,picky,0.5,233,117,15.054625599752269,-0.6472548894517444,30.522773906712747
ae,1,0,37,test,all,0.1,2465,246,21.358088836901555,9.957553495060315,31.79841310486515
ae,1,0,37,test,all,0.2,2465,494,18.42857134354361,11.80771201056376,25.460455181251326
ae,1,0,37,test,all,0.3,2465,740,20.97840314538816,14.688806272132686,27.85710768860173
ae,1,0,37,test,all,0.5,2465,1234,17.523719059648496,12.0049240329886,23.104199498919524
ae,1,0,37,test,picky,0.1,345,34,22.098237822102153,-4.800086310988853,47.907812634873586
ae,1,0,37,test,picky,0.2,345,68,19.174787842362186,1.729416973373017,36.88421025479395
ae,1,0,37,test,picky,0.3,345,104,21.782800508466813,7.715578198938277,38.26370783369991
ae,1,0,37,test,picky,0.5,345,173,9.837029380764152,-2.5768887053175247,23.794093332970153
ae,1,0,37,run_test,all,0.1,1768,177,20.56292978604049,8.922226291083275,32.37014648137503
ae,1,0,37,run_test,all,0.2,1768,354,18.19918866865752,10.05790618148745,27.063720314016063
ae,1,0,37,run_test,all,0.3,1768,530,15.686737301705048,8.499862300995805,23.34297061341188
ae,1,0,37,run_test,all,0.5,1768,884,9.61864993672602,3.639802247313403,16.653811291194362
ae,1,0,37,run_test,picky,0.1,233,23,8.530099737666967,-29.230957735801105,41.87617918047637
ae,1,0,37,run_test,picky,0.2,233,47,9.113607114353,-12.694664221666768,31.7613831692096
ae,1,0,37,run_test,picky,0.3,233,69,4.019097489572518,-12.023631410204208,20.237446568664364
ae,1,0,37,run_test,picky,0.5,233,117,8.161805456985572,-7.056295002250622,25.00040501735342
