method,seed,partition,tag_accuracy
masked_ae,2,test,0.7686414157764109
masked_ae,2,run_test,0.7698235999314951
endpoint_pca,-1,test,0.8565878925218517
endpoint_pca,-1,run_test,0.8635040246617571
random,0,test,0.5117082119348225
random,0,run_test,0.5158417537249529
fulltrack_pca,-1,test,0.8911190244955217
fulltrack_pca,-1,run_test,0.895016269909231
vae,2,test,0.7288227042192726
vae,2,run_test,0.7336872752183593
random,1,test,0.5601597064853783
random,1,run_test,0.5439287549237883
fulltrack,-1,test,0.901370454300205
fulltrack,-1,run_test,0.9052920020551464
active_mask_ae,0,test,0.7755476421711449
active_mask_ae,0,run_test,0.7821544785065936
ae,2,test,0.7560159706485379
ae,2,run_test,0.7530399040931667
active_mask_ae,1,test,0.7582820761843099
active_mask_ae,1,run_test,0.754581263915054
endpoint,-1,test,0.8728822704219272
endpoint,-1,run_test,0.8717246103784895
masked_ae,1,test,0.7677781374770691
masked_ae,1,run_test,0.7691385511217674
masked_ae,0,test,0.7837487860148915
masked_ae,0,run_test,0.7800993320774106
vae,1,test,0.7573108880975504
vae,1,run_test,0.7538962151053262
vae,0,test,0.7412323297723103
vae,0,run_test,0.7374550436718617
random,2,test,0.5944750188842128
random,2,run_test,0.5989039219044356
pixel_pca,-1,test,0.704111362900615
pixel_pca,-1,run_test,0.7042301764000685
ae,0,test,0.7427430667961584
ae,0,run_test,0.7422503853399555
active_mask_ae,2,test,0.7583899859717277
active_mask_ae,2,run_test,0.7588628189758521
ae,1,test,0.7561238804359556
ae,1,run_test,0.7513272820688474
