group,feature,n,q10,median,q90
MIP reference,mean_adc,8964,6.569513097847626,9.922764017695288,16.3793841471239
MIP reference,median_adc,8964,47.0,53.0,57.0
MIP reference,solidity,8964,0.28277623508661676,0.40432910176582315,0.5234472210725466
MIP reference,fill_fraction,8964,0.1178372872612617,0.1718548684847096,0.27958132046834433
MIP reference,n_pixels,8964,8899.3,9801.0,11032.4
MIP reference,height,8964,185.0,193.0,201.0
kaon-window core,mean_adc,1434,5.330587522388762,15.093511866527464,37.30018856492609
kaon-window core,median_adc,1434,55.150000000000006,72.0,92.0
kaon-window core,solidity,1434,0.16143167007413928,0.3855159165340575,0.6629343592459197
kaon-window core,fill_fraction,1434,0.06426934072028516,0.15951208079501,0.37881748419493
kaon-window core,n_pixels,1434,1765.2,5797.5,10151.9
kaon-window core,height,1434,26.0,84.0,153.70000000000005
kaon-window high side,mean_adc,1629,7.930733622134076,21.65726132686084,51.04689359735122
kaon-window high side,median_adc,1629,58.0,82.0,98.0
kaon-window high side,solidity,1629,0.23498734510222108,0.5440819627932058,0.7187964512406749
kaon-window high side,fill_fraction,1629,0.08783518480611648,0.21739130434782608,0.45813374492626824
kaon-window high side,n_pixels,1629,1679.4,5014.0,9458.800000000001
kaon-window high side,height,1629,24.0,76.0,146.20000000000005
kaon-window low side,mean_adc,2601,5.722382088714205,15.38734232274902,33.637040420187255
kaon-window low side,median_adc,2601,53.0,66.0,90.0
kaon-window low side,solidity,2601,0.17871004232246993,0.3533289831919537,0.6084312930685043
kaon-window low side,fill_fraction,2601,0.06974724621783446,0.168057030183528,0.3375435540069686
kaon-window low side,n_pixels,2601,1696.0,6123.0,12488.0
kaon-window low side,height,2601,24.0,82.0,149.0
