k,quality,assignment,n,median_mass,mip_minus_kaon_median_mass
10,all,proton,1366,560.3299999999999,74.70999999999998
10,all,kaon,6249,461.59,74.70999999999998
10,all,muon,612,536.3,74.70999999999998
10,picky,proton,189,526.87,74.70999999999998
10,picky,kaon,929,489.33,74.70999999999998
10,picky,muon,74,497.9,74.70999999999998
11,all,proton,1633,559.17,42.64999999999998
11,all,kaon,6370,461.85,42.64999999999998
11,all,muon,224,504.5,42.64999999999998
11,picky,proton,212,535.275,42.64999999999998
11,picky,kaon,941,489.05,42.64999999999998
11,picky,muon,39,495.89,42.64999999999998
12,all,proton,1666,555.92,53.07499999999999
12,all,kaon,6377,462.3,53.07499999999999
12,all,muon,184,515.375,53.07499999999999
12,picky,proton,213,526.93,53.07499999999999
12,picky,kaon,947,488.94,53.07499999999999
12,picky,muon,32,490.77,53.07499999999999
13,all,proton,1118,567.4649999999999,73.53999999999996
13,all,kaon,6597,463.22,73.53999999999996
13,all,muon,512,536.76,73.53999999999996
13,picky,proton,142,561.985,73.53999999999996
13,picky,kaon,986,489.54499999999996,73.53999999999996
13,picky,muon,64,490.77,73.53999999999996
14,all,proton,1218,540.09,79.19999999999999
14,all,kaon,6039,461.81,79.19999999999999
14,all,muon,970,541.01,79.19999999999999
14,picky,proton,130,519.6,79.19999999999999
14,picky,kaon,895,488.86,79.19999999999999
14,picky,muon,167,521.29,79.19999999999999
15,all,proton,2202,535.26,30.385000000000048
15,all,kaon,4957,458.71,30.385000000000048
15,all,muon,1068,489.095,30.385000000000048
15,picky,proton,283,520.18,30.385000000000048
15,picky,kaon,726,487.445,30.385000000000048
15,picky,muon,183,492.26,30.385000000000048
16,all,proton,1735,546.7,34.920000000000016
16,all,kaon,5751,462.21,34.920000000000016
16,all,muon,741,497.13,34.920000000000016
16,picky,proton,188,528.885,34.920000000000016
16,picky,kaon,867,489.33,34.920000000000016
16,picky,muon,137,488.79,34.920000000000016
17,all,proton,1501,543.44,58.610000000000014
17,all,kaon,5969,462.64,58.610000000000014
17,all,muon,757,521.25,58.610000000000014
17,picky,proton,146,514.125,58.610000000000014
17,picky,kaon,901,489.56,58.610000000000014
17,picky,muon,145,506.05,58.610000000000014
18,all,proton,1310,548.71,62.03000000000003
18,all,kaon,6218,463.29,62.03000000000003
18,all,muon,699,525.32,62.03000000000003
18,picky,proton,124,519.4000000000001,62.03000000000003
18,picky,kaon,936,490.36,62.03000000000003
18,picky,muon,132,510.385,62.03000000000003
19,all,proton,1688,549.965,36.974999999999966
19,all,kaon,5991,462.32,36.974999999999966
19,all,muon,548,499.29499999999996,36.974999999999966
19,picky,proton,194,526.15,36.974999999999966
19,picky,kaon,894,488.995,36.974999999999966
19,picky,muon,104,485.21000000000004,36.974999999999966
20,all,proton,1954,538.45,37.13500000000005
20,all,kaon,5778,462.775,37.13500000000005
20,all,muon,495,499.91,37.13500000000005
20,picky,proton,223,524.93,37.13500000000005
20,picky,kaon,882,488.575,37.13500000000005
20,picky,muon,87,481.63,37.13500000000005
21,all,proton,1796,541.76,40.65999999999997
21,all,kaon,5964,463.1,40.65999999999997
21,all,muon,467,503.76,40.65999999999997
21,picky,proton,213,524.93,40.65999999999997
21,picky,kaon,897,488.92,40.65999999999997
21,picky,muon,82,486.055,40.65999999999997
22,all,proton,1884,539.95,34.78499999999997
22,all,kaon,5411,460.75,34.78499999999997
22,all,muon,932,495.53499999999997,34.78499999999997
22,picky,proton,216,525.18,34.78499999999997
22,picky,kaon,803,488.37,34.78499999999997
22,picky,muon,173,494.61,34.78499999999997
23,all,proton,1818,539.98,37.25
23,all,kaon,5386,461.1,37.25
23,all,muon,1023,498.35,37.25
23,picky,proton,206,530.835,37.25
23,picky,kaon,801,487.78,37.25
23,picky,muon,185,496.47,37.25
24,all,proton,2193,529.52,29.05000000000001
24,all,kaon,4747,459.67,29.05000000000001
24,all,muon,1287,488.72,29.05000000000001
24,picky,proton,277,519.07,29.05000000000001
24,picky,kaon,697,488.19,29.05000000000001
24,picky,muon,218,488.36,29.05000000000001
25,all,proton,1890,542.685,31.714999999999975
25,all,kaon,5262,459.675,31.714999999999975
25,all,muon,1075,491.39,31.714999999999975
25,picky,proton,242,521.27,31.714999999999975
25,picky,kaon,753,487.68,31.714999999999975
25,picky,muon,197,496.28,31.714999999999975
26,all,proton,1548,556.925,39.92000000000007
26,all,kaon,5905,461.77,39.92000000000007
26,all,muon,774,501.69000000000005,39.92000000000007
26,picky,proton,197,543.82,39.92000000000007
26,picky,kaon,863,488.94,39.92000000000007
26,picky,muon,132,478.45000000000005,39.92000000000007
27,all,proton,1994,540.0350000000001,22.910000000000025
27,all,kaon,5165,461.02,22.910000000000025
27,all,muon,1068,483.93,22.910000000000025
27,picky,proton,242,522.685,22.910000000000025
27,picky,kaon,763,487.68,22.910000000000025
27,picky,muon,187,494.61,22.910000000000025
28,all,proton,1895,542.71,22.100000000000023
28,all,kaon,5387,461.59,22.100000000000023
28,all,muon,945,483.69,22.100000000000023
28,picky,proton,242,521.23,22.100000000000023
28,picky,kaon,787,488.93,22.100000000000023
28,picky,muon,163,481.63,22.100000000000023
29,all,proton,1836,543.085,40.285000000000025
29,all,kaon,5813,462.32,40.285000000000025
29,all,muon,578,502.605,40.285000000000025
29,picky,proton,219,534.74,40.285000000000025
29,picky,kaon,884,488.925,40.285000000000025
29,picky,muon,89,478.67,40.285000000000025
30,all,proton,1654,550.6,43.57499999999999
30,all,kaon,6066,462.475,43.57499999999999
30,all,muon,507,506.05,43.57499999999999
30,picky,proton,204,530.835,43.57499999999999
30,picky,kaon,895,488.93,43.57499999999999
30,picky,muon,93,495.59,43.57499999999999
31,all,proton,1670,549.545,34.785000000000025
31,all,kaon,5875,462.34,34.785000000000025
31,all,muon,682,497.125,34.785000000000025
31,picky,proton,197,534.74,34.785000000000025
31,picky,kaon,867,488.94,34.785000000000025
31,picky,muon,128,494.935,34.785000000000025
32,all,proton,1475,554.12,56.434999999999945
32,all,kaon,6234,463.1,56.434999999999945
32,all,muon,518,519.535,56.434999999999945
32,picky,proton,164,543.2650000000001,56.434999999999945
32,picky,kaon,936,489.31,56.434999999999945
32,picky,muon,92,490.83500000000004,56.434999999999945
33,all,proton,1669,549.34,39.19
33,all,kaon,5743,462.19,39.19
33,all,muon,815,501.38,39.19
33,picky,proton,211,522.26,39.19
33,picky,kaon,857,488.97,39.19
33,picky,muon,124,490.475,39.19
34,all,proton,1396,562.8199999999999,46.65500000000003
34,all,kaon,6290,463.42499999999995,46.65500000000003
34,all,muon,541,510.08,46.65500000000003
34,picky,proton,166,561.935,46.65500000000003
34,picky,kaon,943,488.93,46.65500000000003
34,picky,muon,83,495.43,46.65500000000003
35,all,proton,1675,549.56,44.420000000000016
35,all,kaon,5873,461.63,44.420000000000016
35,all,muon,679,506.05,44.420000000000016
35,picky,proton,217,531.19,44.420000000000016
35,picky,kaon,869,488.43,44.420000000000016
35,picky,muon,106,497.82500000000005,44.420000000000016
36,all,proton,1365,565.19,33.89000000000004
36,all,kaon,5798,461.905,33.89000000000004
36,all,muon,1064,495.795,33.89000000000004
36,picky,proton,161,561.74,33.89000000000004
36,picky,kaon,852,489.805,33.89000000000004
36,picky,muon,179,481.63,33.89000000000004
37,all,proton,1304,566.54,30.549999999999955
37,all,kaon,5668,461.85,30.549999999999955
37,all,muon,1255,492.4,30.549999999999955
37,picky,proton,157,563.84,30.549999999999955
37,picky,kaon,829,488.94,30.549999999999955
37,picky,muon,206,490.49,30.549999999999955
38,all,proton,1183,567.27,38.79000000000002
38,all,kaon,6041,462.87,38.79000000000002
38,all,muon,1003,501.66,38.79000000000002
38,picky,proton,146,563.0350000000001,38.79000000000002
38,picky,kaon,882,488.575,38.79000000000002
38,picky,muon,164,497.015,38.79000000000002
39,all,proton,1275,567.21,33.34000000000003
39,all,kaon,5868,462.005,33.34000000000003
39,all,muon,1084,495.345,33.34000000000003
39,picky,proton,160,561.935,33.34000000000003
39,picky,kaon,848,488.935,33.34000000000003
39,picky,muon,184,489.885,33.34000000000003
3,all,proton,1261,546.94,82.27999999999997
3,all,kaon,6181,462.01,82.27999999999997
3,all,muon,785,544.29,82.27999999999997
3,picky,proton,143,515.33,82.27999999999997
3,picky,kaon,912,489.31,82.27999999999997
3,picky,muon,137,516.25,82.27999999999997
40,all,proton,1436,563.015,18.370000000000005
40,all,kaon,5993,462.82,18.370000000000005
40,all,muon,798,481.19,18.370000000000005
40,picky,proton,171,555.91,18.370000000000005
40,picky,kaon,883,489.53,18.370000000000005
40,picky,muon,138,484.695,18.370000000000005
41,all,proton,1161,578.21,30.30000000000001
41,all,kaon,5947,462.82,30.30000000000001
41,all,muon,1119,493.12,30.30000000000001
41,picky,proton,136,580.355,30.30000000000001
41,picky,kaon,867,488.93,30.30000000000001
41,picky,muon,189,491.19,30.30000000000001
42,all,proton,1603,558.98,26.639999999999986
42,all,kaon,6011,462.67,26.639999999999986
42,all,muon,613,489.31,26.639999999999986
42,picky,proton,201,552.28,26.639999999999986
42,picky,kaon,885,488.43,26.639999999999986
42,picky,muon,106,492.545,26.639999999999986
43,all,proton,1480,560.475,33.504999999999995
43,all,kaon,5815,462.15,33.504999999999995
43,all,muon,932,495.655,33.504999999999995
43,picky,proton,182,546.575,33.504999999999995
43,picky,kaon,854,488.95500000000004,33.504999999999995
43,picky,muon,156,488.475,33.504999999999995
44,all,proton,1547,563.04,18.110000000000014
44,all,kaon,5685,461.71,18.110000000000014
44,all,muon,995,479.82,18.110000000000014
44,picky,proton,202,538.21,18.110000000000014
44,picky,kaon,824,489.31,18.110000000000014
44,picky,muon,166,483.745,18.110000000000014
45,all,proton,1576,557.525,34.815
45,all,kaon,5649,461.63,34.815
45,all,muon,1002,496.445,34.815
45,picky,proton,193,543.82,34.815
45,picky,kaon,835,488.94,34.815
45,picky,muon,164,482.07,34.815
46,all,proton,1430,558.925,30.235000000000014
46,all,kaon,5688,462.565,30.235000000000014
46,all,muon,1109,492.8,30.235000000000014
46,picky,proton,175,534.74,30.235000000000014
46,picky,kaon,827,488.94,30.235000000000014
46,picky,muon,190,490.83500000000004,30.235000000000014
47,all,proton,1659,551.92,28.730000000000018
47,all,kaon,5405,460.34,28.730000000000018
47,all,muon,1163,489.07,28.730000000000018
47,picky,proton,211,527.53,28.730000000000018
47,picky,kaon,781,489.53,28.730000000000018
47,picky,muon,200,483.745,28.730000000000018
48,all,proton,1565,555.47,35.170000000000016
48,all,kaon,5787,461.81,35.170000000000016
48,all,muon,875,496.98,35.170000000000016
48,picky,proton,184,540.9300000000001,35.170000000000016
48,picky,kaon,858,488.725,35.170000000000016
48,picky,muon,150,494.905,35.170000000000016
49,all,proton,1425,564.85,34.97999999999996
49,all,kaon,6096,462.295,34.97999999999996
49,all,muon,706,497.275,34.97999999999996
49,picky,proton,183,547.4,34.97999999999996
49,picky,kaon,893,488.94,34.97999999999996
49,picky,muon,116,488.275,34.97999999999996
4,all,proton,1581,542.62,81.65000000000003
4,all,kaon,5978,460.435,81.65000000000003
4,all,muon,668,542.085,81.65000000000003
4,picky,proton,173,519.73,81.65000000000003
4,picky,kaon,896,488.575,81.65000000000003
4,picky,muon,123,515.19,81.65000000000003
50,all,proton,1562,557.8299999999999,31.965000000000032
50,all,kaon,5961,462.61,31.965000000000032
50,all,muon,704,494.57500000000005,31.965000000000032
50,picky,proton,192,544.0050000000001,31.965000000000032
50,picky,kaon,880,488.89,31.965000000000032
50,picky,muon,120,482.095,31.965000000000032
5,all,proton,1471,542.27,51.170000000000016
5,all,kaon,5311,457.69,51.170000000000016
5,all,muon,1445,508.86,51.170000000000016
5,picky,proton,153,512.57,51.170000000000016
5,picky,kaon,778,486.89,51.170000000000016
5,picky,muon,261,510.5,51.170000000000016
6,all,proton,1426,549.635,40.264999999999986
6,all,kaon,5282,458.825,40.264999999999986
6,all,muon,1519,499.09,40.264999999999986
6,picky,proton,149,519.07,40.264999999999986
6,picky,kaon,776,487.545,40.264999999999986
6,picky,muon,267,506.05,40.264999999999986
7,all,proton,1577,542.85,51.74000000000001
7,all,kaon,5527,458.76,51.74000000000001
7,all,muon,1123,510.5,51.74000000000001
7,picky,proton,176,512.6500000000001,51.74000000000001
7,picky,kaon,803,488.08,51.74000000000001
7,picky,muon,213,511.66,51.74000000000001
8,all,proton,1436,548.2950000000001,80.07
8,all,kaon,6184,461.81,80.07
8,all,muon,607,541.88,80.07
8,picky,proton,156,520.14,80.07
8,picky,kaon,925,489.7,80.07
8,picky,muon,111,521.29,80.07
9,all,proton,1481,558.36,54.210000000000036
9,all,kaon,6465,462.76,54.210000000000036
9,all,muon,281,516.97,54.210000000000036
9,picky,proton,178,526.9,54.210000000000036
9,picky,kaon,970,489.63,54.210000000000036
9,picky,muon,44,509.21500000000003,54.210000000000036
