variable,lo,hi,centre,n_source,matched_efficiency,final_efficiency
beamline_mass,50.019000000000005,81.69,68.14,6193,0.26691425803326335,0.141934442112062
beamline_mass,81.69,102.142,92.71,6189,0.26951042171594763,0.1412182905154306
beamline_mass,102.142,118.18,110.43,6191,0.26845420772088513,0.13600387659505733
beamline_mass,118.18,132.2,125.28,6194,0.2762350661930901,0.13367775266386825
beamline_mass,132.2,145.07,138.78,6189,0.26320891904992727,0.1337857489093553
beamline_mass,145.07,157.91,151.44,6191,0.2666774349862704,0.13584235180100146
beamline_mass,157.91,171.38,164.41,6192,0.28391472868217055,0.1398578811369509
beamline_mass,171.38,186.85,178.7,6188,0.2748868778280543,0.13752424046541695
beamline_mass,186.85,208.36,196.765,6190,0.29854604200323104,0.13893376413570274
beamline_mass,208.36,250.0,223.975,6190,0.29789983844911144,0.13957996768982228
momentum,422.90000000000003,569.522,544.87177,6191,0.23647229849781942,0.13810369891778387
momentum,569.522,604.325,588.25427,6191,0.2592472944596996,0.14747213697302536
momentum,604.325,634.056,619.49115,6191,0.2678081085446616,0.1456953642384106
momentum,634.056,663.93,648.811645,6190,0.27366720516962845,0.14361873990306948
momentum,663.93,694.675,679.02191,6191,0.2847682119205298,0.1482797609433048
momentum,694.675,728.486,710.967655,6190,0.28966074313408724,0.14765751211631664
momentum,728.486,768.293,747.50458,6191,0.28912938136003874,0.13664997577128088
momentum,768.293,817.027,791.4471100000001,6190,0.2924071082390953,0.1284329563812601
momentum,817.027,887.963,848.59351,6191,0.29074462930059763,0.12631238895170407
momentum,887.963,1934.81,946.41797,6191,0.28234534000969147,0.11613632692618317
