proton,kaon,muon,cluster
3,35,1202,0
17,65,1556,1
322,23,0,2
183,22,1,3
1,7,783,4
778,62,0,5
4,8,535,6
190,138,10,7
297,22,0,8
44,45,495,9
16,204,0,10
1,8,1332,11
11,447,6,12
107,324,447,13
383,28,0,14
147,216,11,15
216,106,6,16
499,114,0,17
838,70,0,18
50,147,0,19
220,590,229,20
586,47,0,21
369,60,4,22
881,182,1,23
825,164,3,24
82,213,7,25
8,494,4,26
198,170,0,27
30,942,200,28
0,114,0,29
130,123,0,30
11,512,4,31
119,233,60,32
482,133,4,33
159,502,322,34
131,118,214,35
610,22,0,36
111,230,678,37
26,450,28,38
764,79,0,39
1,11,645,40
261,381,0,41
155,151,177,42
12,204,0,43
188,11,0,44
