tag,latent,seed,n_train,n_val,epochs,best_epoch,val_loss,val_recon,val_kl,kl_share,train_loss,participation_ratio,n_dims_95var,n_active_dims,latent_var_total,ari,nmi,purity,auc_mean_adc_proton,auc_mean_adc_kaon,auc_mean_adc_muon,auc_solidity_proton,auc_solidity_kaon,auc_solidity_muon,re_proton_train,re_proton_val,re_kaon_train,re_kaon_val,re_muon_train,re_muon_val,re_proton_ratio,re_kaon_ratio,re_muon_ratio,r2lin_mean_adc_proton,r2mlp_mean_adc_proton,r2lin_mean_adc_kaon,r2mlp_mean_adc_kaon,r2lin_mean_adc_muon,r2mlp_mean_adc_muon,r2lin_solidity_proton,r2mlp_solidity_proton,r2lin_solidity_kaon,r2mlp_solidity_kaon,r2lin_solidity_muon,r2mlp_solidity_muon,acc_mean_adc_proton,acc_mean_adc_kaon,acc_mean_adc_muon,acc_solidity_proton,acc_solidity_kaon,acc_solidity_muon
pool8227_tr50,4,0,12342,12339,61,41,2892.0059732229597,2876.4687972785277,31.074367014237637,0.0053724589818787,2502.1510123613584,3.801398803928103,4,4,28.808507004746744,0.3967345750770639,0.3962685380446957,0.7510819104571563,0.9216819666735396,0.7994553096667165,0.7167898738104111,0.776301241466455,0.9138440628848254,0.766285143828892,0.0723221972584724,0.0774005353450775,0.5260611772537231,0.5738593339920044,0.0968392640352249,0.0984412059187889,1.070218249432544,1.090860452747738,1.0165422765189676,0.6321358950475053,0.7914788641377142,0.3539825917514654,0.5698453925370115,0.092044625859199,0.3948544244260427,0.3693023446684084,0.5249014214740395,0.6165244146208797,0.7122913789236243,0.3242027119602783,0.4019339231572923,0.8366156090444931,0.7031363967906638,0.6958424507658644,0.7186968149769025,0.8419645027960126,0.7048383175297837
pool8227_tr50,4,1,12342,12339,61,41,2893.2746681648214,2878.199565511911,30.150190961175632,0.0052103921151462,2487.0553120825575,3.796630311956557,4,4,26.896376652045294,0.3004597084810422,0.3436761405461975,0.7023369265874577,0.903610666056306,0.7704396017016962,0.7417960688471935,0.7672576700230209,0.9182118002682308,0.7658531464166205,0.0694086775183677,0.0746018216013908,0.5232526659965515,0.5730285048484802,0.0972726717591285,0.098890520632267,1.0748198102701034,1.0951277309923095,1.016632100711129,0.5898377792045455,0.7915285592357226,0.3020151130584976,0.566852831589301,0.1625825276070126,0.3863197617201681,0.3523705013206463,0.5196860677735581,0.6223475106071907,0.7027253524504542,0.3195517322935898,0.4031830172378294,0.824702163870654,0.6851446632628252,0.7084852905421833,0.7143204473620228,0.8463408704108923,0.6985168976416242
pool8227_tr50,4,2,12342,12339,55,35,2900.2815428422523,2885.2824893615407,29.99810785086044,0.0051715854828463,2574.620573211828,3.6927034309152695,4,4,28.42800400360889,0.2952769137486408,0.3279667159340481,0.6688567157132741,0.9235941522636002,0.8063689234255622,0.7076417906777465,0.7590509014487874,0.9137471176527336,0.7772950483212869,0.080322541296482,0.0852422788739204,0.5286399126052856,0.5744351744651794,0.1032200083136558,0.1039751023054122,1.0612497749452283,1.0866284606362806,1.0073153839463171,0.6135077448248009,0.7976967829423403,0.3705354237546381,0.5694761153679765,0.1082498302872883,0.3839773007029152,0.3572091783046117,0.50789352711375,0.630406384384957,0.7050431579426208,0.3468910842667203,0.4087314059973463,0.8344274252370533,0.7106734743496231,0.6909798200826647,0.7041089229273036,0.8422076343301726,0.7067833698030634
pool8227_tr50,8,0,12342,12339,37,17,2333.4764679429445,2306.3986259816224,54.155683675578224,0.0116040775260497,2079.060418637923,7.439054983674254,8,8,54.93322172429049,0.4039135816764474,0.3465847972394349,0.7541506019356362,0.9468740128137952,0.8429314630312362,0.8267948109236942,0.8083201235602451,0.8941488114041642,0.7746798915726691,0.0598426051437854,0.0623000673949718,0.4256427884101867,0.4596337974071502,0.076765276491642,0.0788984522223472,1.0410654289745869,1.0798580639035913,1.0277882895522108,0.6867310827115418,0.840628017754502,0.3905674960535775,0.6950615943965921,0.3217728950388094,0.4344054971137366,0.4221446013496868,0.5942699261982909,0.5566984461370916,0.7386269112499169,0.3619630573040362,0.4354577921266718,0.8592268417213713,0.7734014101628981,0.7656212010697787,0.7466569414053003,0.8227571115973742,0.7067833698030634
pool8227_tr50,8,1,12342,12339,39,19,2329.049741280511,2302.7910496212658,52.51739090835492,0.0112744244770636,2027.035791426743,7.389561067753926,8,8,52.54469253869813,0.3874342289625764,0.3339782015070295,0.7449051853017546,0.9586802869200546,0.8540813469806999,0.8248123991533134,0.8160745598686463,0.8996129757173473,0.7679651337655041,0.0554150678217411,0.05842762067914,0.4141208827495575,0.4555132687091827,0.0756223648786544,0.0783496499061584,1.0543634245308469,1.0999524237580107,1.0360645297443454,0.718301092179877,0.8444567277907133,0.4055985995155651,0.7118370618481962,0.3319989245070163,0.4405662261718199,0.399121868527478,0.6017903312883333,0.558893618374646,0.7505607621149945,0.334446701819812,0.4338099388700955,0.8811086797957695,0.7702407002188184,0.7597860442499392,0.7444687575978605,0.8305373206904936,0.7048383175297837
pool8227_tr50,8,2,12342,12339,42,22,2335.9324611209217,2312.1468961251217,47.57113674144053,0.0101824726237767,1943.1204260000911,7.438016011384002,8,8,43.62617161849005,0.4173053435482785,0.3680781333980807,0.7606814068770162,0.9480855917631548,0.8605199291022967,0.8299204670773992,0.8118690284101548,0.89507002756082,0.771786431072413,0.0507610440254211,0.0534601174294948,0.3735803663730621,0.4210392236709595,0.0701292753219604,0.0728198215365409,1.0531721412727844,1.1270378787800222,1.038365521420667,0.6981441216843378,0.8351862007678494,0.3853885487241161,0.7001149642442622,0.3482356097353987,0.4430683743136104,0.4390237302310378,0.5943851012839056,0.5526875695948927,0.741486879537675,0.3446448896915636,0.4341883913585526,0.8655482616095308,0.7836129345976173,0.762217359591539,0.7427668368587406,0.8198395331874544,0.7045951859956237
pool8227_tr50,12,0,12342,12339,36,16,2034.4309667873877,2001.0655432192152,66.73085272003333,0.0164003728113308,1743.6261451207297,10.570953372668566,12,12,59.61523483281999,0.3784898482809885,0.3372344359561277,0.7396333307105201,0.9548145366774552,0.8543710004180468,0.8385987205120977,0.8016919071066058,0.8870020561847273,0.7706604476694368,0.0490068793296813,0.0513086281716823,0.3553853631019592,0.3978707492351532,0.07019954174757,0.072134681046009,1.0469678721331457,1.1195473717948397,1.027566266819769,0.7293003366962892,0.843467767946374,0.4049520850450475,0.727706359633316,0.3459111900653783,0.4264578228111247,0.3626193410513207,0.6211793407096464,0.5125624538407956,0.7655419588363597,0.3445052139062797,0.4285959726362233,0.8738147337709701,0.7806953561876976,0.7804522246535376,0.7410649161196207,0.8132749817651349,0.6970581084366643
pool8227_tr50,12,1,12342,12339,35,15,2064.059711989961,2031.8155043211625,64.48841150313461,0.0156217407830857,1779.5849996774307,11.010085660797044,12,12,57.344407494150104,0.3678150691913967,0.3325135049685136,0.7345188449130537,0.9575169441349553,0.8550158044373488,0.8340273981412999,0.8171584548537876,0.8908311564005607,0.7651021755455889,0.0516860000789165,0.0530340149998664,0.3400292098522186,0.3782873451709747,0.0653683990240097,0.0670326724648475,1.026080852046816,1.11251426115828,1.0254599082383304,0.7462897715379755,0.8476171328991094,0.4177264668581149,0.7326488184629916,0.3500289773364783,0.4426360629261687,0.4193037198395858,0.6286725277389078,0.530234588031684,0.7620187559661333,0.335748697199367,0.4429343948042006,0.8743009968392901,0.7736445416970581,0.7697544371504984,0.75006078288354,0.8215414539265743,0.6982737661074642
pool8227_tr50,12,2,12342,12339,37,17,2033.6720708343032,2002.6007159139208,62.14270492909486,0.0152784477633711,1723.3940824992917,10.944009192436305,12,12,53.406318418725675,0.3858856748895494,0.3475566041366064,0.7438036037453772,0.9535755293209672,0.8615210659624818,0.8380411672016782,0.8065334938683323,0.8888366855891149,0.7686830013865533,0.0433783344924449,0.0455458275973796,0.3257447779178619,0.3676623702049255,0.0646861717104911,0.0664827153086662,1.0499671813197944,1.1286823155078585,1.0277732249516272,0.7312269393383037,0.8379417026367403,0.4119414687147117,0.7291281751293599,0.357696185421078,0.4361650921189297,0.3787438377292083,0.6150128266723078,0.5248090880131182,0.7546554803483524,0.3439175832688071,0.4422307609641532,0.8725990761001702,0.7848285922684172,0.7763189885728179,0.7442256260637005,0.8161925601750547,0.7036226598589838
pool8227_tr50,16,0,12342,12339,35,15,1902.378114057946,1866.340021479315,72.07616458161507,0.0189437011598206,1604.7392233418675,15.0924693176435,15,16,59.55641859227256,0.4004080073180722,0.3495930772310031,0.7506884884727358,0.9515314036345476,0.8593241924225716,0.8488817722155909,0.8020044963671549,0.8772396713131018,0.77210020259189,0.0512645170092582,0.0530838146805763,0.3186966180801391,0.3573005497455597,0.067437045276165,0.0692543610930442,1.035488438738036,1.1211306599297304,1.0269483309868794,0.7230097184592198,0.8446062819194686,0.3984747168904142,0.7326632294814945,0.4117735470082263,0.4309033305332368,0.3635114980888589,0.6069176435092758,0.4791422727759882,0.7470008384145261,0.3353325135245369,0.4321652235730087,0.8704108922927304,0.7789934354485777,0.7850717238025772,0.7398492584488208,0.8106005348893751,0.7048383175297837
pool8227_tr50,16,1,12342,12339,39,19,1901.2932821481336,1866.0062966618511,70.57395475516047,0.0185594604785039,1481.895218290813,13.965670000840856,15,16,54.40618569104561,0.3924200560749807,0.336905704335289,0.746714926430089,0.9491195954215368,0.8498684855168552,0.8458180664297105,0.799166602036512,0.8717861473302702,0.7537995437426346,0.0427348725497722,0.0446785204112529,0.2893431484699249,0.3390136361122131,0.0568270310759544,0.0589214973151683,1.0454815410813965,1.171666368825219,1.036856865466269,0.6958875848210972,0.8390568361048013,0.3747348181419195,0.7090984678041785,0.409940044851445,0.4330292460662133,0.365231007133998,0.6200611687466631,0.4681032590284414,0.7412046674952024,0.2858574037676927,0.4432238999005775,0.8631169462679309,0.7714563578896183,0.775346462436178,0.7306102601507416,0.8025771942620958,0.6921954777534646
pool8227_tr50,16,2,12342,12339,38,18,1893.6513154815516,1858.1065798744637,71.08946851621637,0.0187704747927103,1524.8775894085975,13.716544809919952,15,16,56.27556691480469,0.3901939943985966,0.3425185495938252,0.7449445275001967,0.954422026713377,0.8577463496573341,0.8460713062920766,0.8166368422147776,0.8695076979243317,0.7637789913534312,0.0435437820851802,0.0452873334288597,0.2859096229076385,0.3310974836349487,0.0576427727937698,0.0595911405980587,1.040041339088752,1.15804945726471,1.0338007300804144,0.7280300080116824,0.8440002729003746,0.4154931181898653,0.7282593556057931,0.3819732055586581,0.413870346897818,0.4058943481149971,0.6121032223359824,0.4740817864916262,0.7395027402025085,0.3275524209025142,0.4217818896483597,0.8721128130318502,0.7806953561876976,0.7826404084609774,0.7549234135667396,0.8064672988086555,0.6982737661074642
pool8227_tr50,20,0,12342,12339,36,16,1755.7874487051693,1714.925371634528,81.72415449705767,0.0232727926575185,1434.7263343297138,18.435282882384207,19,20,61.12712027714357,0.3854432333367378,0.3455367098943913,0.7434101817609569,0.9563992365444748,0.8507644013324531,0.8490049635958832,0.8027195265667768,0.8679603574394354,0.7689989009721006,0.0389535427093505,0.0405340678989887,0.2558594942092895,0.3001891374588012,0.0516020990908145,0.0535812675952911,1.0405746199114962,1.1732577615949271,1.0383544185090885,0.7369950775963455,0.8399349468714551,0.4119737447922134,0.710288006231062,0.4116227994806408,0.4160514911950889,0.3515763671291982,0.6024670177520606,0.4527100276154054,0.7365702546377748,0.3325514662585943,0.4309692672495644,0.8803792851932896,0.7731582786287381,0.7792365669827377,0.7415511791879407,0.8023340627279358,0.7087284220763433
pool8227_tr50,20,1,12342,12339,37,17,1779.3470304815262,1739.5394705342503,79.61511644551173,0.0223720036504425,1414.418584319594,17.895450515936595,19,20,58.3631300925541,0.390102181691226,0.3364162697905795,0.7457707136674797,0.9583688799184338,0.8568955961327837,0.8498729781007813,0.8136842687681239,0.8699829660133661,0.7686271987651542,0.0393606275320053,0.040927592664957,0.2498355507850647,0.2944614887237549,0.0515053160488605,0.0533836409449577,1.0398104713060683,1.1786212482509433,1.0364685636394368,0.7623827760728967,0.8411190539908697,0.4116589840936883,0.7249719989388993,0.4270964170096306,0.4451075018054965,0.4082541173575357,0.6145088309643829,0.4645430985341734,0.7202344555877132,0.3207988863637224,0.4333672551130505,0.8825674690007294,0.774860199367858,0.7811816192560175,0.7444687575978605,0.8101142718210552,0.7075127644055434
pool8227_tr50,20,2,12342,12339,37,17,1772.890458892664,1732.9108850350651,79.95915135200777,0.0225505052692138,1433.4974186556326,17.064421388985245,19,20,56.45661135612232,0.3601945702006853,0.3259402051518175,0.7301912030844283,0.9580858471310832,0.8543960643073192,0.8429799356472821,0.8081728140978228,0.8667225323418752,0.7614650741796541,0.0402080304920673,0.0416822470724582,0.2461510002613067,0.2892691791057586,0.0548045709729194,0.0567343421280384,1.0366647299643732,1.1751696267684426,1.0352118650116338,0.760738084404024,0.8455381148444323,0.4253331821856742,0.7186277714562794,0.3885620300107806,0.428193191105902,0.3941762471567548,0.6117569014976216,0.4587098298175899,0.7368125672486745,0.326036076415791,0.4331412841642581,0.87478725990761,0.7736445416970581,0.7819110138584975,0.7425237053245806,0.8003890104546559,0.6936542669584245
pool8227_tr50,24,0,12342,12339,42,22,1667.4320656573834,1621.8817681030905,91.10059151130636,0.0273176321500268,1226.3127975859172,20.596984897653687,23,24,58.507299729002845,0.3870302402654896,0.3385622435799422,0.744315052325124,0.959232401839406,0.8536330343952225,0.851259531371477,0.8179432383301586,0.8549389576070323,0.7749021562511231,0.0345655046403408,0.0366555787622928,0.2112976908683776,0.2667250037193298,0.0437471941113472,0.0467736199498176,1.0604670507113838,1.262318592423611,1.0691798845605385,0.7553721019125185,0.8428994219533209,0.4277292487198455,0.7207784001533049,0.4342098562593108,0.442693259949087,0.4124087159507953,0.6000958979439659,0.4236613522435747,0.7266292392993166,0.3404112001466755,0.4156094688846846,0.8832968636032094,0.7721857524920982,0.7855579868708972,0.7515195720884998,0.7967420374422562,0.7114028689521031
pool8227_tr50,24,1,12342,12339,33,13,1675.2402812582222,1628.5774864236307,93.32559241655576,0.0278543900191843,1444.776054738099,20.458307934606506,23,24,69.45599273291408,0.3792640898459326,0.3253391431889985,0.7407742544653395,0.9553333118950382,0.8529000338598957,0.8506589438360803,0.8191671127723688,0.8650319020749118,0.7666868754126083,0.0373853221535682,0.038563210517168,0.2390849441289901,0.2720384895801544,0.0497399345040321,0.0511335134506225,1.0315067062619214,1.1378319557980416,1.028017305621451,0.765549527325144,0.8347388306872346,0.423847899198238,0.6924893315001579,0.4081917173589545,0.452108102543831,0.4176051134433037,0.6114059230208502,0.4620937953494646,0.7256851753383884,0.3142059297826133,0.4271757006868488,0.8721128130318502,0.7707269632871383,0.7845854607342573,0.75054704595186,0.8018477996596158,0.7058108436664235
pool8227_tr50,24,2,12342,12339,37,17,1675.806353396085,1630.5530152790286,90.5066756213885,0.0270039182792568,1344.1271552051287,19.534821422728587,23,24,62.81256878242259,0.3942446997404131,0.3399159691792394,0.7478951923833503,0.9607163732457644,0.8515813422516642,0.8508892478752443,0.814119576505394,0.8663520123938567,0.7683219395099585,0.0355542488396167,0.0370221324265003,0.2235986441373825,0.2675221562385559,0.0489677637815475,0.0512598194181919,1.0412857431893747,1.1964390807047385,1.0468074394180948,0.7698042250226996,0.8400093219941532,0.4131848252420689,0.7163252767979377,0.4228694853744547,0.4131156767219173,0.4114410023759516,0.6109522176480187,0.4546187221258435,0.7287677076245656,0.3274912178926874,0.4188241134865961,0.887186968149769,0.7719426209579382,0.7855579868708972,0.7434962314612206,0.8023340627279358,0.7060539752005836
pool8227_tr50,28,0,12342,12339,39,19,1605.227314924329,1555.1024322509766,100.24975862651291,0.0312260319470964,1246.1463155005265,23.658165567347087,26,28,64.11548971675506,0.3740532687323261,0.3223074712923766,0.7378629317806279,0.9578668927776276,0.8532774109096961,0.8506568157700098,0.8162672680739016,0.8585160002194272,0.7771103794767417,0.0321550145745277,0.0337451696395874,0.2036191821098327,0.2468147277832031,0.0420224927365779,0.0443902388215065,1.0494527863258796,1.212138882131795,1.056344731850415,0.7740276127964453,0.8405483975583952,0.4475693378036067,0.7058905985347752,0.4256370702571291,0.4236239448943619,0.4072000108752334,0.5921778913078803,0.4521821498007538,0.7249381720407506,0.3558118867034709,0.4117930991382168,0.8808655482616096,0.7768052516411379,0.7889618283491369,0.7515195720884998,0.7901774860199368,0.7087284220763433
pool8227_tr50,28,1,12342,12339,37,17,1597.7387662897456,1548.7380053268196,98.00151536378218,0.0306688169658082,1297.3745447662827,23.668817860692055,26,28,64.58183583905372,0.3876969203717324,0.3346643534665681,0.7447084743095445,0.9620955965111068,0.8520715068031909,0.8519913496478762,0.8295577500383051,0.8468948678612842,0.777033059742854,0.035987552255392,0.0375112555921077,0.2193943858146667,0.2579483091831207,0.0483193844556808,0.0499516725540161,1.0423397325248038,1.1757288511522004,1.0337812270732136,0.7769327943408801,0.8408895107347611,0.4432488071525957,0.7101372522790229,0.4345804081470251,0.4313456122966148,0.4452357123779319,0.5988062717466939,0.4294505442000458,0.7164417987533565,0.3467375596841183,0.4085484077901632,0.8830537320690494,0.7704838317529784,0.7806953561876976,0.7551665451008995,0.7906637490882568,0.7099440797471432
pool8227_tr50,28,2,12342,12339,37,17,1597.1499209231044,1547.4599461530777,99.3799440848395,0.0311116517468571,1308.2128403421511,24.21323537416787,26,28,67.36644311300985,0.3803012259195713,0.3341322631418369,0.7406562278700134,0.9570650847726944,0.8606530514575834,0.8521440975013668,0.8159563339758517,0.8644280042145165,0.7741582789336592,0.0352346189320087,0.036868866533041,0.2190250307321548,0.255911648273468,0.0454780124127864,0.0474004931747913,1.0463818724472604,1.1684127947294831,1.042272752479929,0.7769815035021748,0.8448637885611094,0.4486720087998568,0.7032900373401231,0.4204312398979283,0.4189412941361149,0.4195491215748372,0.603712715706863,0.4656413979343906,0.7219565247118966,0.3363455599465805,0.4109100319305904,0.8774617067833698,0.7782640408460978,0.7913931436907367,0.7444687575978605,0.8011184050571359,0.7097009482129832
pool8227_tr50,32,0,12342,12339,42,22,1540.9025529456262,1486.2887190586546,109.22765850403148,0.0354427535420005,1136.778838953206,25.913727861789113,30,32,69.23767921163899,0.3806465918998473,0.3319808842081101,0.7409709654575498,0.9582232256185106,0.8568114192971139,0.8532537657311373,0.821694545908533,0.8510798280144293,0.777979576240568,0.0298889558762311,0.0317341573536396,0.1813115328550338,0.2304785698652267,0.0375302992761135,0.0400268137454986,1.0617352270534075,1.2711743496730787,1.066519972330039,0.7687697385012513,0.8373775792690673,0.4498397537654807,0.6822836725127351,0.4345660404994236,0.4220445357223328,0.4160469901314304,0.5994237422937038,0.4362100260402474,0.6955767674318714,0.3514632750294276,0.4188484407262253,0.8789204959883297,0.7726720155604182,0.7865305130075371,0.7534646243617797,0.788232433746657,0.7111597374179431
pool8227_tr50,32,1,12342,12339,39,19,1552.594175269567,1498.7306253700058,107.7271019733014,0.0346926143398578,1202.6810094013117,28.014182979082264,30,32,66.16912857080777,0.363877602138953,0.3176996309849736,0.7321189708080887,0.9602928880977736,0.8563136882884486,0.8500368391881948,0.8213587843729961,0.8582523564784952,0.7798586585806463,0.0330767668783664,0.0346040874719619,0.1981084644794464,0.2402655780315399,0.0422832109034061,0.0441595762968063,1.0461750266950798,1.2127981440008957,1.044376133063467,0.775404317964691,0.8395243765214083,0.4539655047066656,0.6828003272353615,0.4285395610405554,0.4137763354211785,0.4225689057128913,0.6011867815548906,0.4379081046750409,0.699497679922911,0.3689278537990326,0.4204588426149407,0.87575978604425,0.7799659615852176,0.7819110138584975,0.7466569414053003,0.7964989059080962,0.7070265013372234
pool8227_tr50,32,2,12342,12339,38,18,1544.4069791803706,1492.4992195089865,103.81551665469156,0.0336101552714213,1248.5449196612897,27.21998722169436,30,32,65.7261096257744,0.378208665760526,0.3238998268699456,0.7403021480840349,0.9625096235876734,0.8535881085559606,0.8520183051514333,0.8296738478650295,0.8546639641803917,0.7762151730165006,0.0365184098482131,0.0379556268453598,0.2119750678539276,0.248585045337677,0.0452580191195011,0.046868048608303,1.039355957806496,1.1727088843720874,1.035574457745284,0.7871865910104148,0.8434257101321125,0.4509486285507381,0.704710673739251,0.4343352157995862,0.4323591010482099,0.4444659130942384,0.5921709183999795,0.4340905779670237,0.7003404846134693,0.3507935930278915,0.4177799336702413,0.888645757354729,0.7724288840262582,0.7819110138584975,0.7544371504984196,0.7913931436907367,0.7082421590080233
pool8227_tr50,36,0,12342,12339,42,22,1512.5330839799476,1455.550380410308,113.96540674397365,0.0376736905678081,1138.0354666438127,30.93038456481804,34,36,69.41362067803968,0.382018971413754,0.3276052455715881,0.7421512314108112,0.9588519509163924,0.8504201275326351,0.8514782492731473,0.8246662719498192,0.8385641985514019,0.7775998346729116,0.0300015453249216,0.0317695699632167,0.1783851981163025,0.2226747721433639,0.038237277418375,0.0402552150189876,1.0589311190189432,1.248280543984293,1.0527740921126072,0.779516057266827,0.8333145504492143,0.4547907197048181,0.6879217098664476,0.4331977316412728,0.4046646337808357,0.4297050769672798,0.5939383067261066,0.3998167765033137,0.6882900427377199,0.3657545411846766,0.4000428973258357,0.8803792851932896,0.7675662533430586,0.7828835399951374,0.7641624118648188,0.7814247507901775,0.7031363967906638
pool8227_tr50,36,1,12342,12339,39,19,1504.7783703581656,1448.665305103045,112.22613640029196,0.0372899220215201,1187.1004080500627,28.743299881617844,34,36,68.57802563638859,0.3833198550470519,0.3301062374644158,0.7425839955936738,0.9624904709930406,0.8629915596170615,0.8514794315320752,0.8348240042069501,0.8583024842570401,0.7830703831843057,0.0291192065924406,0.0308216251432895,0.1785507351160049,0.2181182205677032,0.0397702939808368,0.0416570119559764,1.0584637684218674,1.221603598696982,1.0474403829161716,0.7875315131439242,0.8367134093972739,0.4693529525611726,0.6846541266868498,0.4344755181387236,0.4206730595908217,0.4395683886087193,0.5651711157472847,0.4426216027925918,0.6872861748845976,0.3728555483733804,0.3977933925378307,0.8896182834913688,0.7806953561876976,0.7819110138584975,0.7631898857281789,0.7972283005105762,0.7097009482129832
pool8227_tr50,36,2,12342,12339,48,28,1521.362462730605,1464.4041434964986,113.91664325140918,0.0374390212270219,1005.6184354001376,30.54935562132501,34,36,65.4249099022332,0.3903893353191244,0.3342872682164564,0.7464001888425525,0.962378156394886,0.8546608903071794,0.8524550315994167,0.8310738788875038,0.8510297002358844,0.7809581593836363,0.028471628203988,0.0306340884417295,0.1544708460569381,0.2137049287557602,0.035371333360672,0.0386219806969165,1.0759514075643406,1.3834644802617853,1.091900616329574,0.7704572978227773,0.8247597952290953,0.4378333908215898,0.6774950376277532,0.435847634305592,0.4129360977256278,0.4359887054729889,0.5883242408229237,0.4281649739563423,0.686502017611005,0.3466436163530271,0.4009686640629166,0.8876732312180889,0.7724288840262582,0.7862873814733771,0.7585703865791393,0.7926088013615366,0.7152929734986628
pool8227_tr50,40,0,12342,12339,43,23,1482.280978346118,1422.2413415464096,120.0792777303587,0.0405048972891145,1100.2430850014168,32.38164960470763,37,40,68.75236308769891,0.36878098280729,0.3153540731780455,0.7366826658273664,0.9648495504578652,0.8569428864899016,0.8544055223787428,0.8288122175583421,0.8439839099288942,0.780013534500207,0.0335752181708812,0.0355132184922695,0.1860494017601013,0.2306311726570129,0.0436869412660598,0.0459083206951618,1.0577211534866215,1.2396232961522604,1.050847675866649,0.785975529031171,0.8421226151682834,0.4531777056614033,0.684225984711549,0.4435507828242528,0.4252725859784678,0.4313032842381945,0.5906945773718407,0.4241125910878015,0.6902970561929471,0.3671445955752958,0.403162526969221,0.8925358619012886,0.7738876732312181,0.7850717238025772,0.762217359591539,0.7799659615852176,0.7065402382689034
pool8227_tr50,40,1,12342,12339,40,20,1488.4086094199067,1427.8540337913394,121.10915378708914,0.0406841081533925,1134.493550671197,32.56413548192074,37,40,71.90755115677712,0.3600235051553475,0.3084518218320876,0.7305059406719647,0.9622313198360348,0.8544130888358817,0.8522235453013247,0.8284211263049774,0.840858963130546,0.778729128400886,0.029720289632678,0.0313387885689735,0.1735629439353943,0.2149905860424041,0.0381463132798671,0.0404432862997055,1.054457710752453,1.2386894412348213,1.0602148103536555,0.771655022826765,0.8354577043361341,0.4443277501039551,0.6818908001373604,0.4387622958453303,0.4201873588639822,0.4208989869403431,0.5972009122689967,0.4128241904502174,0.6991731392593239,0.3566822545033836,0.4087337823613448,0.8847556528081693,0.775589593970338,0.787989302212497,0.7641624118648188,0.7782640408460978,0.7031363967906638
pool8227_tr50,40,2,12342,12339,42,22,1468.37756695525,1408.806664264264,119.14180024300217,0.040569197981733,1108.215218025168,33.31583336977946,37,40,69.79659285613455,0.1693145388606397,0.1650013388792107,0.5567707923518767,0.9669028977639228,0.8594192460403784,0.8514378160178115,0.8307151815287648,0.8383256186997422,0.7814331910208852,0.0263944827020168,0.0276336818933486,0.1655590385198593,0.2080455869436264,0.035520926117897,0.0375988334417343,1.0469491751485311,1.2566247593825612,1.0584981178964907,0.784726995275441,0.8324241941631,0.4626372907925518,0.6629372215355547,0.429069164650302,0.4267751659915096,0.431806176867008,0.5827809108499125,0.4171837354835205,0.6922271459902531,0.3794637204762686,0.4140704414765863,0.8969122295161682,0.7794796985168977,0.7840991976659373,0.7595429127157792,0.7809384877218575,0.712618526622903
pool8227_tr50,44,0,12342,12339,45,25,1453.70343665879,1390.2961699332598,126.81453598101524,0.0436177464648967,1047.6080162562237,35.18081299236551,40,44,73.20942763092468,0.3707439252134898,0.3171447482908976,0.7362499016445039,0.9634618149282416,0.8612990377358134,0.8534358336060411,0.8291368658599563,0.8481331658624154,0.7795966700022131,0.0287890844047069,0.0307954307645559,0.1543974876403808,0.2026027739048004,0.0353887006640434,0.0380479507148265,1.0696912180896223,1.3122154835621305,1.0751440431800052,0.7820261969294815,0.829254287310886,0.4816752310178179,0.6721565707440079,0.4483091955983755,0.3994250795778714,0.4325143360324306,0.5690647386319894,0.4314121056432427,0.659349987096981,0.367558856049221,0.3898695721104311,0.8947240457087284,0.7819110138584975,0.7867736445416971,0.7573547289083394,0.7848285922684172,0.7065402382689034
pool8227_tr50,44,1,12342,12339,45,25,1461.1550798169071,1398.639060460224,125.03204090731133,0.0427853424118095,1040.9830883599316,36.6030075147198,41,44,73.22512356309551,0.3851759704815763,0.3305395375914823,0.7433708395625147,0.964192687397498,0.8569329555149069,0.8524569232137013,0.8339313987163506,0.8442168149376996,0.7825475882863678,0.0270726606249809,0.0290002468973398,0.155096173286438,0.2040128707885742,0.0338757932186126,0.036468468606472,1.0712004741262942,1.3153959022044657,1.0765347506736709,0.7872658698039672,0.8228560259597286,0.455851488882472,0.647905580585511,0.4383308849032662,0.4188421286552757,0.4326380653405263,0.5636684669213281,0.4170975900321833,0.6678147189849211,0.3771196395763155,0.3800689157020356,0.8920495988329686,0.7804522246535376,0.7816678823243375,0.7634330172623389,0.788232433746657,0.7104303428154631
pool8227_tr50,44,2,12342,12339,52,32,1449.5202185279966,1387.073115847889,124.89420628918268,0.0430812225496216,963.9389390698368,37.50550517883516,41,44,67.78819421836802,0.3845580301251611,0.3291320154368816,0.7434101817609569,0.9645168627955412,0.8594889993171273,0.8521443339531523,0.835609969942249,0.8508027065217186,0.7690320042220831,0.0266489628702402,0.0287744533270597,0.1416830271482467,0.1986066102981567,0.0337102338671684,0.0367023199796676,1.079758843417998,1.4017671297377725,1.0887589841200518,0.7865804418933063,0.8316953241420877,0.4733560895424202,0.68074197664897,0.4416702654263068,0.4095918791502894,0.4427661182132858,0.5776819594450062,0.4429264417714033,0.6830556581373859,0.3462389424314387,0.3739464432272245,0.8930221249696085,0.7819110138584975,0.7809384877218575,0.7673231218088986,0.7911500121565767,0.7067833698030634
pool8227_tr50,48,0,12342,12339,44,24,1438.9790023250284,1373.9743933801203,130.0092180281723,0.0451741192233729,1062.2107355779935,37.637293047997225,44,48,73.62019579773813,0.3504284993121159,0.2995349110598298,0.7260209300495711,0.9655555954896348,0.8675125177575291,0.8550578928551837,0.8329936309347035,0.8523706183119613,0.7827549565023295,0.0292713232338428,0.0310518871992826,0.1597915887832641,0.2062083333730697,0.0344673134386539,0.0370818637311458,1.0608296369527002,1.2904830281947048,1.0758559351353385,0.7839758109450397,0.8393959425405597,0.4926644694579608,0.6956137964161222,0.4511387556733091,0.4356893120273826,0.453199104879425,0.5744311190627363,0.4545235849608945,0.7003554345471693,0.3762739571364261,0.4088098650354326,0.8908339411621687,0.7853148553367372,0.7833698030634574,0.7537077558959397,0.7892049598832969,0.7111597374179431
pool8227_tr50,48,1,12342,12339,41,21,1428.0415956961676,1362.272858930993,131.5374768706801,0.0460551979414564,1106.4648896054282,39.76690666591784,45,48,75.25858639334326,0.3839012454118388,0.3291057091031321,0.7428200487843261,0.9644556217830734,0.8657258880656165,0.8538789442522353,0.8281768716104637,0.8532696080007719,0.785784849682871,0.0307596866041421,0.0324139185249805,0.1736835092306137,0.2145325988531112,0.0372151620686054,0.0392621085047721,1.0537792189539277,1.235192677781855,1.0550030235631718,0.7827985889742026,0.8402971909281877,0.4870095194738554,0.6967360089949148,0.4511730909450118,0.4363277002587884,0.4211986165711212,0.5948194856847229,0.4550007693022571,0.7029034370432945,0.3821097802915777,0.4035303349974428,0.8905908096280087,0.7809384877218575,0.7858011184050572,0.7600291757840992,0.7904206175540968,0.7140773158278628
pool8227_tr50,48,2,12342,12339,50,30,1450.0643716130232,1384.3854166930205,131.35791059108595,0.045293820442932,971.9320136351906,41.10404440323768,44,48,71.59858635803965,0.1641988082211148,0.1551565542493817,0.5523644661263671,0.9632544467122798,0.866100900597561,0.8524460464315643,0.8184459348263213,0.849486852334914,0.7720928725865367,0.0278080161660909,0.029875960201025,0.1416065245866775,0.1962102502584457,0.033703725785017,0.0366952121257782,1.0743650328230063,1.3856017639804807,1.0887583277837802,0.7836554400054893,0.844037647170347,0.4569264459171368,0.6713162241993146,0.4413160311656485,0.4162180779717273,0.4026148310268298,0.5818102805995377,0.4307628888455119,0.6980588252442644,0.3523634507987351,0.4032842313232455,0.887186968149769,0.7848285922684172,0.787989302212497,0.74884512521274,0.7916362752248967,0.7031363967906638
pool8227_tr50,52,0,12342,12339,45,25,1439.1602948440789,1370.4353545984457,137.4498785147395,0.0477534987247605,1035.7258866858606,39.55920632306471,47,52,77.70309016000564,0.3515587270242871,0.3008131380886907,0.7269651428121804,0.966342507032076,0.8653293584211831,0.8594334331475137,0.8427292967545574,0.8580821111928708,0.780890534172958,0.0278170686215162,0.0295564271509647,0.1512290239334106,0.1982164829969406,0.0342102907598018,0.0369753912091255,1.0625284624025098,1.3107039762699226,1.0808265696640245,0.7899912541002959,0.8320142132320325,0.5083090012092601,0.6489076421968994,0.459288619726342,0.4161620530225398,0.4656102665968245,0.5846323193516038,0.4758850190323888,0.6606611480161015,0.3708714167310847,0.3829140971273649,0.8954534403112083,0.7777777777777778,0.7923656698273767,0.7675662533430586,0.7896912229516169,0.7099440797471432
pool8227_tr50,52,1,12342,12339,49,29,1431.879532413779,1362.2635570783073,139.23195007798586,0.048618597778301,976.3313642116408,38.624382161730594,47,52,76.35752721149714,0.3870266628002147,0.3309676678673492,0.7445117633173342,0.9682556384292792,0.8641582127271591,0.8542191983716986,0.8434937453773677,0.863898115763011,0.7760825235647849,0.0252948012202978,0.0272483509033918,0.1398105025291443,0.1921520382165908,0.0317337103188037,0.0344938449561595,1.0772312723899329,1.3743748483883442,1.0869779994090476,0.8083067427993085,0.8308164972982699,0.506769067859476,0.6509780558876079,0.4431949014557126,0.4123310877573071,0.4737084989730451,0.5697337517307033,0.4605295109409006,0.6729888474644152,0.3683062133365476,0.3845981397524145,0.899100413323608,0.7794796985168977,0.7862873814733771,0.7699975686846584,0.7943107221006565,0.7084852905421833
pool8227_tr50,52,2,12342,12339,45,25,1428.5275540524815,1359.175026928205,138.7050563832021,0.0485482607199583,1064.5433597861177,38.221708845398055,47,52,79.96886460444142,0.375022290328921,0.3207035877734823,0.7384924069557007,0.967390934249379,0.8650342665927676,0.8521001174692472,0.8276888351250073,0.869919124031257,0.7836227345554423,0.0303842108696699,0.0323329381644725,0.1569233387708664,0.2013230621814727,0.0372482612729072,0.0395344905555248,1.0641361825443334,1.2829389417684849,1.0613781477172055,0.7919701942020869,0.8235031529976862,0.5037321928189419,0.6597558015708611,0.4432664666211074,0.3982988290143736,0.4496332534859926,0.5792100975492768,0.4860673144056152,0.6808833841652815,0.376981682708427,0.3882824304304156,0.8971553610503282,0.7860442499392171,0.787746170678337,0.7597860442499392,0.8033065888645757,0.7070265013372234
pool8227_tr50,56,0,12342,12339,45,25,1416.029294819412,1343.2805321253643,145.49751935968746,0.0513751799492091,1036.6044444346055,41.057833483140755,51,56,82.45599190863103,0.2778409267859392,0.2400259123359504,0.6810527972303092,0.9681851757971734,0.863209568163375,0.8582138148374442,0.8396977484115169,0.8797065727921551,0.7916538194529829,0.0264107007533311,0.0282632317394018,0.1493633538484573,0.1937008500099182,0.0335021056234836,0.0358974710106849,1.0701431970083934,1.29684320162257,1.07149895036813,0.8023875746407527,0.8335561788969192,0.5180489863198193,0.6783732143142434,0.4626522849394938,0.4154926881680576,0.5050933053918227,0.5613696142805877,0.5085865071636949,0.6860814582575187,0.3952657631219728,0.3842851099816516,0.899586676391928,0.7806953561876976,0.788475565280817,0.7680525164113785,0.8059810357403355,0.7172380257719426
pool8227_tr50,56,1,12342,12339,42,22,1415.027282952027,1343.7575147559603,142.5395374396922,0.0503663565728445,1100.527278287423,41.4273220146654,51,56,81.48726180606297,0.3818856064293363,0.3262692898346038,0.7417578094263908,0.9665229197444808,0.8671060571381011,0.8571791018237052,0.8380208323481176,0.8707261339754734,0.7884201048332636,0.0291638150811195,0.0307910311967134,0.1685557514429092,0.2091234773397445,0.0381317660212516,0.0400845184922218,1.0557957218926188,1.240678384152177,1.051210648619889,0.796655097464142,0.8289676048951395,0.532082638307682,0.6697924687739636,0.4576630320120589,0.4287268576910772,0.4523892521310003,0.5746107547856325,0.4801005897613412,0.6938632086525427,0.401098701798638,0.3919443269827287,0.8927789934354485,0.7775346462436178,0.7867736445416971,0.7614879649890591,0.8028203257962557,0.7162654996353027
pool8227_tr50,56,2,12342,12339,46,26,1424.0209371141818,1352.5331981441518,142.97548102344257,0.050201326800151,1019.4429185304,44.399869960975614,51,56,81.38219547228663,0.3746261858506354,0.3193437058908873,0.738807144543237,0.9673606684208236,0.86802443587333,0.8589777905566832,0.8401034996755881,0.892132114124873,0.7872560526928075,0.0270660426467657,0.0290376991033554,0.1529816836118698,0.2007178515195846,0.0346530228853225,0.0373370386660099,1.0728461298284884,1.3120384531054474,1.0774540157598822,0.7819660378262563,0.8312963532543526,0.4994874325751074,0.6671419939681242,0.4541154578617014,0.4079912664948807,0.4720980580775032,0.5552145338754834,0.5453258003722224,0.6730257923023872,0.3907272168524361,0.3843049395978447,0.8939946511062484,0.7850717238025772,0.7848285922684172,0.7673231218088986,0.8159494286408947,0.7106734743496231
pool8227_tr50,60,0,12342,12339,45,25,1407.4722882206577,1333.6746115412736,147.59535246933063,0.0524327738994271,1021.5262898657606,44.487593379363744,55,60,86.55880582550287,0.262972026856978,0.2282359313515416,0.6692107954992526,0.968369135286362,0.8697382384152812,0.8587803533157161,0.8378217399446514,0.870398175348861,0.7819257200902678,0.0280603673309087,0.0297390166670084,0.1568772196769714,0.202143982052803,0.0350132919847965,0.0372553952038288,1.059822785507536,1.2885489841612514,1.0640357730431589,0.7974556064508336,0.8425030161405851,0.5152272403265434,0.6741250734697394,0.4642114426645564,0.4158371688979151,0.4586544619800142,0.5930638255608196,0.4997191383180696,0.6877445046391553,0.3811312863420678,0.4104976507510331,0.899343544857768,0.7865305130075371,0.7845854607342573,0.7653780695356188,0.798930221249696,0.7138341842937029
pool8227_tr50,60,1,12342,12339,55,35,1431.651182737993,1359.445616410804,144.4111319230628,0.0504351666457483,894.9987021332578,42.36758518962704,53,60,77.30603580818871,0.370713741039864,0.3154789146724897,0.7367613502242505,0.9691052096949015,0.8755384007157869,0.8569677139273886,0.8310154752964631,0.8786538894427116,0.7853185667616889,0.0244336389005184,0.026672089472413,0.1235410124063491,0.1834392845630645,0.0316259376704692,0.0350084230303764,1.0916134752178543,1.484845242806485,1.1069528876946326,0.7975238686857551,0.8461540077000618,0.5459518985957029,0.6948291867978076,0.4605210111021198,0.4208699952754747,0.4521906082001929,0.5615897967806731,0.5212882190617937,0.6926215134367684,0.3849088029560368,0.3956113153087218,0.9042061755409677,0.7916362752248967,0.7906637490882568,0.7568684658400194,0.8079260880136153,0.711889132020423
pool8227_tr50,60,2,12342,12339,48,28,1415.2654029964783,1342.0911058811323,146.34859011951505,0.0517035850739445,998.8280037202984,41.20146994551077,54,60,85.63079979597023,0.376499952016598,0.3240333514877423,0.7388858289401212,0.96906241192171,0.8681348588572002,0.8602428076095858,0.8495450194741692,0.875209023378461,0.7861745222255221,0.0254049077630043,0.0272047612816095,0.1395707875490188,0.1878637224435806,0.0322664566338062,0.0348299518227577,1.070846685821322,1.3460103345594487,1.0794476820942795,0.7987815650154997,0.8375012081303786,0.5181593914735105,0.6828443616913512,0.458922082360378,0.4235931559702333,0.5016683224233851,0.581615399547889,0.499732744788347,0.6860975574992991,0.4014909942291893,0.3996626237098376,0.899100413323608,0.7804522246535376,0.7943107221006565,0.775346462436178,0.8084123510819353,0.7101872112813031
pool8227_tr50,64,0,12342,12339,47,27,1392.3182309007398,1317.1011351748452,150.4341832492018,0.0540229167275243,1010.4134263745244,46.64207001291395,57,64,81.6599502777154,0.3863932332860558,0.3318273761015148,0.7438429459438194,0.966824395771107,0.866279421695681,0.8587091813282539,0.8429463594937283,0.8747060904305126,0.7867590310394988,0.0267388168722391,0.0285244416445493,0.1460425555706024,0.1919220089912414,0.0325058996677398,0.0352410227060318,1.0667802461433564,1.3141512639338826,1.084142357733491,0.7981285097302868,0.8334206551234379,0.5229399629843676,0.6633804221347057,0.4575455499924752,0.4101527190361543,0.4836703515456312,0.5822004251456299,0.5024058661240004,0.6692617403582304,0.3896553975575342,0.3942823816785259,0.8973984925844882,0.7814247507901775,0.7872599076100171,0.7709700948212983,0.799173352783856,0.7060539752005836
pool8227_tr50,64,1,12342,12339,55,35,1430.6090623134155,1354.2367670721342,152.744588762985,0.0533844615131204,900.7284754619698,48.509345230436544,57,64,83.08779336858387,0.380852553268733,0.3253359631272773,0.74116767644976,0.968595892548742,0.8670828848631132,0.8577080444680684,0.8316427818836316,0.8661131960904117,0.782052931150915,0.0253110751509666,0.027572575956583,0.1278570741415023,0.187845841050148,0.0314978286623954,0.0350167788565158,1.0893482711472258,1.4691861385960912,1.1117204056139145,0.7976668901086971,0.8304060478708273,0.5003343997343592,0.6757901914151214,0.4642321546799133,0.4002148012995317,0.4248798005517111,0.5743191796229374,0.4737060836275997,0.679508805433837,0.3810215156375823,0.384339150223033,0.899100413323608,0.787746170678337,0.7855579868708972,0.7668368587405786,0.799902747386336,0.7111597374179431
pool8227_tr50,64,2,12342,12339,48,28,1413.367484690612,1336.604301096862,153.52636791881503,0.054312261157155,988.959561995274,46.0583345705381,58,64,88.94821175888517,0.3744814071627454,0.3193458361164722,0.7386891179479109,0.9677633458116822,0.8695653921600154,0.8620218708443599,0.8397372358597104,0.8743760037378299,0.7957092040276251,0.0288170389831066,0.0306639857590198,0.147942841053009,0.1952332854270935,0.0349733531475067,0.0375230349600315,1.0640921774439065,1.319653482638879,1.0729035560808549,0.7970662625595577,0.8344368516976004,0.5232977244880785,0.6695271026197298,0.4637357467562139,0.4105477253084951,0.4593647056754103,0.5487243400260746,0.5022841576992507,0.6820478766294135,0.3986656644344807,0.385626245063504,0.9039630440068077,0.7831266715292974,0.7909068806224168,0.7714563578896183,0.8013615365912959,0.7179674203744225
pool8227_tr50,68,0,12342,12339,49,29,1394.1052922066012,1317.5058686251468,153.19884696525614,0.05494522107926,989.1725251983484,48.210206468830805,60,68,85.7797534504556,0.3782857542103853,0.3234589849329036,0.740380832480919,0.9686070057826648,0.8746637655608921,0.8590168051013055,0.8406929739770621,0.8747767895144036,0.7865727070324544,0.0270440485328435,0.0289510637521743,0.1465413123369217,0.1965026706457138,0.0338996015489101,0.0364284925162792,1.0705151529740384,1.3409370198208888,1.074599430430485,0.7933351686927541,0.8231971496302395,0.532153265512746,0.6467286802161409,0.4629868797619786,0.4116288551950402,0.4817928776491879,0.565583549379786,0.5063981133802563,0.6650493447026128,0.403744570925285,0.3776551970748552,0.899829807926088,0.7865305130075371,0.7860442499392171,0.761974228057379,0.8076829564794554,0.7138341842937029
pool8227_tr50,68,1,12342,12339,45,25,1424.2233979220218,1343.589573914523,161.26763923921737,0.0566159915541903,1040.6316197844983,52.581519001555876,61,68,95.32221026019916,0.3683538789138706,0.3171832266454482,0.7343614761192856,0.96882974336469,0.8708140940397124,0.8581714899678237,0.8511356306358282,0.8835718501311834,0.7825331647274467,0.030129961669445,0.0317108407616615,0.1532690674066543,0.1981426775455474,0.0337749980390071,0.0362266711890697,1.0524686725313583,1.292776689374864,1.0725884024399082,0.8148682822944764,0.8310061212516746,0.5422880420472957,0.6690752539817155,0.4567881381786915,0.4078241168891544,0.5030977047877081,0.5767925089864473,0.5262750924885651,0.6754519212355385,0.3952336065720007,0.3778519577898337,0.8959397033795283,0.7872599076100171,0.7909068806224168,0.7714563578896183,0.8164356917092147,0.7065402382689034
pool8227_tr50,68,2,12342,12339,50,30,1404.789466897441,1327.0929951247774,155.3929471821365,0.055308268834114,973.2661763719944,51.29697232688775,60,68,90.42151567890558,0.2289810782568101,0.2047566558501089,0.642300731764891,0.9703193896139026,0.876191244095799,0.8573725193843172,0.8484809864390171,0.8885912486356732,0.7832552884806365,0.0286469031125307,0.0304367989301681,0.1412640810012817,0.1910713165998459,0.0331905335187912,0.0357521399855613,1.0624813024502642,1.3525824487408955,1.0771788276714471,0.800028559147519,0.8267598098899026,0.5365925643038211,0.648352365720827,0.4577423987349945,0.3862539169166623,0.5069826368006138,0.5598490125793536,0.5323872206484075,0.6709282260147484,0.3872361522465151,0.3717458979942322,0.900316070994408,0.7913931436907367,0.788475565280817,0.7738876732312181,0.8181376124483345,0.7131047896912229
pool8227_tr50,72,0,12342,12339,45,25,1394.583519021464,1316.044033544669,157.0789870029904,0.0563175256112826,1039.8837365659408,47.94203527757043,63,72,93.00212316166454,0.3674280750030094,0.3135012331583361,0.7346762137068219,0.9689191221396428,0.8706459768201585,0.8590614944887819,0.8504607972397564,0.8896687594226036,0.7859829962791947,0.0297621712088584,0.031547762453556,0.1571119427680969,0.1995624899864196,0.036703024059534,0.038770318031311,1.0599953287066,1.2701930004199702,1.056324894875793,0.8071102463480294,0.8292811383508544,0.5266161718371517,0.6577716268347478,0.4696295496698882,0.3967596923829041,0.500630128860644,0.5544014545413422,0.5265131359603042,0.6497568343294169,0.4002271223368795,0.3751031675886711,0.9037199124726477,0.7862873814733771,0.7911500121565767,0.774617067833698,0.8200826647216144,0.7150498419645028
pool8227_tr50,72,1,12342,12339,46,26,1424.9981490219195,1348.6041555454076,152.78798981898808,0.05360989057081,1020.3797197885464,47.83558776244724,63,72,90.85080237049633,0.367095934918125,0.3126701295888531,0.7351876622865686,0.9674405891243528,0.8763189280600172,0.8579681414322169,0.8410613658590104,0.8893599533906242,0.7922269785812515,0.0270329806953668,0.0289397090673446,0.1471334099769592,0.1932543516159057,0.0342620126903057,0.0367225185036659,1.0705334122590706,1.3134634183097431,1.0718143979339665,0.8070252528726797,0.8295075765455573,0.5621936042573903,0.6610102702156402,0.4662994111214538,0.4146005643435345,0.5052809974623711,0.5826118297845448,0.5588381166637508,0.6559584038693749,0.4140472267758031,0.3846112798872826,0.8973984925844882,0.7938244590323364,0.7889618283491369,0.7697544371504984,0.8166788232433747,0.7184536834427425
pool8227_tr50,72,2,12342,12339,42,22,1409.1212983600833,1331.4839886284865,155.27461821798215,0.0550962569607368,1097.5874562634087,47.107546328292,62,72,93.0254159155282,0.3714376924591288,0.3173396391617687,0.7369580612164608,0.969231474948406,0.8758110296245712,0.8597843275973283,0.8497074618508689,0.8860586135602261,0.7895746989022963,0.0272259283810853,0.0285606794059276,0.1635340005159378,0.202530026435852,0.0358208380639553,0.0380398817360401,1.0490249958113294,1.238458215397927,1.0619484018805725,0.7999039945356493,0.8299979151965718,0.5649541984906403,0.6889901117184822,0.4633661084205694,0.4029816357150787,0.4826109458034321,0.5662552013299416,0.5356509663462189,0.6526853312823191,0.4022191498482909,0.3739975906546475,0.899100413323608,0.7836129345976173,0.7892049598832969,0.7690250425480185,0.8164356917092147,0.7145635788961828
pool8227_tr50,76,0,12342,12339,45,25,1406.490412973987,1323.1963480420682,166.58813199848709,0.0592212112984916,1048.2629381881477,56.000592829312154,66,76,96.64293586166067,0.3620502015499956,0.3084225398646352,0.7326304193878354,0.9706532595351548,0.8791194630085369,0.8614853617428577,0.8521386591102982,0.8931895265100285,0.789147666977522,0.0265017580240964,0.0279959384351968,0.1522551029920578,0.1945375204086303,0.0335711613297462,0.0360757037997245,1.0563804261491565,1.277707719384474,1.0746039865996275,0.805350356663518,0.8324464798737491,0.5541135626563278,0.6852751131493473,0.469665909587018,0.4066075273064716,0.4998278136062519,0.5463218905705929,0.5565700838502445,0.672285189573502,0.4074523139006484,0.3773616190354261,0.9022611232676878,0.7945538536348165,0.7938244590323364,0.7716994894237783,0.8166788232433747,0.7143204473620228
pool8227_tr50,76,1,12342,12339,41,21,1415.2537186380496,1334.3403935407728,161.82663792032034,0.0571723064532196,1127.420419011091,54.00031584784142,66,76,96.61488103302048,0.3766502442271818,0.3225946282806853,0.7392792509245416,0.9687590442807988,0.8798011535063908,0.8578714326519109,0.862218125826399,0.903555099886692,0.793131170209345,0.03115826100111,0.0325797386467456,0.1760395765304565,0.2115753591060638,0.0373206883668899,0.0395030155777931,1.045621212479893,1.2018624634072512,1.058474998892016,0.8103555379012413,0.8221893113558387,0.5657712775177619,0.6833748437164792,0.4573700436203047,0.4102312882443603,0.5340810493059415,0.5913674878389676,0.5737414542991617,0.6795304001309986,0.4064913476167344,0.3917977075300024,0.9008023340627279,0.7972283005105762,0.7860442499392171,0.7845854607342573,0.8232433746656942,0.7208849987843423
pool8227_tr50,76,2,12342,12339,46,26,1412.1204237073196,1334.3384391507957,155.5639681643155,0.0550816933191017,1049.4071688479091,47.46514507732057,66,76,94.18514430810644,0.3764305694881584,0.3241018130149813,0.7386891179479109,0.9668936761442848,0.8787799182444307,0.860026217773986,0.8435209373327104,0.8872087150453326,0.7926336756524651,0.027952205389738,0.0296427328139543,0.1602863073348999,0.2026705294847488,0.0366795994341373,0.0388556905090808,1.0604792144535724,1.264428215076987,1.0593270130676038,0.8050712936926545,0.824814101708185,0.5829250506176227,0.6629921850731305,0.4686683375479571,0.4110153197411748,0.4885643046774783,0.5409990526136019,0.5503700333734334,0.6677595788248881,0.401412530075438,0.3828517028676086,0.8983710187211281,0.7899343544857768,0.7862873814733771,0.7685387794796985,0.8169219547775346,0.7194262095793824
pool8227_tr50,80,0,12342,12339,44,24,1392.8732080014877,1309.5006538351583,166.74511323444585,0.0598565296479102,1061.5460965645746,56.79892749474191,70,80,100.86170008534738,0.3613020762864297,0.3089947922184579,0.7321976552049728,0.970461260685256,0.8772160261345429,0.8586569254836385,0.8442834943412358,0.8877452241468347,0.7867760555680612,0.0261878911405801,0.0279072187840938,0.1468147784471511,0.187902957201004,0.0335465669631958,0.0356252714991569,1.0656535356086556,1.2798640517558206,1.061964747040784,0.8037979157433239,0.8262612174994419,0.5660704977015838,0.6580801809383947,0.4631884528832768,0.4084224540492601,0.4771306103432062,0.5749036756526663,0.5638471785478285,0.6619711181103773,0.4023617608965661,0.3829041210958965,0.9008023340627279,0.7950401167031363,0.7940675905664965,0.7665937272064187,0.8144906394359348,0.712375395088743
pool8227_tr50,80,1,12342,12339,44,24,1407.0879166360965,1325.2336058147214,163.70862923261416,0.0581728500598831,1070.4086023834702,55.32331383046042,70,80,99.10532154786996,0.3781400827636645,0.32388770090007,0.7401054370918246,0.9690356928699384,0.8779431153752302,0.8600687790953923,0.8464921904704256,0.8968214259366801,0.7915450516316118,0.0290656052529811,0.030684158205986,0.1601402014493942,0.2000551521778106,0.0372034423053264,0.0393484607338905,1.0556861946936,1.2492500344520294,1.057656450469288,0.8007125599635231,0.8210997043657293,0.5408789703384972,0.6557429996911652,0.4605645501570881,0.3886483420207174,0.4974966628591907,0.5456984071871229,0.5720939046352627,0.6715052980091445,0.4067060582155756,0.3861985713577555,0.9034767809384877,0.7945538536348165,0.7889618283491369,0.7697544371504984,0.8288353999513737,0.7157792365669827
pool8227_tr50,80,2,12342,12339,45,25,1401.0878219999795,1322.5728672798434,157.029906969614,0.0560385668344166,1055.249706367137,48.68978055039853,67,80,97.2345928687592,0.3679257996504929,0.3134366547163934,0.7356991108663152,0.967609179247478,0.8812728294198986,0.8602967186167003,0.8476621539055214,0.8996739802780295,0.7977932900658093,0.0274639390408992,0.0292304791510105,0.1537245661020279,0.1962314695119857,0.0355211161077022,0.0379263237118721,1.064322168334284,1.2765134063331545,1.0677120504005873,0.8069646552494475,0.8093773714077327,0.5587668842610043,0.6590305999425403,0.4625948259274555,0.4077559940858752,0.5237852768430578,0.5684920733717178,0.5885868552099309,0.6696063473857248,0.4265586105021819,0.3792710836601253,0.8988572817894481,0.7962557743739364,0.7862873814733771,0.7682956479455385,0.8285922684172137,0.7233163141259421
pool8227_tr50,84,0,12342,12339,45,25,1396.94600515415,1314.375661899389,165.14068820933605,0.059107756312543,1044.3130199056832,58.00398616824835,72,84,98.26792510786522,0.3772500941333113,0.3227313515386397,0.739593988512078,0.9676742034885152,0.8730147508081921,0.8563978651241182,0.8484076863854846,0.8976055000576941,0.7868912075876432,0.0284718535840511,0.0301811248064041,0.1512930244207382,0.1937842965126037,0.0337089858949184,0.0360691212117672,1.060033717766463,1.2808541388775432,1.0700150198586822,0.7974594709849109,0.8094871589823709,0.5419758537533883,0.6255835966043191,0.4585101079231328,0.364627313256276,0.5328415742673613,0.5281821167291172,0.556654660305709,0.6454936216989676,0.4012579456889845,0.3625298559078432,0.9005592025285679,0.7848285922684172,0.7870167760758571,0.7743739362995381,0.8305373206904936,0.7097009482129832
pool8227_tr50,84,1,12342,12339,57,37,1404.243367328545,1320.8818841647608,166.7229592318362,0.0593639833137483,887.8492753419233,55.505087843417826,70,84,99.84496464526468,0.3818478440441018,0.3262976416766524,0.741915178220159,0.9708232683689936,0.8765168382045554,0.8556327071459513,0.8538980968468681,0.8883439200679468,0.7910215473783171,0.025461284443736,0.0276554320007562,0.1193659827113151,0.1770726293325424,0.0305208787322044,0.0338419005274772,1.0861758393166998,1.4834429819154584,1.1088114737590635,0.8098401913776558,0.8157381915577061,0.5577266427578138,0.6465970598257875,0.4576257360755784,0.3962645130379876,0.4989551178533896,0.5549446429528588,0.5485037503089096,0.6497194028352016,0.3989515230069299,0.3683664172301406,0.9066374908825675,0.787503039144177,0.7909068806224168,0.7758327255044979,0.8101142718210552,0.7203987357160224
pool8227_tr50,84,2,12342,12339,43,23,1405.1701311496872,1324.2654670359557,161.80933229910897,0.0575764202774109,1066.921987978288,50.91092879130465,71,84,99.6485793777864,0.3702316506846973,0.3153426760247377,0.7365646392320403,0.965150790032706,0.8741142516111824,0.8572081853933329,0.8474389434199251,0.8779904057323478,0.7965074652557746,0.0275520794093608,0.0290446858853101,0.1566375494003296,0.195497378706932,0.0357044041156768,0.0378473475575447,1.054174004574122,1.248087571947935,1.0600190227212591,0.811909590560334,0.8134762128867327,0.543134724978511,0.610053674678346,0.4619340471486198,0.394339941382385,0.4903122221427568,0.5114748469277681,0.5365083076495347,0.6077471219476569,0.4176751728074556,0.3489771079912988,0.899829807926088,0.7899343544857768,0.7926088013615366,0.7765621201069779,0.8047653780695356,0.7167517627036226
pool8227_tr50,88,0,12342,12339,61,41,1396.7995759637863,1316.3759940349994,160.8471703405825,0.0575770399473117,851.2519486975793,51.45845144308021,71,88,94.9895356876166,0.3948862621588957,0.3374579099963723,0.7488394051459596,0.970436669699555,0.8801111417972984,0.858733772313955,0.8462008818705795,0.8871018388382463,0.7917245185368742,0.0240033511072397,0.026406867429614,0.1152501851320266,0.1746618002653122,0.0287745222449302,0.0321616195142269,1.1001325319800623,1.5155012555097036,1.1177116770337834,0.8105924547968786,0.8223759546027428,0.5670946611587793,0.6860011278083726,0.45874241519281,0.3959485559149595,0.484609741006849,0.5305279143851771,0.5517040697578419,0.6605918785344469,0.4047237076468015,0.3719852138508268,0.9085825431558473,0.799173352783856,0.7960126428397764,0.7685387794796985,0.8203257962557744,0.7143204473620228
pool8227_tr50,88,1,12342,12339,46,26,1414.9202293435526,1328.9520924622532,171.93627158841937,0.060758291582377,1041.536240019329,57.28445685906416,76,88,105.85887405045624,0.3792441928092306,0.3247675547448209,0.7406168856715714,0.969247790121612,0.8742769304396679,0.8574656813878396,0.851725341389088,0.8989244281177113,0.7897974364843213,0.025927135720849,0.0276505593210458,0.145698994398117,0.1903883665800094,0.0327702797949314,0.0351263545453548,1.066471808484844,1.3067239576120913,1.0718966931368052,0.8170784140536536,0.8277877706775302,0.5695761918447698,0.6989470914462546,0.4679215369986974,0.4148816532308835,0.5359352231646759,0.5567483912903404,0.5750639354860909,0.6885656926284587,0.4204395119782717,0.3913333725811917,0.9008023340627279,0.7923656698273767,0.7904206175540968,0.7763189885728179,0.8227571115973742,0.7111597374179431
pool8227_tr50,88,2,12342,12339,52,32,1397.9117649849215,1312.342902702371,171.1377324316786,0.0612119220385831,941.4945683454604,58.02474392290402,75,88,101.3585229168018,0.3814304242936814,0.3251562101121592,0.7421905736092533,0.9720866302593972,0.8773406362255486,0.8599630851472339,0.8469736063058853,0.8937837298472144,0.7883744696386448,0.0251997113227844,0.027194295078516,0.1273816078901291,0.1798376739025116,0.0309545863419771,0.0340762995183467,1.0791510557475383,1.41180251121989,1.1008481632376508,0.8095620980711064,0.8214055753121645,0.5559009331680534,0.6569477199613468,0.4639074977527735,0.4024583995369575,0.5229309790111575,0.5435339038442122,0.5616453020097103,0.6620187559339938,0.4151815191206461,0.3641380013908076,0.9083394116216873,0.7816678823243375,0.788475565280817,0.7707269632871383,0.8222708485290542,0.7160223681011427
pool8227_tr50,92,0,12342,12339,47,27,1395.451068384042,1310.6857827142112,169.5305741660953,0.0607440052307695,1031.0197285864638,57.86885194846147,76,92,105.17854321803404,0.3841381339658492,0.3279490230327247,0.7433708395625147,0.9708946768082414,0.8814818527983597,0.8615054601446328,0.8482154510838003,0.8962402274477015,0.7855455604758546,0.0262989494949579,0.0279650799930095,0.1447187215089798,0.1861669868230819,0.0325731597840786,0.0348972119390964,1.063353500046497,1.2864056901686374,1.0713486861705637,0.8108445421745547,0.8077071182717407,0.5655381780781719,0.6624592772270462,0.4677467515476873,0.3962345052048464,0.5263596664571576,0.5628797950212615,0.5698218980821848,0.672650917756824,0.4089786505119562,0.3729622173284319,0.9046924386092876,0.7940675905664965,0.7930950644298566,0.7721857524920982,0.8188670070508145,0.7135910527595429
pool8227_tr50,92,1,12342,12339,46,26,1386.6674894817136,1303.600413821522,166.13415995780667,0.0599041084833122,1042.9114175905218,53.52030941530386,74,92,105.8543679645672,0.381468856465348,0.3263823718744064,0.7417578094263908,0.9702281192246652,0.883055675883242,0.8605397910522861,0.8555660277424152,0.8847363751752106,0.7941580803141594,0.0265582054853439,0.0281283520162105,0.1485504060983657,0.1886944621801376,0.034661553800106,0.0369904488325119,1.0591209572398672,1.270238615538955,1.0671895739538002,0.8176090339665009,0.8218510185136285,0.5946738136731308,0.6662910533589532,0.4643372490659333,0.4006599494802256,0.5343570867971738,0.5653564924496935,0.5550829748762953,0.6507348929947046,0.4173472631310332,0.3603506949806828,0.9044493070751276,0.7955263797714563,0.7892049598832969,0.7821541453926574,0.8161925601750547,0.7131047896912229
pool8227_tr50,92,2,12342,12339,45,25,1388.1544310416582,1302.5067170296309,171.2954360092242,0.0616989838039881,1046.8148557830968,61.130938050870206,79,92,106.82366775689684,0.2649206671977338,0.2292491247194271,0.6703517192540719,0.9674394068654252,0.8780540112626715,0.8607670212182374,0.8532506918579248,0.8935309628884194,0.7943183946247889,0.0265610497444868,0.0284483470022678,0.1491558700799942,0.1897182315587997,0.0359031222760677,0.0380285307765007,1.071055070335568,1.271946128952561,1.0591984308242106,0.8119605588669676,0.8157803287613252,0.5743258483457472,0.679856465625789,0.4662654445815632,0.4120147848434681,0.5179147270872229,0.5454329306289916,0.5604510706863035,0.6649636455579743,0.4195567496630044,0.3747795335096144,0.8978847556528081,0.7930950644298566,0.7901774860199368,0.7792365669827377,0.8193532701191345,0.7179674203744225
pool8227_tr50,96,0,12342,12339,47,27,1408.937586413764,1323.0634173457486,171.7483476035953,0.0609495937515977,1028.9383734668477,58.24594032448059,80,96,106.25057758006636,0.3846188940886754,0.3280357399134095,0.7439609725391455,0.9711469708634652,0.889000073772957,0.8549961789391447,0.8468832817237902,0.9002007948563225,0.7951320252190017,0.027942519634962,0.0296641066670417,0.1482786387205124,0.1925672888755798,0.0349080264568328,0.0373482257127761,1.0616117320331278,1.2986853031376036,1.06990367269719,0.8161054247594764,0.8168681794543653,0.5834630855558087,0.6418796887892227,0.4577441947235113,0.3945636930139964,0.504808661458058,0.5741705391851235,0.5936230603200097,0.6725197888459635,0.422399535717999,0.3745337465326669,0.9044493070751276,0.8050085096036956,0.7848285922684172,0.7704838317529784,0.8234865061998541,0.7167517627036226
pool8227_tr50,96,1,12342,12339,58,38,1410.6880011682065,1321.1014270683645,179.17314076794244,0.0635055877314914,886.255374967743,62.560488811514496,80,96,109.18384465069502,0.3814569544158795,0.3251116735227484,0.7421512314108112,0.9711616308741716,0.8811418351306822,0.8559599564172069,0.855183212301546,0.8871157894935958,0.7900859076627404,0.0262987967580556,0.028641477227211,0.1297633051872253,0.1872705817222595,0.0325778201222419,0.0360591150820255,1.089079378448663,1.4431705592891722,1.1068608932924506,0.8141971986547772,0.8293608548585908,0.5794525465863921,0.6579803617649289,0.4619079145042244,0.3843805396008541,0.5064044652330334,0.5599732258721681,0.5432392636096182,0.6461323771811209,0.4061680182659365,0.3617968148963557,0.9061512278142475,0.7969851689764162,0.7840991976659373,0.7736445416970581,0.8135181132992949,0.7094578166788232
pool8227_tr50,96,2,12342,12339,50,30,1404.8909659113908,1320.2711818872956,169.23956753429354,0.0602322784015684,980.3597638224072,59.2467225271356,76,96,108.87076096981993,0.379675270936727,0.3239980038947853,0.7412857030450861,0.9695703103571556,0.8802977022561285,0.8560370396993091,0.8537063344487552,0.8995864931173614,0.7866552287056252,0.0241180881857872,0.0259960126131773,0.1334511637687683,0.1817690581083297,0.0303175151348114,0.0332720018923282,1.0778637350076845,1.3620642411427912,1.0974514812437397,0.8119502272954507,0.8196982514660454,0.5764626967193779,0.6506718722603895,0.4578302940449215,0.3885696140169737,0.5389103242405904,0.5472464058409766,0.5911698939463497,0.6422403052592157,0.3982432246189707,0.3700189898502174,0.9049355701434476,0.7918794067590567,0.7872599076100171,0.7738876732312181,0.8264040846097739,0.7109166058837831
pool8227_tr50,100,0,12342,12339,61,41,1399.4252003091606,1314.216539531174,170.41732248494046,0.0608883284332483,858.6660943698389,60.02480297603356,79,100,100.06460470900169,0.3917165133766818,0.3343082490220574,0.7473444016051617,0.9707428747618932,0.8774791969719039,0.8556587168423662,0.8468951043130697,0.9006389400150193,0.7859546220649238,0.0248266905546188,0.0271492470055818,0.1185498833656311,0.178473025560379,0.0299797412008047,0.0332512147724628,1.0935507874419823,1.50546774483053,1.1091228089577478,0.8135428149370889,0.8204641326730583,0.5794600621806008,0.6616933147934374,0.4618867655888035,0.3988305693167568,0.5265546548803905,0.547589128673086,0.5797985019917906,0.6537729560614569,0.3957058846454296,0.3562343585901656,0.9022611232676878,0.7923656698273767,0.7855579868708972,0.7690250425480185,0.8242159008023341,0.7101872112813031
pool8227_tr50,100,1,12342,12339,54,34,1398.443327355261,1310.822041407768,175.2425667164857,0.0626562991910335,933.6032061799202,61.43803131402627,80,100,108.3058703383626,0.3817347697969949,0.3266913655640382,0.741993862617043,0.9702569663425068,0.8827771356798176,0.8592960546600863,0.8476638090680206,0.9012518230432668,0.7933531984360134,0.0238476991653442,0.0258582606911659,0.126549944281578,0.1788522750139236,0.0303939394652843,0.0336017087101936,1.0843084069402995,1.413293984673522,1.1055397655369146,0.8215008815915383,0.8236312504591218,0.5841103390095012,0.6717904874771754,0.4689914207889631,0.4039901028976419,0.5180622815823512,0.5526241813284911,0.6027131906843446,0.6587312547198763,0.4158909445414879,0.3820353410938329,0.9032336494043277,0.7950401167031363,0.7916362752248967,0.7697544371504984,0.8276197422805738,0.7157792365669827
pool8227_tr50,100,2,12342,12339,59,39,1375.1637426979185,1288.618425201258,173.09063171228595,0.0629345533715104,874.4195719506456,62.142896498754645,80,100,106.41503468678538,0.3905418785168642,0.3343826204961337,0.7468722952238571,0.9696053052214232,0.878976646130041,0.8607738783200195,0.8489023435209372,0.8802208554258117,0.7875038541641051,0.0245024561882019,0.0265882592648267,0.1226610168814659,0.1787460893392563,0.0316874235868454,0.0348534323275089,1.0851262853243748,1.4572363240065789,1.0999137317676355,0.810709753027017,0.8163516399914506,0.5686103653091299,0.6793522011474808,0.4659585655192221,0.4061758662595313,0.5014739367015585,0.5110742883713391,0.5542036744562084,0.6590041703640439,0.4110997809885709,0.3676433293401598,0.9037199124726477,0.7921225382932167,0.7872599076100171,0.7646486749331388,0.8147337709700948,0.7104303428154631
pool8227_tr50,104,0,12342,12339,43,23,1409.0016342716513,1319.716887162757,178.5695008589196,0.0633673858477799,1113.9038824368015,64.26982205757803,85,104,114.81514408152168,0.3743313542090849,0.3208557760096689,0.7381383271697223,0.96965425074104,0.8805272969399356,0.8570594572201972,0.8464569591543727,0.9004947044258099,0.7931635641039707,0.0310847014188766,0.032385591417551,0.1762123256921768,0.2131307423114776,0.0400621518492698,0.0417443066835403,1.0418498470081623,1.2095109775907116,1.0419886290831164,0.8152744016415968,0.8176600686624536,0.5916355470378356,0.673838353576331,0.4700630429843158,0.4190607886153185,0.5054854178822179,0.5628221332954892,0.5872450510844858,0.6667383589153094,0.4208557768046743,0.373752275253999,0.9017748601993678,0.7969851689764162,0.788232433746657,0.7646486749331388,0.8307804522246536,0.7186968149769025
pool8227_tr50,104,1,12342,12339,55,35,1404.7405832715604,1315.4662366481643,178.5486952233191,0.0635521950543625,909.3885564458184,68.16731603049328,84,104,108.45315477286528,0.3854309613567366,0.3282058992492005,0.7441183413329137,0.9716546328471254,0.8855670302979859,0.8561720536688806,0.853772068045149,0.8989282113462806,0.7904498069607622,0.0241957455873489,0.0262872911989688,0.1268763095140457,0.1825985461473465,0.0295259580016136,0.0327567309141159,1.086442701427376,1.439185509467645,1.109421442390649,0.8236727390203709,0.8170778947574571,0.6008967614692544,0.6635128358980984,0.4660945929159922,0.406985341942891,0.5369911837739912,0.5286655719506255,0.5918142467930667,0.6329484612487399,0.4149331406016462,0.3692672224861683,0.9059080962800875,0.8001458789204959,0.787746170678337,0.7765621201069779,0.8261609530756139,0.712618526622903
pool8227_tr50,104,2,12342,12339,59,39,1396.496673109618,1309.9340540436265,173.12524141301762,0.0619855544747335,887.6896471408983,63.07772374422412,81,104,105.00522709015424,0.1919338307437535,0.1760565922836827,0.598866944684869,0.9697642008213389,0.8813213020359445,0.8585015766605063,0.84807287065709,0.9033801255653562,0.789158543759659,0.0251385048031806,0.027302261441946,0.1241152286529541,0.1822259575128555,0.0309591498225927,0.0343909673392772,1.08607340236447,1.4681998292279528,1.110849863008193,0.8110148543603246,0.8079490811544187,0.5827482921931937,0.6718749606405836,0.4696947349618959,0.4053497888388989,0.5196241369177279,0.5253130508166355,0.5963816234105028,0.6448638326863327,0.4130378162978833,0.3702839768726195,0.9017748601993678,0.799173352783856,0.7870167760758571,0.7768052516411379,0.836129345976173,0.712618526622903
pool8227_tr50,108,0,12342,12339,48,28,1404.397519838007,1318.9954826868875,170.80406829359617,0.0608104422879805,1005.58148604477,59.70595228689612,83,108,113.8022958158841,0.3735988584390697,0.3188276605867145,0.7385710913525848,0.970671466322645,0.8852177910106707,0.8592572765672498,0.8523772389619577,0.9047558020539148,0.7933929223359922,0.0263405758887529,0.0280232243239879,0.1369967013597488,0.182137906551361,0.0321966707706451,0.0347443483769893,1.0638804725584414,1.3295057818441405,1.0791286038389731,0.8235017965827391,0.8268171511543296,0.5960429038306911,0.6902718135120585,0.4668577098107906,0.4074531873969604,0.5059777546418351,0.5616151201160667,0.6144079972173837,0.6828595612416917,0.4149045321108587,0.3816557334539654,0.899586676391928,0.7969851689764162,0.7926088013615366,0.7731582786287381,0.8232433746656942,0.7145635788961828
pool8227_tr50,108,1,12342,12339,57,37,1407.9543223010444,1321.9727069281544,171.96322351169093,0.0610684669345036,902.0374037194129,61.46858350694962,83,108,109.54488858138056,0.3893866131206333,0.3324057555931681,0.7463215044456685,0.970979562999268,0.8813477846359304,0.8589716428102578,0.8552541478372229,0.901300059207527,0.7816143130886468,0.0237762127071619,0.0259641781449317,0.1210798025131225,0.1781283318996429,0.030144739896059,0.0332438983023166,1.0920232950772193,1.4711647046198106,1.1028092601542996,0.8162395623958959,0.8252602279628737,0.5981807935097179,0.6892878059948608,0.459542106851159,0.4109242311378318,0.5330825600518425,0.5251808048859123,0.601880453016592,0.6787585605168536,0.4074747424918157,0.3725391874666047,0.9032336494043277,0.7947969851689765,0.787989302212497,0.7768052516411379,0.8259178215414539,0.7041089229273036
pool8227_tr50,108,2,12342,12339,48,28,1401.40300865371,1312.4525356786855,177.90094780798404,0.0634724438978338,1020.5718978328408,57.921734676462,84,108,115.61035847188546,0.3752141200721792,0.3207969805656907,0.7384530647572586,0.969402666041173,0.8795710859190125,0.8569097832399191,0.8540068646682393,0.8931769945653921,0.7923087908990653,0.0262441430240869,0.0281196907162666,0.1448079645633697,0.1885258555412292,0.0338727235794067,0.0362545549869537,1.071465381455142,1.3019025307736305,1.0703170916257545,0.8162563896829511,0.824785999143604,0.5875366859294645,0.6965990282165216,0.4587932155941876,0.4115870563976258,0.5418032359889395,0.5474755243315761,0.584583287109356,0.6812958632297206,0.4174472730729407,0.3601058473164945,0.9032336494043277,0.7916362752248967,0.7862873814733771,0.7743739362995381,0.8198395331874544,0.7169948942377826
pool8227_tr50,112,0,12342,12339,56,36,1420.3461324266818,1331.3902315129887,177.91180297377196,0.0626297346964325,922.442475788334,66.85272753503533,85,112,111.78423645387024,0.3721375856902092,0.3170565395113425,0.7377449051853018,0.9713032654937398,0.8835855643347477,0.859697549792017,0.8526094346154065,0.9017973173126216,0.7882314163083634,0.0268149208277463,0.0290496703237295,0.1294041723012924,0.1846450567245483,0.0318562313914299,0.0349842086434364,1.083339776027634,1.426886424454988,1.0981904360742445,0.8178324913767965,0.8226212957070856,0.5872087486392282,0.6812625686818061,0.4661079225106181,0.4172741215964126,0.5134402256956311,0.5440727869094393,0.6089238680070692,0.6768405575012766,0.4139996487484235,0.3930547306829648,0.9068806224167274,0.7947969851689765,0.7896912229516169,0.7726720155604182,0.8300510576221736,0.7060539752005836
pool8227_tr50,112,1,12342,12339,47,27,1420.925330759948,1329.6993975861703,182.45186919375405,0.0642017793128661,1039.2921825665885,63.94578267457183,87,112,117.87201543119552,0.2888012073552009,0.2490037814811039,0.6886851837280668,0.9706194469298154,0.8900085406384954,0.8609973252574012,0.8519986796532293,0.910893617504242,0.7886820934116967,0.0279975812882184,0.0298149771988391,0.1469429582357406,0.1904089301824569,0.0344410315155983,0.0367765799164772,1.0649126041250376,1.2958016666370893,1.0678129631460411,0.8358818637796275,0.8375252320290483,0.6028007848514574,0.6924624983887069,0.4710669689678217,0.4263670477019762,0.5448458001041128,0.5607790758394664,0.6291749112012561,0.6777782800703148,0.4188828832029282,0.3841916209647734,0.899586676391928,0.8047653780695356,0.7901774860199368,0.7763189885728179,0.8344274252370533,0.7048383175297837
pool8227_tr50,112,2,12342,12339,45,25,1385.5301333412606,1294.8414664787333,181.377336452662,0.0654541290403876,1059.056461946952,67.27228837986635,91,112,116.81125796096173,0.3824912447364118,0.3273894492415493,0.7425839955936738,0.971288132579462,0.8814139911358954,0.8591416516440966,0.8591428339030246,0.9065301362529768,0.7965013175093494,0.0273610819131135,0.0288830362260341,0.1513046324253082,0.1917929053306579,0.0347525104880332,0.0370442047715187,1.055624785516655,1.2675944037955138,1.0659432729118818,0.8200289596346257,0.8272325130704056,0.5807595172970297,0.6625807359541975,0.4680949439889161,0.4101294682668034,0.5348704651895905,0.5597663024675547,0.612476318046113,0.6826239697111433,0.4162167126264569,0.3838233042751554,0.9059080962800875,0.7943107221006565,0.7850717238025772,0.7736445416970581,0.8358862144420132,0.7152929734986628
pool8227_tr50,116,0,12342,12339,56,36,1383.6226680933505,1293.293020930315,180.65929223095196,0.0652848845764728,912.7946095837212,65.97868942276381,90,116,111.17792501879576,0.2545029569535497,0.2222968839334755,0.6614210402077269,0.9702673702210732,0.8859183976513717,0.8557835633851572,0.851779015944417,0.9053854731589392,0.7891022682346889,0.0234945211559534,0.0255060289055109,0.1220376715064048,0.1749486029148101,0.0300597492605447,0.0330515019595623,1.0856160351685988,1.4335622824926515,1.0995268680748571,0.8204695174908726,0.8127134658305428,0.609939124339726,0.65316939223799,0.4573188774815979,0.3920762072978517,0.5171182636731468,0.5488615683610326,0.6101654538089638,0.6538447285480649,0.4111674584295162,0.3610718168510372,0.9039630440068077,0.7984439581813761,0.7826404084609774,0.7699975686846584,0.8290785314855337,0.712618526622903
pool8227_tr50,116,1,12342,12339,57,37,1399.797044032596,1309.2750302645827,181.04402496654137,0.0646679552241177,921.1539893273864,64.58216354026203,91,116,118.28393097550531,0.3855799465511452,0.3288799846738988,0.7442363679282399,0.9698706041248542,0.8752189543534558,0.8593920540850356,0.8639402041808458,0.9018077211911876,0.793600290551954,0.0243006236851215,0.026508679613471,0.1223626732826232,0.1762381345033645,0.0302128214389085,0.0334927476942539,1.0908641669843813,1.440293267345542,1.108560740081077,0.8218628038695853,0.810455895799771,0.585145855177075,0.642488130638299,0.4674846550322166,0.3974270732459311,0.5483946091221874,0.5523847440258214,0.6044028274619924,0.6460821729106283,0.4210197221746076,0.3745113245639097,0.9022611232676878,0.7940675905664965,0.7938244590323364,0.7799659615852176,0.8212983223924143,0.7145635788961828
pool8227_tr50,116,2,12342,12339,59,39,1390.3248351102047,1303.1080936570245,174.43347766856456,0.0627311954703417,896.6181169420944,61.49280075877627,86,116,111.87546133067345,0.3891509682796918,0.3314449414862223,0.7465968998347627,0.9692503910912534,0.8795597362333041,0.8613881800589807,0.8495216107473957,0.9085257893233508,0.7936442705840737,0.0253795199096202,0.0277013946324586,0.1295862942934036,0.1862631440162658,0.031085304915905,0.0342226214706897,1.0914861562041716,1.437367624654325,1.1009260344485006,0.8150445492387735,0.8115151552801259,0.5749486569957372,0.6520462065870597,0.4734241671203478,0.4007177522254185,0.5297254934212193,0.5338138318973484,0.6160062696782298,0.652281644303426,0.4201236076760383,0.3678679710171361,0.9063943593484075,0.7947969851689765,0.788475565280817,0.7787503039144177,0.8259178215414539,0.7157792365669827
pool8227_tr50,120,0,12342,12339,56,36,1383.2002906601665,1292.9676810150936,180.46521881577883,0.0652346663260866,912.2703468441346,66.33663560708266,93,120,113.97115634667831,0.3855615083066719,0.3293067919272951,0.744315052325124,0.9695722019714405,0.8801797128151193,0.8576955125234325,0.854388024946609,0.9016838204555384,0.7940131353695932,0.0246493201702833,0.0265942737460136,0.1265248656272888,0.1792404055595398,0.0295892767608165,0.0328454077243804,1.0789049581203105,1.4166417381350005,1.110044290365212,0.8170666792341619,0.8089786471864115,0.6031918664111214,0.6596554831209054,0.4596056881878393,0.3964827892220388,0.555093152511326,0.4897134538936942,0.6066655124347018,0.6141447229257657,0.4246970375305743,0.3541561064699716,0.9015317286652079,0.7982008266472161,0.7894480914174569,0.7736445416970581,0.8336980306345733,0.7167517627036226
pool8227_tr50,120,1,12342,12339,55,35,1415.1174340124576,1325.8737380269897,178.4873939869935,0.0630645166153329,942.559112390706,60.53620066033891,90,120,117.86674116402186,0.3850981087565043,0.3295662550031419,0.743606892753167,0.9703723548138748,0.8858562108317618,0.8601579214185594,0.8599366025472479,0.9018817306000768,0.7944278718015166,0.0261627733707427,0.0280490852892398,0.1310785412788391,0.1848766356706619,0.0329200774431228,0.0358063131570816,1.072099081078557,1.4104264044057362,1.0876740256442403,0.8250476679834053,0.7921438933890468,0.6091574250079956,0.6456655017867964,0.4699860545402899,0.3874210549354859,0.5541786115657097,0.5221224974724081,0.6063207309457943,0.6283532929957945,0.4258269718536865,0.3499899627230103,0.9010454655968879,0.7916362752248967,0.7911500121565767,0.774617067833698,0.8205689277899344,0.7157792365669827
pool8227_tr50,120,2,12342,12339,53,33,1382.9124406409387,1294.3056197092324,177.21364192270863,0.0640726183057461,958.643634381072,65.08386469696259,93,120,113.71148636808292,0.3809253455435115,0.3267376607234308,0.7416791250295066,0.9705303046066482,0.8840851869576979,0.8585954480193853,0.8568397935113847,0.9119959557286592,0.7900963115413062,0.0258017946034669,0.0277747474610805,0.1347239315509796,0.1844692081212997,0.0325537100434303,0.0353958010673522,1.076465722169126,1.369238605180524,1.0873046734191063,0.8276865949267924,0.8113959055059322,0.601801663777874,0.6288184015540744,0.466671485560404,0.4061114020247514,0.5501298820503937,0.508458682835513,0.6302352946530815,0.6200380328798591,0.4249963854383356,0.3356705314929417,0.9042061755409677,0.8006321419888159,0.787989302212497,0.7780209093119378,0.8319961098954535,0.7138341842937029
pool8227_tr50,124,0,12342,12339,56,36,1391.4448334688968,1302.6702434164254,177.54918125132824,0.063800294811385,915.4911970227494,66.03610894444715,95,124,117.7170436637774,0.3743958700167102,0.3193174245814019,0.7394366197183099,0.9718447400827392,0.8795490959029526,0.8580097569464807,0.8439028069664372,0.9092280511265508,0.7948113965977426,0.0258379224687814,0.0280637964606285,0.1239528954029083,0.1772576123476028,0.0290782321244478,0.0323467142879962,1.0861475606073374,1.430040111378018,1.1124030563330038,0.8163173103498448,0.8098723105130526,0.599725540275843,0.6690381339898539,0.46787484066602,0.4056054949279917,0.5126030036018993,0.5505568708308184,0.6365894163193018,0.6710708555344366,0.4252713651727288,0.3730950288679898,0.9068806224167274,0.7928519328956966,0.788475565280817,0.7678093848772186,0.8261609530756139,0.7218575249209822
pool8227_tr50,124,1,12342,12339,57,37,1412.7534357574937,1322.0902914729145,181.3262843393909,0.0641747809707542,913.1426358395908,72.01001290815596,93,124,117.59109561730222,0.3852803476962412,0.3290873940936588,0.7441970257297977,0.9687507684683032,0.8863591437797103,0.858214997096372,0.8555511312799229,0.9068417797063836,0.7933080361449657,0.0253237951546907,0.0274949725717306,0.1232040002942085,0.1788856536149978,0.0310323350131511,0.0342079997062683,1.0857366521793912,1.4519467970830715,1.1023340554866827,0.8223971246327745,0.8224681826347237,0.598580943570981,0.6657676687698444,0.4652844559554014,0.3961309705317443,0.5402079351059751,0.5677594914875302,0.6219166114798196,0.6719409242955798,0.426549159317569,0.3722554110324551,0.8973984925844882,0.7986870897155361,0.7904206175540968,0.7763189885728179,0.8305373206904936,0.711646000486263
pool8227_tr50,124,2,12342,12339,49,29,1406.9578047836385,1317.6865220934617,178.54256945199916,0.0634498662954252,1002.2273077297704,66.37771607812556,93,124,117.88872333520465,0.3042158377482371,0.2612329363892592,0.6986781021323472,0.9705525310744936,0.8889679163301171,0.858182839653532,0.8506137815450328,0.9118784391912216,0.7908858240533888,0.0265112742781639,0.028074812144041,0.1410101950168609,0.1875991523265838,0.0339464507997036,0.0363841205835342,1.058976337744918,1.330394247764512,1.071809268020795,0.8147596542954618,0.817965851603168,0.5988761587149728,0.6746453002401036,0.4663594843684389,0.3988253350173206,0.5338335709533708,0.5440474514403335,0.6349833920519321,0.6694441340830302,0.418922633953702,0.3823903624052714,0.9032336494043277,0.8013615365912959,0.7865305130075371,0.775346462436178,0.8358862144420132,0.7199124726477024
pool8227_tr50,128,0,12342,12339,52,32,1396.163182787327,1306.0965369822447,180.1332923019488,0.0645101140318355,972.6194320441527,74.23197389285686,95,128,112.73699743056308,0.3723161356035907,0.3169965295419632,0.7383350381619325,0.9717220216060184,0.887336871913122,0.8561377681599701,0.8566357356204211,0.9098972096797688,0.7896205705487007,0.0279004536569118,0.0297873988747596,0.1370888203382492,0.1867049932479858,0.0322953909635543,0.035385001450777,1.0676313453914168,1.3619272000978273,1.0956672266550147,0.8136893039477858,0.8133930232261855,0.6032220193712521,0.6505497288335345,0.4626577560570498,0.3906752260518412,0.5615089299423213,0.5582721408088269,0.6331424029922126,0.641547305602554,0.4231269638046367,0.3536154431114325,0.9051787016776076,0.8042791150012156,0.7916362752248967,0.7772915147094578,0.8366156090444931,0.7092146851446632
pool8227_tr50,128,1,12342,12339,58,38,1412.8698048171602,1322.916108600834,179.9074013072592,0.0636673669891042,905.749353912828,67.74033899244402,96,128,123.65795192307456,0.3935018003061604,0.3353234088390651,0.7485246675584232,0.9718132919952556,0.8843386632718495,0.8603012112006265,0.8591629323047996,0.903777364565146,0.7916727355958301,0.0245279222726821,0.0265621971338987,0.1216707527637481,0.1787203550338745,0.0311721190810203,0.0343578159809112,1.0829371048473275,1.4688850933708062,1.1021969950650727,0.821983718501718,0.8115846647334963,0.5887481959385332,0.6508568677748856,0.4702740249824237,0.3987792311504374,0.561115269434028,0.5441874809302067,0.6246111501730878,0.6580100645027344,0.4316266948362302,0.355131517419778,0.9034767809384877,0.8008752735229759,0.7894480914174569,0.7780209093119378,0.8234865061998541,0.711889132020423
pool8227_tr50,128,2,12342,12339,48,28,1400.6944380053585,1307.1084087154409,187.17206703937111,0.0668140250277196,1017.8915166508966,70.48747789943386,99,128,126.1554984608837,0.1658135691668799,0.1590242066959475,0.5376111417105988,0.9726831981144388,0.8848002171573198,0.8582925532820453,0.8518218137176083,0.8895971145315701,0.7914010524941879,0.0263983365148305,0.0282980389893054,0.1394397914409637,0.1825663149356842,0.032619722187519,0.0348191261291503,1.0719629615073532,1.309284193909451,1.067425587777472,0.8174453420628104,0.8206217156729828,0.5962533712360014,0.679993089010686,0.4640594932918167,0.3985548527025042,0.5194894366215371,0.5486886783704868,0.5868668458576753,0.640862288539493,0.412834851476921,0.378960653080024,0.9073668854850474,0.8008752735229759,0.7923656698273767,0.774860199367858,0.8195964016532944,0.7167517627036226
